from_candidate_id,from_site_name,to_candidate_id,to_site_name,road_distance_m,from_road_snap_distance_m,to_road_snap_distance_m,from_road_node,to_road_node,route_status
CS-01,Airport_Hub_Site_1,CS-02,Airport_Hub_Site_2,0.0,387.56933574644125,506.34780845964383,Airport_Hub,Airport_Hub,same_road_node
CS-01,Airport_Hub_Site_1,CS-03,Uttara_Sec3_Site_1,2793.7,387.56933574644125,443.31187101564313,Airport_Hub,Uttara_Sec3,routed
CS-01,Airport_Hub_Site_1,CS-04,Uttara_Sec3_Site_2,2793.7,387.56933574644125,131.83159473220599,Airport_Hub,Uttara_Sec3,routed
CS-01,Airport_Hub_Site_1,CS-05,Uttara_Sec11_Site_1,3898.3999999999996,387.56933574644125,521.1013425864372,Airport_Hub,Uttara_Sec11,routed
CS-01,Airport_Hub_Site_1,CS-06,Uttara_Sec11_Site_2,3898.3999999999996,387.56933574644125,444.3265930489434,Airport_Hub,Uttara_Sec11,routed
CS-01,Airport_Hub_Site_1,CS-07,Purbachal_300ft_Site_1,6074.9,387.56933574644125,491.45821785549737,Airport_Hub,Purbachal_300ft,routed
CS-01,Airport_Hub_Site_1,CS-08,Purbachal_300ft_Site_2,6074.9,387.56933574644125,486.0039816801295,Airport_Hub,Purbachal_300ft,routed
CS-01,Airport_Hub_Site_1,CS-09,Baridhara_Diplomatic_Site_1,11189.0,387.56933574644125,480.90203532465125,Airport_Hub,Baridhara_Diplomatic,routed
CS-01,Airport_Hub_Site_1,CS-10,Baridhara_Diplomatic_Site_2,11189.0,387.56933574644125,542.4794717225486,Airport_Hub,Baridhara_Diplomatic,routed
CS-01,Airport_Hub_Site_1,CS-11,Gulshan_2_Site_1,10242.9,387.56933574644125,492.9831332681502,Airport_Hub,Gulshan_2,routed
CS-01,Airport_Hub_Site_1,CS-12,Gulshan_2_Site_2,10242.9,387.56933574644125,259.1007612239219,Airport_Hub,Gulshan_2,routed
CS-01,Airport_Hub_Site_1,CS-13,Gulshan_1_Site_1,8842.199999999999,387.56933574644125,557.8902441687196,Airport_Hub,Gulshan_1,routed
CS-01,Airport_Hub_Site_1,CS-14,Gulshan_1_Site_2,9853.3,387.56933574644125,425.1394136672309,Airport_Hub,Badda_Pragati_Sarani,routed
CS-01,Airport_Hub_Site_1,CS-15,Banani_11_Site_1,11348.5,387.56933574644125,641.5582961789066,Airport_Hub,Banani_11,routed
CS-01,Airport_Hub_Site_1,CS-16,Banani_11_Site_2,11348.5,387.56933574644125,487.73455572103404,Airport_Hub,Banani_11,routed
CS-01,Airport_Hub_Site_1,CS-17,Mohakhali_Terminal_Site_1,7250.9,387.56933574644125,274.0141386731775,Airport_Hub,Mohakhali_Terminal,routed
CS-01,Airport_Hub_Site_1,CS-18,Mohakhali_Terminal_Site_2,7250.9,387.56933574644125,667.4786340706916,Airport_Hub,Mohakhali_Terminal,routed
CS-01,Airport_Hub_Site_1,CS-19,Badda_Pragati_Sarani_Site_1,9853.3,387.56933574644125,376.98291121128,Airport_Hub,Badda_Pragati_Sarani,routed
CS-01,Airport_Hub_Site_1,CS-20,Badda_Pragati_Sarani_Site_2,9853.3,387.56933574644125,376.20287746857207,Airport_Hub,Badda_Pragati_Sarani,routed
CS-01,Airport_Hub_Site_1,CS-21,Hatirjheel_North_Site_1,10771.9,387.56933574644125,468.4064864979258,Airport_Hub,Hatirjheel_North,routed
CS-01,Airport_Hub_Site_1,CS-22,Hatirjheel_North_Site_2,10771.9,387.56933574644125,310.06191853650404,Airport_Hub,Hatirjheel_North,routed
CS-01,Airport_Hub_Site_1,CS-23,Tejgaon_Industrial_Site_1,9285.0,387.56933574644125,90.16608967047486,Airport_Hub,Tejgaon_Industrial,routed
CS-01,Airport_Hub_Site_1,CS-24,Tejgaon_Industrial_Site_2,9285.0,387.56933574644125,557.8967176144448,Airport_Hub,Tejgaon_Industrial,routed
CS-01,Airport_Hub_Site_1,CS-25,Kawran_Bazar_CBD_Site_1,10481.6,387.56933574644125,369.97026595080973,Airport_Hub,Kawran_Bazar_CBD,routed
CS-01,Airport_Hub_Site_1,CS-26,Kawran_Bazar_CBD_Site_2,10481.6,387.56933574644125,491.0807189387636,Airport_Hub,Kawran_Bazar_CBD,routed
CS-01,Airport_Hub_Site_1,CS-27,Farmgate_Hub_Site_1,10368.8,387.56933574644125,456.4519527664829,Airport_Hub,Farmgate_Hub,routed
CS-01,Airport_Hub_Site_1,CS-28,Farmgate_Hub_Site_2,10368.8,387.56933574644125,537.7862263087482,Airport_Hub,Farmgate_Hub,routed
CS-01,Airport_Hub_Site_1,CS-29,Dhanmondi_27_Site_1,11822.0,387.56933574644125,120.8257549786046,Airport_Hub,Dhanmondi_27,routed
CS-01,Airport_Hub_Site_1,CS-30,Dhanmondi_27_Site_2,11822.0,387.56933574644125,475.39463107740454,Airport_Hub,Dhanmondi_27,routed
CS-01,Airport_Hub_Site_1,CS-31,Dhanmondi_8A_Site_1,12478.1,387.56933574644125,616.0715403667175,Airport_Hub,Dhanmondi_8A,routed
CS-01,Airport_Hub_Site_1,CS-32,Dhanmondi_8A_Site_2,12478.1,387.56933574644125,411.70228464318944,Airport_Hub,Dhanmondi_8A,routed
CS-01,Airport_Hub_Site_1,CS-33,Shyamoli_Square_Site_1,14409.7,387.56933574644125,470.0130841296087,Airport_Hub,Shyamoli_Square,routed
CS-01,Airport_Hub_Site_1,CS-34,Shyamoli_Square_Site_2,14409.7,387.56933574644125,359.70204303201245,Airport_Hub,Shyamoli_Square,routed
CS-01,Airport_Hub_Site_1,CS-35,Mohammadpur_Townhall_Site_1,14422.6,387.56933574644125,369.96641661393016,Airport_Hub,Mohammadpur_Townhall,routed
CS-01,Airport_Hub_Site_1,CS-36,Mohammadpur_Townhall_Site_2,14422.6,387.56933574644125,532.4040986980325,Airport_Hub,Mohammadpur_Townhall,routed
CS-01,Airport_Hub_Site_1,CS-37,Mirpur_1_Site_1,13866.0,387.56933574644125,443.88921478801524,Airport_Hub,Mirpur_1,routed
CS-01,Airport_Hub_Site_1,CS-38,Mirpur_1_Site_2,13866.0,387.56933574644125,158.3147182012352,Airport_Hub,Mirpur_1,routed
CS-01,Airport_Hub_Site_1,CS-39,Mirpur_10_Circle_Site_1,11876.9,387.56933574644125,88.58928452209923,Airport_Hub,Mirpur_10_Circle,routed
CS-01,Airport_Hub_Site_1,CS-40,Mirpur_10_Circle_Site_2,11876.9,387.56933574644125,549.4653263343647,Airport_Hub,Mirpur_10_Circle,routed
CS-01,Airport_Hub_Site_1,CS-41,Mirpur_12_Site_1,13825.699999999999,387.56933574644125,536.4117389493025,Airport_Hub,Mirpur_12,routed
CS-01,Airport_Hub_Site_1,CS-42,Mirpur_12_Site_2,13825.699999999999,387.56933574644125,470.6049314333112,Airport_Hub,Mirpur_12,routed
CS-01,Airport_Hub_Site_1,CS-43,Gabtoli_Terminal_Site_1,16664.0,387.56933574644125,419.1719209303812,Airport_Hub,Gabtoli_Terminal,routed
CS-01,Airport_Hub_Site_1,CS-44,Gabtoli_Terminal_Site_2,16664.0,387.56933574644125,263.02616062219164,Airport_Hub,Gabtoli_Terminal,routed
CS-01,Airport_Hub_Site_1,CS-45,Shahbagh_Square_Site_1,12591.5,387.56933574644125,620.452455049284,Airport_Hub,Shahbagh_Square,routed
CS-01,Airport_Hub_Site_1,CS-46,Shahbagh_Square_Site_2,12591.5,387.56933574644125,149.4116807350283,Airport_Hub,Shahbagh_Square,routed
CS-01,Airport_Hub_Site_1,CS-47,Motijheel_CBD_Site_1,14932.5,387.56933574644125,154.02022873663583,Airport_Hub,Motijheel_CBD,routed
CS-01,Airport_Hub_Site_1,CS-48,Motijheel_CBD_Site_2,14932.5,387.56933574644125,523.372989683262,Airport_Hub,Motijheel_CBD,routed
CS-01,Airport_Hub_Site_1,CS-49,Kamalapur_Railway_Site_1,15625.4,387.56933574644125,268.36694973094154,Airport_Hub,Kamalapur_Railway,routed
CS-01,Airport_Hub_Site_1,CS-50,Kamalapur_Railway_Site_2,15625.4,387.56933574644125,183.61956766698643,Airport_Hub,Kamalapur_Railway,routed
CS-01,Airport_Hub_Site_1,CS-51,Old_Dhaka_Lalbagh_Site_1,20896.899999999998,387.56933574644125,545.5895924795998,Airport_Hub,Old_Dhaka_Lalbagh,routed
CS-01,Airport_Hub_Site_1,CS-52,Old_Dhaka_Lalbagh_Site_2,20896.899999999998,387.56933574644125,209.0234518928121,Airport_Hub,Old_Dhaka_Lalbagh,routed
CS-01,Airport_Hub_Site_1,CS-53,Old_Dhaka_Sadarghat_Site_1,18169.3,387.56933574644125,232.38025140077238,Airport_Hub,Old_Dhaka_Sadarghat,routed
CS-01,Airport_Hub_Site_1,CS-54,Old_Dhaka_Sadarghat_Site_2,18169.3,387.56933574644125,465.183542888821,Airport_Hub,Old_Dhaka_Sadarghat,routed
CS-01,Airport_Hub_Site_1,CS-55,Sayedabad_Terminal_Site_1,16828.5,387.56933574644125,475.68383234599094,Airport_Hub,Sayedabad_Terminal,routed
CS-01,Airport_Hub_Site_1,CS-56,Sayedabad_Terminal_Site_2,16828.5,387.56933574644125,354.404933525487,Airport_Hub,Sayedabad_Terminal,routed
CS-01,Airport_Hub_Site_1,CS-57,Jatrabari_Flyover_Hub_Site_1,17918.9,387.56933574644125,358.58247775190324,Airport_Hub,Jatrabari_Flyover_Hub,routed
CS-01,Airport_Hub_Site_1,CS-58,Jatrabari_Flyover_Hub_Site_2,17918.9,387.56933574644125,310.18785958369136,Airport_Hub,Jatrabari_Flyover_Hub,routed
CS-02,Airport_Hub_Site_2,CS-01,Airport_Hub_Site_1,0.0,506.34780845964383,387.56933574644125,Airport_Hub,Airport_Hub,same_road_node
CS-02,Airport_Hub_Site_2,CS-03,Uttara_Sec3_Site_1,2793.7,506.34780845964383,443.31187101564313,Airport_Hub,Uttara_Sec3,routed
CS-02,Airport_Hub_Site_2,CS-04,Uttara_Sec3_Site_2,2793.7,506.34780845964383,131.83159473220599,Airport_Hub,Uttara_Sec3,routed
CS-02,Airport_Hub_Site_2,CS-05,Uttara_Sec11_Site_1,3898.3999999999996,506.34780845964383,521.1013425864372,Airport_Hub,Uttara_Sec11,routed
CS-02,Airport_Hub_Site_2,CS-06,Uttara_Sec11_Site_2,3898.3999999999996,506.34780845964383,444.3265930489434,Airport_Hub,Uttara_Sec11,routed
CS-02,Airport_Hub_Site_2,CS-07,Purbachal_300ft_Site_1,6074.9,506.34780845964383,491.45821785549737,Airport_Hub,Purbachal_300ft,routed
CS-02,Airport_Hub_Site_2,CS-08,Purbachal_300ft_Site_2,6074.9,506.34780845964383,486.0039816801295,Airport_Hub,Purbachal_300ft,routed
CS-02,Airport_Hub_Site_2,CS-09,Baridhara_Diplomatic_Site_1,11189.0,506.34780845964383,480.90203532465125,Airport_Hub,Baridhara_Diplomatic,routed
CS-02,Airport_Hub_Site_2,CS-10,Baridhara_Diplomatic_Site_2,11189.0,506.34780845964383,542.4794717225486,Airport_Hub,Baridhara_Diplomatic,routed
CS-02,Airport_Hub_Site_2,CS-11,Gulshan_2_Site_1,10242.9,506.34780845964383,492.9831332681502,Airport_Hub,Gulshan_2,routed
CS-02,Airport_Hub_Site_2,CS-12,Gulshan_2_Site_2,10242.9,506.34780845964383,259.1007612239219,Airport_Hub,Gulshan_2,routed
CS-02,Airport_Hub_Site_2,CS-13,Gulshan_1_Site_1,8842.199999999999,506.34780845964383,557.8902441687196,Airport_Hub,Gulshan_1,routed
CS-02,Airport_Hub_Site_2,CS-14,Gulshan_1_Site_2,9853.3,506.34780845964383,425.1394136672309,Airport_Hub,Badda_Pragati_Sarani,routed
CS-02,Airport_Hub_Site_2,CS-15,Banani_11_Site_1,11348.5,506.34780845964383,641.5582961789066,Airport_Hub,Banani_11,routed
CS-02,Airport_Hub_Site_2,CS-16,Banani_11_Site_2,11348.5,506.34780845964383,487.73455572103404,Airport_Hub,Banani_11,routed
CS-02,Airport_Hub_Site_2,CS-17,Mohakhali_Terminal_Site_1,7250.9,506.34780845964383,274.0141386731775,Airport_Hub,Mohakhali_Terminal,routed
CS-02,Airport_Hub_Site_2,CS-18,Mohakhali_Terminal_Site_2,7250.9,506.34780845964383,667.4786340706916,Airport_Hub,Mohakhali_Terminal,routed
CS-02,Airport_Hub_Site_2,CS-19,Badda_Pragati_Sarani_Site_1,9853.3,506.34780845964383,376.98291121128,Airport_Hub,Badda_Pragati_Sarani,routed
CS-02,Airport_Hub_Site_2,CS-20,Badda_Pragati_Sarani_Site_2,9853.3,506.34780845964383,376.20287746857207,Airport_Hub,Badda_Pragati_Sarani,routed
CS-02,Airport_Hub_Site_2,CS-21,Hatirjheel_North_Site_1,10771.9,506.34780845964383,468.4064864979258,Airport_Hub,Hatirjheel_North,routed
CS-02,Airport_Hub_Site_2,CS-22,Hatirjheel_North_Site_2,10771.9,506.34780845964383,310.06191853650404,Airport_Hub,Hatirjheel_North,routed
CS-02,Airport_Hub_Site_2,CS-23,Tejgaon_Industrial_Site_1,9285.0,506.34780845964383,90.16608967047486,Airport_Hub,Tejgaon_Industrial,routed
CS-02,Airport_Hub_Site_2,CS-24,Tejgaon_Industrial_Site_2,9285.0,506.34780845964383,557.8967176144448,Airport_Hub,Tejgaon_Industrial,routed
CS-02,Airport_Hub_Site_2,CS-25,Kawran_Bazar_CBD_Site_1,10481.6,506.34780845964383,369.97026595080973,Airport_Hub,Kawran_Bazar_CBD,routed
CS-02,Airport_Hub_Site_2,CS-26,Kawran_Bazar_CBD_Site_2,10481.6,506.34780845964383,491.0807189387636,Airport_Hub,Kawran_Bazar_CBD,routed
CS-02,Airport_Hub_Site_2,CS-27,Farmgate_Hub_Site_1,10368.8,506.34780845964383,456.4519527664829,Airport_Hub,Farmgate_Hub,routed
CS-02,Airport_Hub_Site_2,CS-28,Farmgate_Hub_Site_2,10368.8,506.34780845964383,537.7862263087482,Airport_Hub,Farmgate_Hub,routed
CS-02,Airport_Hub_Site_2,CS-29,Dhanmondi_27_Site_1,11822.0,506.34780845964383,120.8257549786046,Airport_Hub,Dhanmondi_27,routed
CS-02,Airport_Hub_Site_2,CS-30,Dhanmondi_27_Site_2,11822.0,506.34780845964383,475.39463107740454,Airport_Hub,Dhanmondi_27,routed
CS-02,Airport_Hub_Site_2,CS-31,Dhanmondi_8A_Site_1,12478.1,506.34780845964383,616.0715403667175,Airport_Hub,Dhanmondi_8A,routed
CS-02,Airport_Hub_Site_2,CS-32,Dhanmondi_8A_Site_2,12478.1,506.34780845964383,411.70228464318944,Airport_Hub,Dhanmondi_8A,routed
CS-02,Airport_Hub_Site_2,CS-33,Shyamoli_Square_Site_1,14409.7,506.34780845964383,470.0130841296087,Airport_Hub,Shyamoli_Square,routed
CS-02,Airport_Hub_Site_2,CS-34,Shyamoli_Square_Site_2,14409.7,506.34780845964383,359.70204303201245,Airport_Hub,Shyamoli_Square,routed
CS-02,Airport_Hub_Site_2,CS-35,Mohammadpur_Townhall_Site_1,14422.6,506.34780845964383,369.96641661393016,Airport_Hub,Mohammadpur_Townhall,routed
CS-02,Airport_Hub_Site_2,CS-36,Mohammadpur_Townhall_Site_2,14422.6,506.34780845964383,532.4040986980325,Airport_Hub,Mohammadpur_Townhall,routed
CS-02,Airport_Hub_Site_2,CS-37,Mirpur_1_Site_1,13866.0,506.34780845964383,443.88921478801524,Airport_Hub,Mirpur_1,routed
CS-02,Airport_Hub_Site_2,CS-38,Mirpur_1_Site_2,13866.0,506.34780845964383,158.3147182012352,Airport_Hub,Mirpur_1,routed
CS-02,Airport_Hub_Site_2,CS-39,Mirpur_10_Circle_Site_1,11876.9,506.34780845964383,88.58928452209923,Airport_Hub,Mirpur_10_Circle,routed
CS-02,Airport_Hub_Site_2,CS-40,Mirpur_10_Circle_Site_2,11876.9,506.34780845964383,549.4653263343647,Airport_Hub,Mirpur_10_Circle,routed
CS-02,Airport_Hub_Site_2,CS-41,Mirpur_12_Site_1,13825.699999999999,506.34780845964383,536.4117389493025,Airport_Hub,Mirpur_12,routed
CS-02,Airport_Hub_Site_2,CS-42,Mirpur_12_Site_2,13825.699999999999,506.34780845964383,470.6049314333112,Airport_Hub,Mirpur_12,routed
CS-02,Airport_Hub_Site_2,CS-43,Gabtoli_Terminal_Site_1,16664.0,506.34780845964383,419.1719209303812,Airport_Hub,Gabtoli_Terminal,routed
CS-02,Airport_Hub_Site_2,CS-44,Gabtoli_Terminal_Site_2,16664.0,506.34780845964383,263.02616062219164,Airport_Hub,Gabtoli_Terminal,routed
CS-02,Airport_Hub_Site_2,CS-45,Shahbagh_Square_Site_1,12591.5,506.34780845964383,620.452455049284,Airport_Hub,Shahbagh_Square,routed
CS-02,Airport_Hub_Site_2,CS-46,Shahbagh_Square_Site_2,12591.5,506.34780845964383,149.4116807350283,Airport_Hub,Shahbagh_Square,routed
CS-02,Airport_Hub_Site_2,CS-47,Motijheel_CBD_Site_1,14932.5,506.34780845964383,154.02022873663583,Airport_Hub,Motijheel_CBD,routed
CS-02,Airport_Hub_Site_2,CS-48,Motijheel_CBD_Site_2,14932.5,506.34780845964383,523.372989683262,Airport_Hub,Motijheel_CBD,routed
CS-02,Airport_Hub_Site_2,CS-49,Kamalapur_Railway_Site_1,15625.4,506.34780845964383,268.36694973094154,Airport_Hub,Kamalapur_Railway,routed
CS-02,Airport_Hub_Site_2,CS-50,Kamalapur_Railway_Site_2,15625.4,506.34780845964383,183.61956766698643,Airport_Hub,Kamalapur_Railway,routed
CS-02,Airport_Hub_Site_2,CS-51,Old_Dhaka_Lalbagh_Site_1,20896.899999999998,506.34780845964383,545.5895924795998,Airport_Hub,Old_Dhaka_Lalbagh,routed
CS-02,Airport_Hub_Site_2,CS-52,Old_Dhaka_Lalbagh_Site_2,20896.899999999998,506.34780845964383,209.0234518928121,Airport_Hub,Old_Dhaka_Lalbagh,routed
CS-02,Airport_Hub_Site_2,CS-53,Old_Dhaka_Sadarghat_Site_1,18169.3,506.34780845964383,232.38025140077238,Airport_Hub,Old_Dhaka_Sadarghat,routed
CS-02,Airport_Hub_Site_2,CS-54,Old_Dhaka_Sadarghat_Site_2,18169.3,506.34780845964383,465.183542888821,Airport_Hub,Old_Dhaka_Sadarghat,routed
CS-02,Airport_Hub_Site_2,CS-55,Sayedabad_Terminal_Site_1,16828.5,506.34780845964383,475.68383234599094,Airport_Hub,Sayedabad_Terminal,routed
CS-02,Airport_Hub_Site_2,CS-56,Sayedabad_Terminal_Site_2,16828.5,506.34780845964383,354.404933525487,Airport_Hub,Sayedabad_Terminal,routed
CS-02,Airport_Hub_Site_2,CS-57,Jatrabari_Flyover_Hub_Site_1,17918.9,506.34780845964383,358.58247775190324,Airport_Hub,Jatrabari_Flyover_Hub,routed
CS-02,Airport_Hub_Site_2,CS-58,Jatrabari_Flyover_Hub_Site_2,17918.9,506.34780845964383,310.18785958369136,Airport_Hub,Jatrabari_Flyover_Hub,routed
CS-03,Uttara_Sec3_Site_1,CS-01,Airport_Hub_Site_1,2793.7,443.31187101564313,387.56933574644125,Uttara_Sec3,Airport_Hub,routed
CS-03,Uttara_Sec3_Site_1,CS-02,Airport_Hub_Site_2,2793.7,443.31187101564313,506.34780845964383,Uttara_Sec3,Airport_Hub,routed
CS-03,Uttara_Sec3_Site_1,CS-04,Uttara_Sec3_Site_2,0.0,443.31187101564313,131.83159473220599,Uttara_Sec3,Uttara_Sec3,same_road_node
CS-03,Uttara_Sec3_Site_1,CS-05,Uttara_Sec11_Site_1,1104.7,443.31187101564313,521.1013425864372,Uttara_Sec3,Uttara_Sec11,routed
CS-03,Uttara_Sec3_Site_1,CS-06,Uttara_Sec11_Site_2,1104.7,443.31187101564313,444.3265930489434,Uttara_Sec3,Uttara_Sec11,routed
CS-03,Uttara_Sec3_Site_1,CS-07,Purbachal_300ft_Site_1,8868.599999999999,443.31187101564313,491.45821785549737,Uttara_Sec3,Purbachal_300ft,routed
CS-03,Uttara_Sec3_Site_1,CS-08,Purbachal_300ft_Site_2,8868.599999999999,443.31187101564313,486.0039816801295,Uttara_Sec3,Purbachal_300ft,routed
CS-03,Uttara_Sec3_Site_1,CS-09,Baridhara_Diplomatic_Site_1,13982.699999999999,443.31187101564313,480.90203532465125,Uttara_Sec3,Baridhara_Diplomatic,routed
CS-03,Uttara_Sec3_Site_1,CS-10,Baridhara_Diplomatic_Site_2,13982.699999999999,443.31187101564313,542.4794717225486,Uttara_Sec3,Baridhara_Diplomatic,routed
CS-03,Uttara_Sec3_Site_1,CS-11,Gulshan_2_Site_1,13036.599999999999,443.31187101564313,492.9831332681502,Uttara_Sec3,Gulshan_2,routed
CS-03,Uttara_Sec3_Site_1,CS-12,Gulshan_2_Site_2,13036.599999999999,443.31187101564313,259.1007612239219,Uttara_Sec3,Gulshan_2,routed
CS-03,Uttara_Sec3_Site_1,CS-13,Gulshan_1_Site_1,11635.899999999998,443.31187101564313,557.8902441687196,Uttara_Sec3,Gulshan_1,routed
CS-03,Uttara_Sec3_Site_1,CS-14,Gulshan_1_Site_2,12646.999999999998,443.31187101564313,425.1394136672309,Uttara_Sec3,Badda_Pragati_Sarani,routed
CS-03,Uttara_Sec3_Site_1,CS-15,Banani_11_Site_1,14142.199999999999,443.31187101564313,641.5582961789066,Uttara_Sec3,Banani_11,routed
CS-03,Uttara_Sec3_Site_1,CS-16,Banani_11_Site_2,14142.199999999999,443.31187101564313,487.73455572103404,Uttara_Sec3,Banani_11,routed
CS-03,Uttara_Sec3_Site_1,CS-17,Mohakhali_Terminal_Site_1,10044.599999999999,443.31187101564313,274.0141386731775,Uttara_Sec3,Mohakhali_Terminal,routed
CS-03,Uttara_Sec3_Site_1,CS-18,Mohakhali_Terminal_Site_2,10044.599999999999,443.31187101564313,667.4786340706916,Uttara_Sec3,Mohakhali_Terminal,routed
CS-03,Uttara_Sec3_Site_1,CS-19,Badda_Pragati_Sarani_Site_1,12646.999999999998,443.31187101564313,376.98291121128,Uttara_Sec3,Badda_Pragati_Sarani,routed
CS-03,Uttara_Sec3_Site_1,CS-20,Badda_Pragati_Sarani_Site_2,12646.999999999998,443.31187101564313,376.20287746857207,Uttara_Sec3,Badda_Pragati_Sarani,routed
CS-03,Uttara_Sec3_Site_1,CS-21,Hatirjheel_North_Site_1,13565.599999999999,443.31187101564313,468.4064864979258,Uttara_Sec3,Hatirjheel_North,routed
CS-03,Uttara_Sec3_Site_1,CS-22,Hatirjheel_North_Site_2,13565.599999999999,443.31187101564313,310.06191853650404,Uttara_Sec3,Hatirjheel_North,routed
CS-03,Uttara_Sec3_Site_1,CS-23,Tejgaon_Industrial_Site_1,12078.699999999999,443.31187101564313,90.16608967047486,Uttara_Sec3,Tejgaon_Industrial,routed
CS-03,Uttara_Sec3_Site_1,CS-24,Tejgaon_Industrial_Site_2,12078.699999999999,443.31187101564313,557.8967176144448,Uttara_Sec3,Tejgaon_Industrial,routed
CS-03,Uttara_Sec3_Site_1,CS-25,Kawran_Bazar_CBD_Site_1,13275.3,443.31187101564313,369.97026595080973,Uttara_Sec3,Kawran_Bazar_CBD,routed
CS-03,Uttara_Sec3_Site_1,CS-26,Kawran_Bazar_CBD_Site_2,13275.3,443.31187101564313,491.0807189387636,Uttara_Sec3,Kawran_Bazar_CBD,routed
CS-03,Uttara_Sec3_Site_1,CS-27,Farmgate_Hub_Site_1,13162.499999999998,443.31187101564313,456.4519527664829,Uttara_Sec3,Farmgate_Hub,routed
CS-03,Uttara_Sec3_Site_1,CS-28,Farmgate_Hub_Site_2,13162.499999999998,443.31187101564313,537.7862263087482,Uttara_Sec3,Farmgate_Hub,routed
CS-03,Uttara_Sec3_Site_1,CS-29,Dhanmondi_27_Site_1,14615.699999999999,443.31187101564313,120.8257549786046,Uttara_Sec3,Dhanmondi_27,routed
CS-03,Uttara_Sec3_Site_1,CS-30,Dhanmondi_27_Site_2,14615.699999999999,443.31187101564313,475.39463107740454,Uttara_Sec3,Dhanmondi_27,routed
CS-03,Uttara_Sec3_Site_1,CS-31,Dhanmondi_8A_Site_1,15271.8,443.31187101564313,616.0715403667175,Uttara_Sec3,Dhanmondi_8A,routed
CS-03,Uttara_Sec3_Site_1,CS-32,Dhanmondi_8A_Site_2,15271.8,443.31187101564313,411.70228464318944,Uttara_Sec3,Dhanmondi_8A,routed
CS-03,Uttara_Sec3_Site_1,CS-33,Shyamoli_Square_Site_1,17203.399999999998,443.31187101564313,470.0130841296087,Uttara_Sec3,Shyamoli_Square,routed
CS-03,Uttara_Sec3_Site_1,CS-34,Shyamoli_Square_Site_2,17203.399999999998,443.31187101564313,359.70204303201245,Uttara_Sec3,Shyamoli_Square,routed
CS-03,Uttara_Sec3_Site_1,CS-35,Mohammadpur_Townhall_Site_1,17216.3,443.31187101564313,369.96641661393016,Uttara_Sec3,Mohammadpur_Townhall,routed
CS-03,Uttara_Sec3_Site_1,CS-36,Mohammadpur_Townhall_Site_2,17216.3,443.31187101564313,532.4040986980325,Uttara_Sec3,Mohammadpur_Townhall,routed
CS-03,Uttara_Sec3_Site_1,CS-37,Mirpur_1_Site_1,16659.699999999997,443.31187101564313,443.88921478801524,Uttara_Sec3,Mirpur_1,routed
CS-03,Uttara_Sec3_Site_1,CS-38,Mirpur_1_Site_2,16659.699999999997,443.31187101564313,158.3147182012352,Uttara_Sec3,Mirpur_1,routed
CS-03,Uttara_Sec3_Site_1,CS-39,Mirpur_10_Circle_Site_1,14670.599999999999,443.31187101564313,88.58928452209923,Uttara_Sec3,Mirpur_10_Circle,routed
CS-03,Uttara_Sec3_Site_1,CS-40,Mirpur_10_Circle_Site_2,14670.599999999999,443.31187101564313,549.4653263343647,Uttara_Sec3,Mirpur_10_Circle,routed
CS-03,Uttara_Sec3_Site_1,CS-41,Mirpur_12_Site_1,16619.399999999998,443.31187101564313,536.4117389493025,Uttara_Sec3,Mirpur_12,routed
CS-03,Uttara_Sec3_Site_1,CS-42,Mirpur_12_Site_2,16619.399999999998,443.31187101564313,470.6049314333112,Uttara_Sec3,Mirpur_12,routed
CS-03,Uttara_Sec3_Site_1,CS-43,Gabtoli_Terminal_Site_1,19457.699999999997,443.31187101564313,419.1719209303812,Uttara_Sec3,Gabtoli_Terminal,routed
CS-03,Uttara_Sec3_Site_1,CS-44,Gabtoli_Terminal_Site_2,19457.699999999997,443.31187101564313,263.02616062219164,Uttara_Sec3,Gabtoli_Terminal,routed
CS-03,Uttara_Sec3_Site_1,CS-45,Shahbagh_Square_Site_1,15385.199999999997,443.31187101564313,620.452455049284,Uttara_Sec3,Shahbagh_Square,routed
CS-03,Uttara_Sec3_Site_1,CS-46,Shahbagh_Square_Site_2,15385.199999999997,443.31187101564313,149.4116807350283,Uttara_Sec3,Shahbagh_Square,routed
CS-03,Uttara_Sec3_Site_1,CS-47,Motijheel_CBD_Site_1,17726.199999999997,443.31187101564313,154.02022873663583,Uttara_Sec3,Motijheel_CBD,routed
CS-03,Uttara_Sec3_Site_1,CS-48,Motijheel_CBD_Site_2,17726.199999999997,443.31187101564313,523.372989683262,Uttara_Sec3,Motijheel_CBD,routed
CS-03,Uttara_Sec3_Site_1,CS-49,Kamalapur_Railway_Site_1,18419.1,443.31187101564313,268.36694973094154,Uttara_Sec3,Kamalapur_Railway,routed
CS-03,Uttara_Sec3_Site_1,CS-50,Kamalapur_Railway_Site_2,18419.1,443.31187101564313,183.61956766698643,Uttara_Sec3,Kamalapur_Railway,routed
CS-03,Uttara_Sec3_Site_1,CS-51,Old_Dhaka_Lalbagh_Site_1,23690.599999999995,443.31187101564313,545.5895924795998,Uttara_Sec3,Old_Dhaka_Lalbagh,routed
CS-03,Uttara_Sec3_Site_1,CS-52,Old_Dhaka_Lalbagh_Site_2,23690.599999999995,443.31187101564313,209.0234518928121,Uttara_Sec3,Old_Dhaka_Lalbagh,routed
CS-03,Uttara_Sec3_Site_1,CS-53,Old_Dhaka_Sadarghat_Site_1,20962.999999999996,443.31187101564313,232.38025140077238,Uttara_Sec3,Old_Dhaka_Sadarghat,routed
CS-03,Uttara_Sec3_Site_1,CS-54,Old_Dhaka_Sadarghat_Site_2,20962.999999999996,443.31187101564313,465.183542888821,Uttara_Sec3,Old_Dhaka_Sadarghat,routed
CS-03,Uttara_Sec3_Site_1,CS-55,Sayedabad_Terminal_Site_1,19622.199999999997,443.31187101564313,475.68383234599094,Uttara_Sec3,Sayedabad_Terminal,routed
CS-03,Uttara_Sec3_Site_1,CS-56,Sayedabad_Terminal_Site_2,19622.199999999997,443.31187101564313,354.404933525487,Uttara_Sec3,Sayedabad_Terminal,routed
CS-03,Uttara_Sec3_Site_1,CS-57,Jatrabari_Flyover_Hub_Site_1,20712.6,443.31187101564313,358.58247775190324,Uttara_Sec3,Jatrabari_Flyover_Hub,routed
CS-03,Uttara_Sec3_Site_1,CS-58,Jatrabari_Flyover_Hub_Site_2,20712.6,443.31187101564313,310.18785958369136,Uttara_Sec3,Jatrabari_Flyover_Hub,routed
CS-04,Uttara_Sec3_Site_2,CS-01,Airport_Hub_Site_1,2793.7,131.83159473220599,387.56933574644125,Uttara_Sec3,Airport_Hub,routed
CS-04,Uttara_Sec3_Site_2,CS-02,Airport_Hub_Site_2,2793.7,131.83159473220599,506.34780845964383,Uttara_Sec3,Airport_Hub,routed
CS-04,Uttara_Sec3_Site_2,CS-03,Uttara_Sec3_Site_1,0.0,131.83159473220599,443.31187101564313,Uttara_Sec3,Uttara_Sec3,same_road_node
CS-04,Uttara_Sec3_Site_2,CS-05,Uttara_Sec11_Site_1,1104.7,131.83159473220599,521.1013425864372,Uttara_Sec3,Uttara_Sec11,routed
CS-04,Uttara_Sec3_Site_2,CS-06,Uttara_Sec11_Site_2,1104.7,131.83159473220599,444.3265930489434,Uttara_Sec3,Uttara_Sec11,routed
CS-04,Uttara_Sec3_Site_2,CS-07,Purbachal_300ft_Site_1,8868.599999999999,131.83159473220599,491.45821785549737,Uttara_Sec3,Purbachal_300ft,routed
CS-04,Uttara_Sec3_Site_2,CS-08,Purbachal_300ft_Site_2,8868.599999999999,131.83159473220599,486.0039816801295,Uttara_Sec3,Purbachal_300ft,routed
CS-04,Uttara_Sec3_Site_2,CS-09,Baridhara_Diplomatic_Site_1,13982.699999999999,131.83159473220599,480.90203532465125,Uttara_Sec3,Baridhara_Diplomatic,routed
CS-04,Uttara_Sec3_Site_2,CS-10,Baridhara_Diplomatic_Site_2,13982.699999999999,131.83159473220599,542.4794717225486,Uttara_Sec3,Baridhara_Diplomatic,routed
CS-04,Uttara_Sec3_Site_2,CS-11,Gulshan_2_Site_1,13036.599999999999,131.83159473220599,492.9831332681502,Uttara_Sec3,Gulshan_2,routed
CS-04,Uttara_Sec3_Site_2,CS-12,Gulshan_2_Site_2,13036.599999999999,131.83159473220599,259.1007612239219,Uttara_Sec3,Gulshan_2,routed
CS-04,Uttara_Sec3_Site_2,CS-13,Gulshan_1_Site_1,11635.899999999998,131.83159473220599,557.8902441687196,Uttara_Sec3,Gulshan_1,routed
CS-04,Uttara_Sec3_Site_2,CS-14,Gulshan_1_Site_2,12646.999999999998,131.83159473220599,425.1394136672309,Uttara_Sec3,Badda_Pragati_Sarani,routed
CS-04,Uttara_Sec3_Site_2,CS-15,Banani_11_Site_1,14142.199999999999,131.83159473220599,641.5582961789066,Uttara_Sec3,Banani_11,routed
CS-04,Uttara_Sec3_Site_2,CS-16,Banani_11_Site_2,14142.199999999999,131.83159473220599,487.73455572103404,Uttara_Sec3,Banani_11,routed
CS-04,Uttara_Sec3_Site_2,CS-17,Mohakhali_Terminal_Site_1,10044.599999999999,131.83159473220599,274.0141386731775,Uttara_Sec3,Mohakhali_Terminal,routed
CS-04,Uttara_Sec3_Site_2,CS-18,Mohakhali_Terminal_Site_2,10044.599999999999,131.83159473220599,667.4786340706916,Uttara_Sec3,Mohakhali_Terminal,routed
CS-04,Uttara_Sec3_Site_2,CS-19,Badda_Pragati_Sarani_Site_1,12646.999999999998,131.83159473220599,376.98291121128,Uttara_Sec3,Badda_Pragati_Sarani,routed
CS-04,Uttara_Sec3_Site_2,CS-20,Badda_Pragati_Sarani_Site_2,12646.999999999998,131.83159473220599,376.20287746857207,Uttara_Sec3,Badda_Pragati_Sarani,routed
CS-04,Uttara_Sec3_Site_2,CS-21,Hatirjheel_North_Site_1,13565.599999999999,131.83159473220599,468.4064864979258,Uttara_Sec3,Hatirjheel_North,routed
CS-04,Uttara_Sec3_Site_2,CS-22,Hatirjheel_North_Site_2,13565.599999999999,131.83159473220599,310.06191853650404,Uttara_Sec3,Hatirjheel_North,routed
CS-04,Uttara_Sec3_Site_2,CS-23,Tejgaon_Industrial_Site_1,12078.699999999999,131.83159473220599,90.16608967047486,Uttara_Sec3,Tejgaon_Industrial,routed
CS-04,Uttara_Sec3_Site_2,CS-24,Tejgaon_Industrial_Site_2,12078.699999999999,131.83159473220599,557.8967176144448,Uttara_Sec3,Tejgaon_Industrial,routed
CS-04,Uttara_Sec3_Site_2,CS-25,Kawran_Bazar_CBD_Site_1,13275.3,131.83159473220599,369.97026595080973,Uttara_Sec3,Kawran_Bazar_CBD,routed
CS-04,Uttara_Sec3_Site_2,CS-26,Kawran_Bazar_CBD_Site_2,13275.3,131.83159473220599,491.0807189387636,Uttara_Sec3,Kawran_Bazar_CBD,routed
CS-04,Uttara_Sec3_Site_2,CS-27,Farmgate_Hub_Site_1,13162.499999999998,131.83159473220599,456.4519527664829,Uttara_Sec3,Farmgate_Hub,routed
CS-04,Uttara_Sec3_Site_2,CS-28,Farmgate_Hub_Site_2,13162.499999999998,131.83159473220599,537.7862263087482,Uttara_Sec3,Farmgate_Hub,routed
CS-04,Uttara_Sec3_Site_2,CS-29,Dhanmondi_27_Site_1,14615.699999999999,131.83159473220599,120.8257549786046,Uttara_Sec3,Dhanmondi_27,routed
CS-04,Uttara_Sec3_Site_2,CS-30,Dhanmondi_27_Site_2,14615.699999999999,131.83159473220599,475.39463107740454,Uttara_Sec3,Dhanmondi_27,routed
CS-04,Uttara_Sec3_Site_2,CS-31,Dhanmondi_8A_Site_1,15271.8,131.83159473220599,616.0715403667175,Uttara_Sec3,Dhanmondi_8A,routed
CS-04,Uttara_Sec3_Site_2,CS-32,Dhanmondi_8A_Site_2,15271.8,131.83159473220599,411.70228464318944,Uttara_Sec3,Dhanmondi_8A,routed
CS-04,Uttara_Sec3_Site_2,CS-33,Shyamoli_Square_Site_1,17203.399999999998,131.83159473220599,470.0130841296087,Uttara_Sec3,Shyamoli_Square,routed
CS-04,Uttara_Sec3_Site_2,CS-34,Shyamoli_Square_Site_2,17203.399999999998,131.83159473220599,359.70204303201245,Uttara_Sec3,Shyamoli_Square,routed
CS-04,Uttara_Sec3_Site_2,CS-35,Mohammadpur_Townhall_Site_1,17216.3,131.83159473220599,369.96641661393016,Uttara_Sec3,Mohammadpur_Townhall,routed
CS-04,Uttara_Sec3_Site_2,CS-36,Mohammadpur_Townhall_Site_2,17216.3,131.83159473220599,532.4040986980325,Uttara_Sec3,Mohammadpur_Townhall,routed
CS-04,Uttara_Sec3_Site_2,CS-37,Mirpur_1_Site_1,16659.699999999997,131.83159473220599,443.88921478801524,Uttara_Sec3,Mirpur_1,routed
CS-04,Uttara_Sec3_Site_2,CS-38,Mirpur_1_Site_2,16659.699999999997,131.83159473220599,158.3147182012352,Uttara_Sec3,Mirpur_1,routed
CS-04,Uttara_Sec3_Site_2,CS-39,Mirpur_10_Circle_Site_1,14670.599999999999,131.83159473220599,88.58928452209923,Uttara_Sec3,Mirpur_10_Circle,routed
CS-04,Uttara_Sec3_Site_2,CS-40,Mirpur_10_Circle_Site_2,14670.599999999999,131.83159473220599,549.4653263343647,Uttara_Sec3,Mirpur_10_Circle,routed
CS-04,Uttara_Sec3_Site_2,CS-41,Mirpur_12_Site_1,16619.399999999998,131.83159473220599,536.4117389493025,Uttara_Sec3,Mirpur_12,routed
CS-04,Uttara_Sec3_Site_2,CS-42,Mirpur_12_Site_2,16619.399999999998,131.83159473220599,470.6049314333112,Uttara_Sec3,Mirpur_12,routed
CS-04,Uttara_Sec3_Site_2,CS-43,Gabtoli_Terminal_Site_1,19457.699999999997,131.83159473220599,419.1719209303812,Uttara_Sec3,Gabtoli_Terminal,routed
CS-04,Uttara_Sec3_Site_2,CS-44,Gabtoli_Terminal_Site_2,19457.699999999997,131.83159473220599,263.02616062219164,Uttara_Sec3,Gabtoli_Terminal,routed
CS-04,Uttara_Sec3_Site_2,CS-45,Shahbagh_Square_Site_1,15385.199999999997,131.83159473220599,620.452455049284,Uttara_Sec3,Shahbagh_Square,routed
CS-04,Uttara_Sec3_Site_2,CS-46,Shahbagh_Square_Site_2,15385.199999999997,131.83159473220599,149.4116807350283,Uttara_Sec3,Shahbagh_Square,routed
CS-04,Uttara_Sec3_Site_2,CS-47,Motijheel_CBD_Site_1,17726.199999999997,131.83159473220599,154.02022873663583,Uttara_Sec3,Motijheel_CBD,routed
CS-04,Uttara_Sec3_Site_2,CS-48,Motijheel_CBD_Site_2,17726.199999999997,131.83159473220599,523.372989683262,Uttara_Sec3,Motijheel_CBD,routed
CS-04,Uttara_Sec3_Site_2,CS-49,Kamalapur_Railway_Site_1,18419.1,131.83159473220599,268.36694973094154,Uttara_Sec3,Kamalapur_Railway,routed
CS-04,Uttara_Sec3_Site_2,CS-50,Kamalapur_Railway_Site_2,18419.1,131.83159473220599,183.61956766698643,Uttara_Sec3,Kamalapur_Railway,routed
CS-04,Uttara_Sec3_Site_2,CS-51,Old_Dhaka_Lalbagh_Site_1,23690.599999999995,131.83159473220599,545.5895924795998,Uttara_Sec3,Old_Dhaka_Lalbagh,routed
CS-04,Uttara_Sec3_Site_2,CS-52,Old_Dhaka_Lalbagh_Site_2,23690.599999999995,131.83159473220599,209.0234518928121,Uttara_Sec3,Old_Dhaka_Lalbagh,routed
CS-04,Uttara_Sec3_Site_2,CS-53,Old_Dhaka_Sadarghat_Site_1,20962.999999999996,131.83159473220599,232.38025140077238,Uttara_Sec3,Old_Dhaka_Sadarghat,routed
CS-04,Uttara_Sec3_Site_2,CS-54,Old_Dhaka_Sadarghat_Site_2,20962.999999999996,131.83159473220599,465.183542888821,Uttara_Sec3,Old_Dhaka_Sadarghat,routed
CS-04,Uttara_Sec3_Site_2,CS-55,Sayedabad_Terminal_Site_1,19622.199999999997,131.83159473220599,475.68383234599094,Uttara_Sec3,Sayedabad_Terminal,routed
CS-04,Uttara_Sec3_Site_2,CS-56,Sayedabad_Terminal_Site_2,19622.199999999997,131.83159473220599,354.404933525487,Uttara_Sec3,Sayedabad_Terminal,routed
CS-04,Uttara_Sec3_Site_2,CS-57,Jatrabari_Flyover_Hub_Site_1,20712.6,131.83159473220599,358.58247775190324,Uttara_Sec3,Jatrabari_Flyover_Hub,routed
CS-04,Uttara_Sec3_Site_2,CS-58,Jatrabari_Flyover_Hub_Site_2,20712.6,131.83159473220599,310.18785958369136,Uttara_Sec3,Jatrabari_Flyover_Hub,routed
CS-05,Uttara_Sec11_Site_1,CS-01,Airport_Hub_Site_1,3898.3999999999996,521.1013425864372,387.56933574644125,Uttara_Sec11,Airport_Hub,routed
CS-05,Uttara_Sec11_Site_1,CS-02,Airport_Hub_Site_2,3898.3999999999996,521.1013425864372,506.34780845964383,Uttara_Sec11,Airport_Hub,routed
CS-05,Uttara_Sec11_Site_1,CS-03,Uttara_Sec3_Site_1,1104.7,521.1013425864372,443.31187101564313,Uttara_Sec11,Uttara_Sec3,routed
CS-05,Uttara_Sec11_Site_1,CS-04,Uttara_Sec3_Site_2,1104.7,521.1013425864372,131.83159473220599,Uttara_Sec11,Uttara_Sec3,routed
CS-05,Uttara_Sec11_Site_1,CS-06,Uttara_Sec11_Site_2,0.0,521.1013425864372,444.3265930489434,Uttara_Sec11,Uttara_Sec11,same_road_node
CS-05,Uttara_Sec11_Site_1,CS-07,Purbachal_300ft_Site_1,9973.3,521.1013425864372,491.45821785549737,Uttara_Sec11,Purbachal_300ft,routed
CS-05,Uttara_Sec11_Site_1,CS-08,Purbachal_300ft_Site_2,9973.3,521.1013425864372,486.0039816801295,Uttara_Sec11,Purbachal_300ft,routed
CS-05,Uttara_Sec11_Site_1,CS-09,Baridhara_Diplomatic_Site_1,15087.4,521.1013425864372,480.90203532465125,Uttara_Sec11,Baridhara_Diplomatic,routed
CS-05,Uttara_Sec11_Site_1,CS-10,Baridhara_Diplomatic_Site_2,15087.4,521.1013425864372,542.4794717225486,Uttara_Sec11,Baridhara_Diplomatic,routed
CS-05,Uttara_Sec11_Site_1,CS-11,Gulshan_2_Site_1,14141.3,521.1013425864372,492.9831332681502,Uttara_Sec11,Gulshan_2,routed
CS-05,Uttara_Sec11_Site_1,CS-12,Gulshan_2_Site_2,14141.3,521.1013425864372,259.1007612239219,Uttara_Sec11,Gulshan_2,routed
CS-05,Uttara_Sec11_Site_1,CS-13,Gulshan_1_Site_1,12740.599999999999,521.1013425864372,557.8902441687196,Uttara_Sec11,Gulshan_1,routed
CS-05,Uttara_Sec11_Site_1,CS-14,Gulshan_1_Site_2,13751.699999999999,521.1013425864372,425.1394136672309,Uttara_Sec11,Badda_Pragati_Sarani,routed
CS-05,Uttara_Sec11_Site_1,CS-15,Banani_11_Site_1,15246.9,521.1013425864372,641.5582961789066,Uttara_Sec11,Banani_11,routed
CS-05,Uttara_Sec11_Site_1,CS-16,Banani_11_Site_2,15246.9,521.1013425864372,487.73455572103404,Uttara_Sec11,Banani_11,routed
CS-05,Uttara_Sec11_Site_1,CS-17,Mohakhali_Terminal_Site_1,11149.3,521.1013425864372,274.0141386731775,Uttara_Sec11,Mohakhali_Terminal,routed
CS-05,Uttara_Sec11_Site_1,CS-18,Mohakhali_Terminal_Site_2,11149.3,521.1013425864372,667.4786340706916,Uttara_Sec11,Mohakhali_Terminal,routed
CS-05,Uttara_Sec11_Site_1,CS-19,Badda_Pragati_Sarani_Site_1,13751.699999999999,521.1013425864372,376.98291121128,Uttara_Sec11,Badda_Pragati_Sarani,routed
CS-05,Uttara_Sec11_Site_1,CS-20,Badda_Pragati_Sarani_Site_2,13751.699999999999,521.1013425864372,376.20287746857207,Uttara_Sec11,Badda_Pragati_Sarani,routed
CS-05,Uttara_Sec11_Site_1,CS-21,Hatirjheel_North_Site_1,14670.3,521.1013425864372,468.4064864979258,Uttara_Sec11,Hatirjheel_North,routed
CS-05,Uttara_Sec11_Site_1,CS-22,Hatirjheel_North_Site_2,14670.3,521.1013425864372,310.06191853650404,Uttara_Sec11,Hatirjheel_North,routed
CS-05,Uttara_Sec11_Site_1,CS-23,Tejgaon_Industrial_Site_1,13183.4,521.1013425864372,90.16608967047486,Uttara_Sec11,Tejgaon_Industrial,routed
CS-05,Uttara_Sec11_Site_1,CS-24,Tejgaon_Industrial_Site_2,13183.4,521.1013425864372,557.8967176144448,Uttara_Sec11,Tejgaon_Industrial,routed
CS-05,Uttara_Sec11_Site_1,CS-25,Kawran_Bazar_CBD_Site_1,14380.0,521.1013425864372,369.97026595080973,Uttara_Sec11,Kawran_Bazar_CBD,routed
CS-05,Uttara_Sec11_Site_1,CS-26,Kawran_Bazar_CBD_Site_2,14380.0,521.1013425864372,491.0807189387636,Uttara_Sec11,Kawran_Bazar_CBD,routed
CS-05,Uttara_Sec11_Site_1,CS-27,Farmgate_Hub_Site_1,14267.199999999999,521.1013425864372,456.4519527664829,Uttara_Sec11,Farmgate_Hub,routed
CS-05,Uttara_Sec11_Site_1,CS-28,Farmgate_Hub_Site_2,14267.199999999999,521.1013425864372,537.7862263087482,Uttara_Sec11,Farmgate_Hub,routed
CS-05,Uttara_Sec11_Site_1,CS-29,Dhanmondi_27_Site_1,15720.4,521.1013425864372,120.8257549786046,Uttara_Sec11,Dhanmondi_27,routed
CS-05,Uttara_Sec11_Site_1,CS-30,Dhanmondi_27_Site_2,15720.4,521.1013425864372,475.39463107740454,Uttara_Sec11,Dhanmondi_27,routed
CS-05,Uttara_Sec11_Site_1,CS-31,Dhanmondi_8A_Site_1,16376.5,521.1013425864372,616.0715403667175,Uttara_Sec11,Dhanmondi_8A,routed
CS-05,Uttara_Sec11_Site_1,CS-32,Dhanmondi_8A_Site_2,16376.5,521.1013425864372,411.70228464318944,Uttara_Sec11,Dhanmondi_8A,routed
CS-05,Uttara_Sec11_Site_1,CS-33,Shyamoli_Square_Site_1,18308.1,521.1013425864372,470.0130841296087,Uttara_Sec11,Shyamoli_Square,routed
CS-05,Uttara_Sec11_Site_1,CS-34,Shyamoli_Square_Site_2,18308.1,521.1013425864372,359.70204303201245,Uttara_Sec11,Shyamoli_Square,routed
CS-05,Uttara_Sec11_Site_1,CS-35,Mohammadpur_Townhall_Site_1,18321.0,521.1013425864372,369.96641661393016,Uttara_Sec11,Mohammadpur_Townhall,routed
CS-05,Uttara_Sec11_Site_1,CS-36,Mohammadpur_Townhall_Site_2,18321.0,521.1013425864372,532.4040986980325,Uttara_Sec11,Mohammadpur_Townhall,routed
CS-05,Uttara_Sec11_Site_1,CS-37,Mirpur_1_Site_1,17764.399999999998,521.1013425864372,443.88921478801524,Uttara_Sec11,Mirpur_1,routed
CS-05,Uttara_Sec11_Site_1,CS-38,Mirpur_1_Site_2,17764.399999999998,521.1013425864372,158.3147182012352,Uttara_Sec11,Mirpur_1,routed
CS-05,Uttara_Sec11_Site_1,CS-39,Mirpur_10_Circle_Site_1,15775.3,521.1013425864372,88.58928452209923,Uttara_Sec11,Mirpur_10_Circle,routed
CS-05,Uttara_Sec11_Site_1,CS-40,Mirpur_10_Circle_Site_2,15775.3,521.1013425864372,549.4653263343647,Uttara_Sec11,Mirpur_10_Circle,routed
CS-05,Uttara_Sec11_Site_1,CS-41,Mirpur_12_Site_1,17724.1,521.1013425864372,536.4117389493025,Uttara_Sec11,Mirpur_12,routed
CS-05,Uttara_Sec11_Site_1,CS-42,Mirpur_12_Site_2,17724.1,521.1013425864372,470.6049314333112,Uttara_Sec11,Mirpur_12,routed
CS-05,Uttara_Sec11_Site_1,CS-43,Gabtoli_Terminal_Site_1,20562.399999999998,521.1013425864372,419.1719209303812,Uttara_Sec11,Gabtoli_Terminal,routed
CS-05,Uttara_Sec11_Site_1,CS-44,Gabtoli_Terminal_Site_2,20562.399999999998,521.1013425864372,263.02616062219164,Uttara_Sec11,Gabtoli_Terminal,routed
CS-05,Uttara_Sec11_Site_1,CS-45,Shahbagh_Square_Site_1,16489.899999999998,521.1013425864372,620.452455049284,Uttara_Sec11,Shahbagh_Square,routed
CS-05,Uttara_Sec11_Site_1,CS-46,Shahbagh_Square_Site_2,16489.899999999998,521.1013425864372,149.4116807350283,Uttara_Sec11,Shahbagh_Square,routed
CS-05,Uttara_Sec11_Site_1,CS-47,Motijheel_CBD_Site_1,18830.899999999998,521.1013425864372,154.02022873663583,Uttara_Sec11,Motijheel_CBD,routed
CS-05,Uttara_Sec11_Site_1,CS-48,Motijheel_CBD_Site_2,18830.899999999998,521.1013425864372,523.372989683262,Uttara_Sec11,Motijheel_CBD,routed
CS-05,Uttara_Sec11_Site_1,CS-49,Kamalapur_Railway_Site_1,19523.8,521.1013425864372,268.36694973094154,Uttara_Sec11,Kamalapur_Railway,routed
CS-05,Uttara_Sec11_Site_1,CS-50,Kamalapur_Railway_Site_2,19523.8,521.1013425864372,183.61956766698643,Uttara_Sec11,Kamalapur_Railway,routed
CS-05,Uttara_Sec11_Site_1,CS-51,Old_Dhaka_Lalbagh_Site_1,24795.299999999996,521.1013425864372,545.5895924795998,Uttara_Sec11,Old_Dhaka_Lalbagh,routed
CS-05,Uttara_Sec11_Site_1,CS-52,Old_Dhaka_Lalbagh_Site_2,24795.299999999996,521.1013425864372,209.0234518928121,Uttara_Sec11,Old_Dhaka_Lalbagh,routed
CS-05,Uttara_Sec11_Site_1,CS-53,Old_Dhaka_Sadarghat_Site_1,22067.699999999997,521.1013425864372,232.38025140077238,Uttara_Sec11,Old_Dhaka_Sadarghat,routed
CS-05,Uttara_Sec11_Site_1,CS-54,Old_Dhaka_Sadarghat_Site_2,22067.699999999997,521.1013425864372,465.183542888821,Uttara_Sec11,Old_Dhaka_Sadarghat,routed
CS-05,Uttara_Sec11_Site_1,CS-55,Sayedabad_Terminal_Site_1,20726.899999999998,521.1013425864372,475.68383234599094,Uttara_Sec11,Sayedabad_Terminal,routed
CS-05,Uttara_Sec11_Site_1,CS-56,Sayedabad_Terminal_Site_2,20726.899999999998,521.1013425864372,354.404933525487,Uttara_Sec11,Sayedabad_Terminal,routed
CS-05,Uttara_Sec11_Site_1,CS-57,Jatrabari_Flyover_Hub_Site_1,21817.3,521.1013425864372,358.58247775190324,Uttara_Sec11,Jatrabari_Flyover_Hub,routed
CS-05,Uttara_Sec11_Site_1,CS-58,Jatrabari_Flyover_Hub_Site_2,21817.3,521.1013425864372,310.18785958369136,Uttara_Sec11,Jatrabari_Flyover_Hub,routed
CS-06,Uttara_Sec11_Site_2,CS-01,Airport_Hub_Site_1,3898.3999999999996,444.3265930489434,387.56933574644125,Uttara_Sec11,Airport_Hub,routed
CS-06,Uttara_Sec11_Site_2,CS-02,Airport_Hub_Site_2,3898.3999999999996,444.3265930489434,506.34780845964383,Uttara_Sec11,Airport_Hub,routed
CS-06,Uttara_Sec11_Site_2,CS-03,Uttara_Sec3_Site_1,1104.7,444.3265930489434,443.31187101564313,Uttara_Sec11,Uttara_Sec3,routed
CS-06,Uttara_Sec11_Site_2,CS-04,Uttara_Sec3_Site_2,1104.7,444.3265930489434,131.83159473220599,Uttara_Sec11,Uttara_Sec3,routed
CS-06,Uttara_Sec11_Site_2,CS-05,Uttara_Sec11_Site_1,0.0,444.3265930489434,521.1013425864372,Uttara_Sec11,Uttara_Sec11,same_road_node
CS-06,Uttara_Sec11_Site_2,CS-07,Purbachal_300ft_Site_1,9973.3,444.3265930489434,491.45821785549737,Uttara_Sec11,Purbachal_300ft,routed
CS-06,Uttara_Sec11_Site_2,CS-08,Purbachal_300ft_Site_2,9973.3,444.3265930489434,486.0039816801295,Uttara_Sec11,Purbachal_300ft,routed
CS-06,Uttara_Sec11_Site_2,CS-09,Baridhara_Diplomatic_Site_1,15087.4,444.3265930489434,480.90203532465125,Uttara_Sec11,Baridhara_Diplomatic,routed
CS-06,Uttara_Sec11_Site_2,CS-10,Baridhara_Diplomatic_Site_2,15087.4,444.3265930489434,542.4794717225486,Uttara_Sec11,Baridhara_Diplomatic,routed
CS-06,Uttara_Sec11_Site_2,CS-11,Gulshan_2_Site_1,14141.3,444.3265930489434,492.9831332681502,Uttara_Sec11,Gulshan_2,routed
CS-06,Uttara_Sec11_Site_2,CS-12,Gulshan_2_Site_2,14141.3,444.3265930489434,259.1007612239219,Uttara_Sec11,Gulshan_2,routed
CS-06,Uttara_Sec11_Site_2,CS-13,Gulshan_1_Site_1,12740.599999999999,444.3265930489434,557.8902441687196,Uttara_Sec11,Gulshan_1,routed
CS-06,Uttara_Sec11_Site_2,CS-14,Gulshan_1_Site_2,13751.699999999999,444.3265930489434,425.1394136672309,Uttara_Sec11,Badda_Pragati_Sarani,routed
CS-06,Uttara_Sec11_Site_2,CS-15,Banani_11_Site_1,15246.9,444.3265930489434,641.5582961789066,Uttara_Sec11,Banani_11,routed
CS-06,Uttara_Sec11_Site_2,CS-16,Banani_11_Site_2,15246.9,444.3265930489434,487.73455572103404,Uttara_Sec11,Banani_11,routed
CS-06,Uttara_Sec11_Site_2,CS-17,Mohakhali_Terminal_Site_1,11149.3,444.3265930489434,274.0141386731775,Uttara_Sec11,Mohakhali_Terminal,routed
CS-06,Uttara_Sec11_Site_2,CS-18,Mohakhali_Terminal_Site_2,11149.3,444.3265930489434,667.4786340706916,Uttara_Sec11,Mohakhali_Terminal,routed
CS-06,Uttara_Sec11_Site_2,CS-19,Badda_Pragati_Sarani_Site_1,13751.699999999999,444.3265930489434,376.98291121128,Uttara_Sec11,Badda_Pragati_Sarani,routed
CS-06,Uttara_Sec11_Site_2,CS-20,Badda_Pragati_Sarani_Site_2,13751.699999999999,444.3265930489434,376.20287746857207,Uttara_Sec11,Badda_Pragati_Sarani,routed
CS-06,Uttara_Sec11_Site_2,CS-21,Hatirjheel_North_Site_1,14670.3,444.3265930489434,468.4064864979258,Uttara_Sec11,Hatirjheel_North,routed
CS-06,Uttara_Sec11_Site_2,CS-22,Hatirjheel_North_Site_2,14670.3,444.3265930489434,310.06191853650404,Uttara_Sec11,Hatirjheel_North,routed
CS-06,Uttara_Sec11_Site_2,CS-23,Tejgaon_Industrial_Site_1,13183.4,444.3265930489434,90.16608967047486,Uttara_Sec11,Tejgaon_Industrial,routed
CS-06,Uttara_Sec11_Site_2,CS-24,Tejgaon_Industrial_Site_2,13183.4,444.3265930489434,557.8967176144448,Uttara_Sec11,Tejgaon_Industrial,routed
CS-06,Uttara_Sec11_Site_2,CS-25,Kawran_Bazar_CBD_Site_1,14380.0,444.3265930489434,369.97026595080973,Uttara_Sec11,Kawran_Bazar_CBD,routed
CS-06,Uttara_Sec11_Site_2,CS-26,Kawran_Bazar_CBD_Site_2,14380.0,444.3265930489434,491.0807189387636,Uttara_Sec11,Kawran_Bazar_CBD,routed
CS-06,Uttara_Sec11_Site_2,CS-27,Farmgate_Hub_Site_1,14267.199999999999,444.3265930489434,456.4519527664829,Uttara_Sec11,Farmgate_Hub,routed
CS-06,Uttara_Sec11_Site_2,CS-28,Farmgate_Hub_Site_2,14267.199999999999,444.3265930489434,537.7862263087482,Uttara_Sec11,Farmgate_Hub,routed
CS-06,Uttara_Sec11_Site_2,CS-29,Dhanmondi_27_Site_1,15720.4,444.3265930489434,120.8257549786046,Uttara_Sec11,Dhanmondi_27,routed
CS-06,Uttara_Sec11_Site_2,CS-30,Dhanmondi_27_Site_2,15720.4,444.3265930489434,475.39463107740454,Uttara_Sec11,Dhanmondi_27,routed
CS-06,Uttara_Sec11_Site_2,CS-31,Dhanmondi_8A_Site_1,16376.5,444.3265930489434,616.0715403667175,Uttara_Sec11,Dhanmondi_8A,routed
CS-06,Uttara_Sec11_Site_2,CS-32,Dhanmondi_8A_Site_2,16376.5,444.3265930489434,411.70228464318944,Uttara_Sec11,Dhanmondi_8A,routed
CS-06,Uttara_Sec11_Site_2,CS-33,Shyamoli_Square_Site_1,18308.1,444.3265930489434,470.0130841296087,Uttara_Sec11,Shyamoli_Square,routed
CS-06,Uttara_Sec11_Site_2,CS-34,Shyamoli_Square_Site_2,18308.1,444.3265930489434,359.70204303201245,Uttara_Sec11,Shyamoli_Square,routed
CS-06,Uttara_Sec11_Site_2,CS-35,Mohammadpur_Townhall_Site_1,18321.0,444.3265930489434,369.96641661393016,Uttara_Sec11,Mohammadpur_Townhall,routed
CS-06,Uttara_Sec11_Site_2,CS-36,Mohammadpur_Townhall_Site_2,18321.0,444.3265930489434,532.4040986980325,Uttara_Sec11,Mohammadpur_Townhall,routed
CS-06,Uttara_Sec11_Site_2,CS-37,Mirpur_1_Site_1,17764.399999999998,444.3265930489434,443.88921478801524,Uttara_Sec11,Mirpur_1,routed
CS-06,Uttara_Sec11_Site_2,CS-38,Mirpur_1_Site_2,17764.399999999998,444.3265930489434,158.3147182012352,Uttara_Sec11,Mirpur_1,routed
CS-06,Uttara_Sec11_Site_2,CS-39,Mirpur_10_Circle_Site_1,15775.3,444.3265930489434,88.58928452209923,Uttara_Sec11,Mirpur_10_Circle,routed
CS-06,Uttara_Sec11_Site_2,CS-40,Mirpur_10_Circle_Site_2,15775.3,444.3265930489434,549.4653263343647,Uttara_Sec11,Mirpur_10_Circle,routed
CS-06,Uttara_Sec11_Site_2,CS-41,Mirpur_12_Site_1,17724.1,444.3265930489434,536.4117389493025,Uttara_Sec11,Mirpur_12,routed
CS-06,Uttara_Sec11_Site_2,CS-42,Mirpur_12_Site_2,17724.1,444.3265930489434,470.6049314333112,Uttara_Sec11,Mirpur_12,routed
CS-06,Uttara_Sec11_Site_2,CS-43,Gabtoli_Terminal_Site_1,20562.399999999998,444.3265930489434,419.1719209303812,Uttara_Sec11,Gabtoli_Terminal,routed
CS-06,Uttara_Sec11_Site_2,CS-44,Gabtoli_Terminal_Site_2,20562.399999999998,444.3265930489434,263.02616062219164,Uttara_Sec11,Gabtoli_Terminal,routed
CS-06,Uttara_Sec11_Site_2,CS-45,Shahbagh_Square_Site_1,16489.899999999998,444.3265930489434,620.452455049284,Uttara_Sec11,Shahbagh_Square,routed
CS-06,Uttara_Sec11_Site_2,CS-46,Shahbagh_Square_Site_2,16489.899999999998,444.3265930489434,149.4116807350283,Uttara_Sec11,Shahbagh_Square,routed
CS-06,Uttara_Sec11_Site_2,CS-47,Motijheel_CBD_Site_1,18830.899999999998,444.3265930489434,154.02022873663583,Uttara_Sec11,Motijheel_CBD,routed
CS-06,Uttara_Sec11_Site_2,CS-48,Motijheel_CBD_Site_2,18830.899999999998,444.3265930489434,523.372989683262,Uttara_Sec11,Motijheel_CBD,routed
CS-06,Uttara_Sec11_Site_2,CS-49,Kamalapur_Railway_Site_1,19523.8,444.3265930489434,268.36694973094154,Uttara_Sec11,Kamalapur_Railway,routed
CS-06,Uttara_Sec11_Site_2,CS-50,Kamalapur_Railway_Site_2,19523.8,444.3265930489434,183.61956766698643,Uttara_Sec11,Kamalapur_Railway,routed
CS-06,Uttara_Sec11_Site_2,CS-51,Old_Dhaka_Lalbagh_Site_1,24795.299999999996,444.3265930489434,545.5895924795998,Uttara_Sec11,Old_Dhaka_Lalbagh,routed
CS-06,Uttara_Sec11_Site_2,CS-52,Old_Dhaka_Lalbagh_Site_2,24795.299999999996,444.3265930489434,209.0234518928121,Uttara_Sec11,Old_Dhaka_Lalbagh,routed
CS-06,Uttara_Sec11_Site_2,CS-53,Old_Dhaka_Sadarghat_Site_1,22067.699999999997,444.3265930489434,232.38025140077238,Uttara_Sec11,Old_Dhaka_Sadarghat,routed
CS-06,Uttara_Sec11_Site_2,CS-54,Old_Dhaka_Sadarghat_Site_2,22067.699999999997,444.3265930489434,465.183542888821,Uttara_Sec11,Old_Dhaka_Sadarghat,routed
CS-06,Uttara_Sec11_Site_2,CS-55,Sayedabad_Terminal_Site_1,20726.899999999998,444.3265930489434,475.68383234599094,Uttara_Sec11,Sayedabad_Terminal,routed
CS-06,Uttara_Sec11_Site_2,CS-56,Sayedabad_Terminal_Site_2,20726.899999999998,444.3265930489434,354.404933525487,Uttara_Sec11,Sayedabad_Terminal,routed
CS-06,Uttara_Sec11_Site_2,CS-57,Jatrabari_Flyover_Hub_Site_1,21817.3,444.3265930489434,358.58247775190324,Uttara_Sec11,Jatrabari_Flyover_Hub,routed
CS-06,Uttara_Sec11_Site_2,CS-58,Jatrabari_Flyover_Hub_Site_2,21817.3,444.3265930489434,310.18785958369136,Uttara_Sec11,Jatrabari_Flyover_Hub,routed
CS-07,Purbachal_300ft_Site_1,CS-01,Airport_Hub_Site_1,6074.9,491.45821785549737,387.56933574644125,Purbachal_300ft,Airport_Hub,routed
CS-07,Purbachal_300ft_Site_1,CS-02,Airport_Hub_Site_2,6074.9,491.45821785549737,506.34780845964383,Purbachal_300ft,Airport_Hub,routed
CS-07,Purbachal_300ft_Site_1,CS-03,Uttara_Sec3_Site_1,8868.599999999999,491.45821785549737,443.31187101564313,Purbachal_300ft,Uttara_Sec3,routed
CS-07,Purbachal_300ft_Site_1,CS-04,Uttara_Sec3_Site_2,8868.599999999999,491.45821785549737,131.83159473220599,Purbachal_300ft,Uttara_Sec3,routed
CS-07,Purbachal_300ft_Site_1,CS-05,Uttara_Sec11_Site_1,9973.3,491.45821785549737,521.1013425864372,Purbachal_300ft,Uttara_Sec11,routed
CS-07,Purbachal_300ft_Site_1,CS-06,Uttara_Sec11_Site_2,9973.3,491.45821785549737,444.3265930489434,Purbachal_300ft,Uttara_Sec11,routed
CS-07,Purbachal_300ft_Site_1,CS-08,Purbachal_300ft_Site_2,0.0,491.45821785549737,486.0039816801295,Purbachal_300ft,Purbachal_300ft,same_road_node
CS-07,Purbachal_300ft_Site_1,CS-09,Baridhara_Diplomatic_Site_1,17263.899999999998,491.45821785549737,480.90203532465125,Purbachal_300ft,Baridhara_Diplomatic,routed
CS-07,Purbachal_300ft_Site_1,CS-10,Baridhara_Diplomatic_Site_2,17263.899999999998,491.45821785549737,542.4794717225486,Purbachal_300ft,Baridhara_Diplomatic,routed
CS-07,Purbachal_300ft_Site_1,CS-11,Gulshan_2_Site_1,16317.8,491.45821785549737,492.9831332681502,Purbachal_300ft,Gulshan_2,routed
CS-07,Purbachal_300ft_Site_1,CS-12,Gulshan_2_Site_2,16317.8,491.45821785549737,259.1007612239219,Purbachal_300ft,Gulshan_2,routed
CS-07,Purbachal_300ft_Site_1,CS-13,Gulshan_1_Site_1,14917.099999999999,491.45821785549737,557.8902441687196,Purbachal_300ft,Gulshan_1,routed
CS-07,Purbachal_300ft_Site_1,CS-14,Gulshan_1_Site_2,15928.199999999999,491.45821785549737,425.1394136672309,Purbachal_300ft,Badda_Pragati_Sarani,routed
CS-07,Purbachal_300ft_Site_1,CS-15,Banani_11_Site_1,17423.399999999998,491.45821785549737,641.5582961789066,Purbachal_300ft,Banani_11,routed
CS-07,Purbachal_300ft_Site_1,CS-16,Banani_11_Site_2,17423.399999999998,491.45821785549737,487.73455572103404,Purbachal_300ft,Banani_11,routed
CS-07,Purbachal_300ft_Site_1,CS-17,Mohakhali_Terminal_Site_1,13325.8,491.45821785549737,274.0141386731775,Purbachal_300ft,Mohakhali_Terminal,routed
CS-07,Purbachal_300ft_Site_1,CS-18,Mohakhali_Terminal_Site_2,13325.8,491.45821785549737,667.4786340706916,Purbachal_300ft,Mohakhali_Terminal,routed
CS-07,Purbachal_300ft_Site_1,CS-19,Badda_Pragati_Sarani_Site_1,15928.199999999999,491.45821785549737,376.98291121128,Purbachal_300ft,Badda_Pragati_Sarani,routed
CS-07,Purbachal_300ft_Site_1,CS-20,Badda_Pragati_Sarani_Site_2,15928.199999999999,491.45821785549737,376.20287746857207,Purbachal_300ft,Badda_Pragati_Sarani,routed
CS-07,Purbachal_300ft_Site_1,CS-21,Hatirjheel_North_Site_1,16846.8,491.45821785549737,468.4064864979258,Purbachal_300ft,Hatirjheel_North,routed
CS-07,Purbachal_300ft_Site_1,CS-22,Hatirjheel_North_Site_2,16846.8,491.45821785549737,310.06191853650404,Purbachal_300ft,Hatirjheel_North,routed
CS-07,Purbachal_300ft_Site_1,CS-23,Tejgaon_Industrial_Site_1,15359.9,491.45821785549737,90.16608967047486,Purbachal_300ft,Tejgaon_Industrial,routed
CS-07,Purbachal_300ft_Site_1,CS-24,Tejgaon_Industrial_Site_2,15359.9,491.45821785549737,557.8967176144448,Purbachal_300ft,Tejgaon_Industrial,routed
CS-07,Purbachal_300ft_Site_1,CS-25,Kawran_Bazar_CBD_Site_1,16556.5,491.45821785549737,369.97026595080973,Purbachal_300ft,Kawran_Bazar_CBD,routed
CS-07,Purbachal_300ft_Site_1,CS-26,Kawran_Bazar_CBD_Site_2,16556.5,491.45821785549737,491.0807189387636,Purbachal_300ft,Kawran_Bazar_CBD,routed
CS-07,Purbachal_300ft_Site_1,CS-27,Farmgate_Hub_Site_1,16443.7,491.45821785549737,456.4519527664829,Purbachal_300ft,Farmgate_Hub,routed
CS-07,Purbachal_300ft_Site_1,CS-28,Farmgate_Hub_Site_2,16443.7,491.45821785549737,537.7862263087482,Purbachal_300ft,Farmgate_Hub,routed
CS-07,Purbachal_300ft_Site_1,CS-29,Dhanmondi_27_Site_1,17896.9,491.45821785549737,120.8257549786046,Purbachal_300ft,Dhanmondi_27,routed
CS-07,Purbachal_300ft_Site_1,CS-30,Dhanmondi_27_Site_2,17896.9,491.45821785549737,475.39463107740454,Purbachal_300ft,Dhanmondi_27,routed
CS-07,Purbachal_300ft_Site_1,CS-31,Dhanmondi_8A_Site_1,18553.0,491.45821785549737,616.0715403667175,Purbachal_300ft,Dhanmondi_8A,routed
CS-07,Purbachal_300ft_Site_1,CS-32,Dhanmondi_8A_Site_2,18553.0,491.45821785549737,411.70228464318944,Purbachal_300ft,Dhanmondi_8A,routed
CS-07,Purbachal_300ft_Site_1,CS-33,Shyamoli_Square_Site_1,20484.600000000002,491.45821785549737,470.0130841296087,Purbachal_300ft,Shyamoli_Square,routed
CS-07,Purbachal_300ft_Site_1,CS-34,Shyamoli_Square_Site_2,20484.600000000002,491.45821785549737,359.70204303201245,Purbachal_300ft,Shyamoli_Square,routed
CS-07,Purbachal_300ft_Site_1,CS-35,Mohammadpur_Townhall_Site_1,20497.5,491.45821785549737,369.96641661393016,Purbachal_300ft,Mohammadpur_Townhall,routed
CS-07,Purbachal_300ft_Site_1,CS-36,Mohammadpur_Townhall_Site_2,20497.5,491.45821785549737,532.4040986980325,Purbachal_300ft,Mohammadpur_Townhall,routed
CS-07,Purbachal_300ft_Site_1,CS-37,Mirpur_1_Site_1,19940.899999999998,491.45821785549737,443.88921478801524,Purbachal_300ft,Mirpur_1,routed
CS-07,Purbachal_300ft_Site_1,CS-38,Mirpur_1_Site_2,19940.899999999998,491.45821785549737,158.3147182012352,Purbachal_300ft,Mirpur_1,routed
CS-07,Purbachal_300ft_Site_1,CS-39,Mirpur_10_Circle_Site_1,17951.8,491.45821785549737,88.58928452209923,Purbachal_300ft,Mirpur_10_Circle,routed
CS-07,Purbachal_300ft_Site_1,CS-40,Mirpur_10_Circle_Site_2,17951.8,491.45821785549737,549.4653263343647,Purbachal_300ft,Mirpur_10_Circle,routed
CS-07,Purbachal_300ft_Site_1,CS-41,Mirpur_12_Site_1,19900.6,491.45821785549737,536.4117389493025,Purbachal_300ft,Mirpur_12,routed
CS-07,Purbachal_300ft_Site_1,CS-42,Mirpur_12_Site_2,19900.6,491.45821785549737,470.6049314333112,Purbachal_300ft,Mirpur_12,routed
CS-07,Purbachal_300ft_Site_1,CS-43,Gabtoli_Terminal_Site_1,22738.9,491.45821785549737,419.1719209303812,Purbachal_300ft,Gabtoli_Terminal,routed
CS-07,Purbachal_300ft_Site_1,CS-44,Gabtoli_Terminal_Site_2,22738.9,491.45821785549737,263.02616062219164,Purbachal_300ft,Gabtoli_Terminal,routed
CS-07,Purbachal_300ft_Site_1,CS-45,Shahbagh_Square_Site_1,18666.4,491.45821785549737,620.452455049284,Purbachal_300ft,Shahbagh_Square,routed
CS-07,Purbachal_300ft_Site_1,CS-46,Shahbagh_Square_Site_2,18666.4,491.45821785549737,149.4116807350283,Purbachal_300ft,Shahbagh_Square,routed
CS-07,Purbachal_300ft_Site_1,CS-47,Motijheel_CBD_Site_1,21007.4,491.45821785549737,154.02022873663583,Purbachal_300ft,Motijheel_CBD,routed
CS-07,Purbachal_300ft_Site_1,CS-48,Motijheel_CBD_Site_2,21007.4,491.45821785549737,523.372989683262,Purbachal_300ft,Motijheel_CBD,routed
CS-07,Purbachal_300ft_Site_1,CS-49,Kamalapur_Railway_Site_1,21700.300000000003,491.45821785549737,268.36694973094154,Purbachal_300ft,Kamalapur_Railway,routed
CS-07,Purbachal_300ft_Site_1,CS-50,Kamalapur_Railway_Site_2,21700.300000000003,491.45821785549737,183.61956766698643,Purbachal_300ft,Kamalapur_Railway,routed
CS-07,Purbachal_300ft_Site_1,CS-51,Old_Dhaka_Lalbagh_Site_1,26971.8,491.45821785549737,545.5895924795998,Purbachal_300ft,Old_Dhaka_Lalbagh,routed
CS-07,Purbachal_300ft_Site_1,CS-52,Old_Dhaka_Lalbagh_Site_2,26971.8,491.45821785549737,209.0234518928121,Purbachal_300ft,Old_Dhaka_Lalbagh,routed
CS-07,Purbachal_300ft_Site_1,CS-53,Old_Dhaka_Sadarghat_Site_1,24244.2,491.45821785549737,232.38025140077238,Purbachal_300ft,Old_Dhaka_Sadarghat,routed
CS-07,Purbachal_300ft_Site_1,CS-54,Old_Dhaka_Sadarghat_Site_2,24244.2,491.45821785549737,465.183542888821,Purbachal_300ft,Old_Dhaka_Sadarghat,routed
CS-07,Purbachal_300ft_Site_1,CS-55,Sayedabad_Terminal_Site_1,22903.4,491.45821785549737,475.68383234599094,Purbachal_300ft,Sayedabad_Terminal,routed
CS-07,Purbachal_300ft_Site_1,CS-56,Sayedabad_Terminal_Site_2,22903.4,491.45821785549737,354.404933525487,Purbachal_300ft,Sayedabad_Terminal,routed
CS-07,Purbachal_300ft_Site_1,CS-57,Jatrabari_Flyover_Hub_Site_1,23993.800000000003,491.45821785549737,358.58247775190324,Purbachal_300ft,Jatrabari_Flyover_Hub,routed
CS-07,Purbachal_300ft_Site_1,CS-58,Jatrabari_Flyover_Hub_Site_2,23993.800000000003,491.45821785549737,310.18785958369136,Purbachal_300ft,Jatrabari_Flyover_Hub,routed
CS-08,Purbachal_300ft_Site_2,CS-01,Airport_Hub_Site_1,6074.9,486.0039816801295,387.56933574644125,Purbachal_300ft,Airport_Hub,routed
CS-08,Purbachal_300ft_Site_2,CS-02,Airport_Hub_Site_2,6074.9,486.0039816801295,506.34780845964383,Purbachal_300ft,Airport_Hub,routed
CS-08,Purbachal_300ft_Site_2,CS-03,Uttara_Sec3_Site_1,8868.599999999999,486.0039816801295,443.31187101564313,Purbachal_300ft,Uttara_Sec3,routed
CS-08,Purbachal_300ft_Site_2,CS-04,Uttara_Sec3_Site_2,8868.599999999999,486.0039816801295,131.83159473220599,Purbachal_300ft,Uttara_Sec3,routed
CS-08,Purbachal_300ft_Site_2,CS-05,Uttara_Sec11_Site_1,9973.3,486.0039816801295,521.1013425864372,Purbachal_300ft,Uttara_Sec11,routed
CS-08,Purbachal_300ft_Site_2,CS-06,Uttara_Sec11_Site_2,9973.3,486.0039816801295,444.3265930489434,Purbachal_300ft,Uttara_Sec11,routed
CS-08,Purbachal_300ft_Site_2,CS-07,Purbachal_300ft_Site_1,0.0,486.0039816801295,491.45821785549737,Purbachal_300ft,Purbachal_300ft,same_road_node
CS-08,Purbachal_300ft_Site_2,CS-09,Baridhara_Diplomatic_Site_1,17263.899999999998,486.0039816801295,480.90203532465125,Purbachal_300ft,Baridhara_Diplomatic,routed
CS-08,Purbachal_300ft_Site_2,CS-10,Baridhara_Diplomatic_Site_2,17263.899999999998,486.0039816801295,542.4794717225486,Purbachal_300ft,Baridhara_Diplomatic,routed
CS-08,Purbachal_300ft_Site_2,CS-11,Gulshan_2_Site_1,16317.8,486.0039816801295,492.9831332681502,Purbachal_300ft,Gulshan_2,routed
CS-08,Purbachal_300ft_Site_2,CS-12,Gulshan_2_Site_2,16317.8,486.0039816801295,259.1007612239219,Purbachal_300ft,Gulshan_2,routed
CS-08,Purbachal_300ft_Site_2,CS-13,Gulshan_1_Site_1,14917.099999999999,486.0039816801295,557.8902441687196,Purbachal_300ft,Gulshan_1,routed
CS-08,Purbachal_300ft_Site_2,CS-14,Gulshan_1_Site_2,15928.199999999999,486.0039816801295,425.1394136672309,Purbachal_300ft,Badda_Pragati_Sarani,routed
CS-08,Purbachal_300ft_Site_2,CS-15,Banani_11_Site_1,17423.399999999998,486.0039816801295,641.5582961789066,Purbachal_300ft,Banani_11,routed
CS-08,Purbachal_300ft_Site_2,CS-16,Banani_11_Site_2,17423.399999999998,486.0039816801295,487.73455572103404,Purbachal_300ft,Banani_11,routed
CS-08,Purbachal_300ft_Site_2,CS-17,Mohakhali_Terminal_Site_1,13325.8,486.0039816801295,274.0141386731775,Purbachal_300ft,Mohakhali_Terminal,routed
CS-08,Purbachal_300ft_Site_2,CS-18,Mohakhali_Terminal_Site_2,13325.8,486.0039816801295,667.4786340706916,Purbachal_300ft,Mohakhali_Terminal,routed
CS-08,Purbachal_300ft_Site_2,CS-19,Badda_Pragati_Sarani_Site_1,15928.199999999999,486.0039816801295,376.98291121128,Purbachal_300ft,Badda_Pragati_Sarani,routed
CS-08,Purbachal_300ft_Site_2,CS-20,Badda_Pragati_Sarani_Site_2,15928.199999999999,486.0039816801295,376.20287746857207,Purbachal_300ft,Badda_Pragati_Sarani,routed
CS-08,Purbachal_300ft_Site_2,CS-21,Hatirjheel_North_Site_1,16846.8,486.0039816801295,468.4064864979258,Purbachal_300ft,Hatirjheel_North,routed
CS-08,Purbachal_300ft_Site_2,CS-22,Hatirjheel_North_Site_2,16846.8,486.0039816801295,310.06191853650404,Purbachal_300ft,Hatirjheel_North,routed
CS-08,Purbachal_300ft_Site_2,CS-23,Tejgaon_Industrial_Site_1,15359.9,486.0039816801295,90.16608967047486,Purbachal_300ft,Tejgaon_Industrial,routed
CS-08,Purbachal_300ft_Site_2,CS-24,Tejgaon_Industrial_Site_2,15359.9,486.0039816801295,557.8967176144448,Purbachal_300ft,Tejgaon_Industrial,routed
CS-08,Purbachal_300ft_Site_2,CS-25,Kawran_Bazar_CBD_Site_1,16556.5,486.0039816801295,369.97026595080973,Purbachal_300ft,Kawran_Bazar_CBD,routed
CS-08,Purbachal_300ft_Site_2,CS-26,Kawran_Bazar_CBD_Site_2,16556.5,486.0039816801295,491.0807189387636,Purbachal_300ft,Kawran_Bazar_CBD,routed
CS-08,Purbachal_300ft_Site_2,CS-27,Farmgate_Hub_Site_1,16443.7,486.0039816801295,456.4519527664829,Purbachal_300ft,Farmgate_Hub,routed
CS-08,Purbachal_300ft_Site_2,CS-28,Farmgate_Hub_Site_2,16443.7,486.0039816801295,537.7862263087482,Purbachal_300ft,Farmgate_Hub,routed
CS-08,Purbachal_300ft_Site_2,CS-29,Dhanmondi_27_Site_1,17896.9,486.0039816801295,120.8257549786046,Purbachal_300ft,Dhanmondi_27,routed
CS-08,Purbachal_300ft_Site_2,CS-30,Dhanmondi_27_Site_2,17896.9,486.0039816801295,475.39463107740454,Purbachal_300ft,Dhanmondi_27,routed
CS-08,Purbachal_300ft_Site_2,CS-31,Dhanmondi_8A_Site_1,18553.0,486.0039816801295,616.0715403667175,Purbachal_300ft,Dhanmondi_8A,routed
CS-08,Purbachal_300ft_Site_2,CS-32,Dhanmondi_8A_Site_2,18553.0,486.0039816801295,411.70228464318944,Purbachal_300ft,Dhanmondi_8A,routed
CS-08,Purbachal_300ft_Site_2,CS-33,Shyamoli_Square_Site_1,20484.600000000002,486.0039816801295,470.0130841296087,Purbachal_300ft,Shyamoli_Square,routed
CS-08,Purbachal_300ft_Site_2,CS-34,Shyamoli_Square_Site_2,20484.600000000002,486.0039816801295,359.70204303201245,Purbachal_300ft,Shyamoli_Square,routed
CS-08,Purbachal_300ft_Site_2,CS-35,Mohammadpur_Townhall_Site_1,20497.5,486.0039816801295,369.96641661393016,Purbachal_300ft,Mohammadpur_Townhall,routed
CS-08,Purbachal_300ft_Site_2,CS-36,Mohammadpur_Townhall_Site_2,20497.5,486.0039816801295,532.4040986980325,Purbachal_300ft,Mohammadpur_Townhall,routed
CS-08,Purbachal_300ft_Site_2,CS-37,Mirpur_1_Site_1,19940.899999999998,486.0039816801295,443.88921478801524,Purbachal_300ft,Mirpur_1,routed
CS-08,Purbachal_300ft_Site_2,CS-38,Mirpur_1_Site_2,19940.899999999998,486.0039816801295,158.3147182012352,Purbachal_300ft,Mirpur_1,routed
CS-08,Purbachal_300ft_Site_2,CS-39,Mirpur_10_Circle_Site_1,17951.8,486.0039816801295,88.58928452209923,Purbachal_300ft,Mirpur_10_Circle,routed
CS-08,Purbachal_300ft_Site_2,CS-40,Mirpur_10_Circle_Site_2,17951.8,486.0039816801295,549.4653263343647,Purbachal_300ft,Mirpur_10_Circle,routed
CS-08,Purbachal_300ft_Site_2,CS-41,Mirpur_12_Site_1,19900.6,486.0039816801295,536.4117389493025,Purbachal_300ft,Mirpur_12,routed
CS-08,Purbachal_300ft_Site_2,CS-42,Mirpur_12_Site_2,19900.6,486.0039816801295,470.6049314333112,Purbachal_300ft,Mirpur_12,routed
CS-08,Purbachal_300ft_Site_2,CS-43,Gabtoli_Terminal_Site_1,22738.9,486.0039816801295,419.1719209303812,Purbachal_300ft,Gabtoli_Terminal,routed
CS-08,Purbachal_300ft_Site_2,CS-44,Gabtoli_Terminal_Site_2,22738.9,486.0039816801295,263.02616062219164,Purbachal_300ft,Gabtoli_Terminal,routed
CS-08,Purbachal_300ft_Site_2,CS-45,Shahbagh_Square_Site_1,18666.4,486.0039816801295,620.452455049284,Purbachal_300ft,Shahbagh_Square,routed
CS-08,Purbachal_300ft_Site_2,CS-46,Shahbagh_Square_Site_2,18666.4,486.0039816801295,149.4116807350283,Purbachal_300ft,Shahbagh_Square,routed
CS-08,Purbachal_300ft_Site_2,CS-47,Motijheel_CBD_Site_1,21007.4,486.0039816801295,154.02022873663583,Purbachal_300ft,Motijheel_CBD,routed
CS-08,Purbachal_300ft_Site_2,CS-48,Motijheel_CBD_Site_2,21007.4,486.0039816801295,523.372989683262,Purbachal_300ft,Motijheel_CBD,routed
CS-08,Purbachal_300ft_Site_2,CS-49,Kamalapur_Railway_Site_1,21700.300000000003,486.0039816801295,268.36694973094154,Purbachal_300ft,Kamalapur_Railway,routed
CS-08,Purbachal_300ft_Site_2,CS-50,Kamalapur_Railway_Site_2,21700.300000000003,486.0039816801295,183.61956766698643,Purbachal_300ft,Kamalapur_Railway,routed
CS-08,Purbachal_300ft_Site_2,CS-51,Old_Dhaka_Lalbagh_Site_1,26971.8,486.0039816801295,545.5895924795998,Purbachal_300ft,Old_Dhaka_Lalbagh,routed
CS-08,Purbachal_300ft_Site_2,CS-52,Old_Dhaka_Lalbagh_Site_2,26971.8,486.0039816801295,209.0234518928121,Purbachal_300ft,Old_Dhaka_Lalbagh,routed
CS-08,Purbachal_300ft_Site_2,CS-53,Old_Dhaka_Sadarghat_Site_1,24244.2,486.0039816801295,232.38025140077238,Purbachal_300ft,Old_Dhaka_Sadarghat,routed
CS-08,Purbachal_300ft_Site_2,CS-54,Old_Dhaka_Sadarghat_Site_2,24244.2,486.0039816801295,465.183542888821,Purbachal_300ft,Old_Dhaka_Sadarghat,routed
CS-08,Purbachal_300ft_Site_2,CS-55,Sayedabad_Terminal_Site_1,22903.4,486.0039816801295,475.68383234599094,Purbachal_300ft,Sayedabad_Terminal,routed
CS-08,Purbachal_300ft_Site_2,CS-56,Sayedabad_Terminal_Site_2,22903.4,486.0039816801295,354.404933525487,Purbachal_300ft,Sayedabad_Terminal,routed
CS-08,Purbachal_300ft_Site_2,CS-57,Jatrabari_Flyover_Hub_Site_1,23993.800000000003,486.0039816801295,358.58247775190324,Purbachal_300ft,Jatrabari_Flyover_Hub,routed
CS-08,Purbachal_300ft_Site_2,CS-58,Jatrabari_Flyover_Hub_Site_2,23993.800000000003,486.0039816801295,310.18785958369136,Purbachal_300ft,Jatrabari_Flyover_Hub,routed
CS-09,Baridhara_Diplomatic_Site_1,CS-01,Airport_Hub_Site_1,11189.0,480.90203532465125,387.56933574644125,Baridhara_Diplomatic,Airport_Hub,routed
CS-09,Baridhara_Diplomatic_Site_1,CS-02,Airport_Hub_Site_2,11189.0,480.90203532465125,506.34780845964383,Baridhara_Diplomatic,Airport_Hub,routed
CS-09,Baridhara_Diplomatic_Site_1,CS-03,Uttara_Sec3_Site_1,13982.7,480.90203532465125,443.31187101564313,Baridhara_Diplomatic,Uttara_Sec3,routed
CS-09,Baridhara_Diplomatic_Site_1,CS-04,Uttara_Sec3_Site_2,13982.7,480.90203532465125,131.83159473220599,Baridhara_Diplomatic,Uttara_Sec3,routed
CS-09,Baridhara_Diplomatic_Site_1,CS-05,Uttara_Sec11_Site_1,15087.400000000001,480.90203532465125,521.1013425864372,Baridhara_Diplomatic,Uttara_Sec11,routed
CS-09,Baridhara_Diplomatic_Site_1,CS-06,Uttara_Sec11_Site_2,15087.400000000001,480.90203532465125,444.3265930489434,Baridhara_Diplomatic,Uttara_Sec11,routed
CS-09,Baridhara_Diplomatic_Site_1,CS-07,Purbachal_300ft_Site_1,17263.9,480.90203532465125,491.45821785549737,Baridhara_Diplomatic,Purbachal_300ft,routed
CS-09,Baridhara_Diplomatic_Site_1,CS-08,Purbachal_300ft_Site_2,17263.9,480.90203532465125,486.0039816801295,Baridhara_Diplomatic,Purbachal_300ft,routed
CS-09,Baridhara_Diplomatic_Site_1,CS-10,Baridhara_Diplomatic_Site_2,0.0,480.90203532465125,542.4794717225486,Baridhara_Diplomatic,Baridhara_Diplomatic,same_road_node
CS-09,Baridhara_Diplomatic_Site_1,CS-11,Gulshan_2_Site_1,946.1,480.90203532465125,492.9831332681502,Baridhara_Diplomatic,Gulshan_2,routed
CS-09,Baridhara_Diplomatic_Site_1,CS-12,Gulshan_2_Site_2,946.1,480.90203532465125,259.1007612239219,Baridhara_Diplomatic,Gulshan_2,routed
CS-09,Baridhara_Diplomatic_Site_1,CS-13,Gulshan_1_Site_1,2346.8,480.90203532465125,557.8902441687196,Baridhara_Diplomatic,Gulshan_1,routed
CS-09,Baridhara_Diplomatic_Site_1,CS-14,Gulshan_1_Site_2,3357.9,480.90203532465125,425.1394136672309,Baridhara_Diplomatic,Badda_Pragati_Sarani,routed
CS-09,Baridhara_Diplomatic_Site_1,CS-15,Banani_11_Site_1,2051.7,480.90203532465125,641.5582961789066,Baridhara_Diplomatic,Banani_11,routed
CS-09,Baridhara_Diplomatic_Site_1,CS-16,Banani_11_Site_2,2051.7,480.90203532465125,487.73455572103404,Baridhara_Diplomatic,Banani_11,routed
CS-09,Baridhara_Diplomatic_Site_1,CS-17,Mohakhali_Terminal_Site_1,3938.1000000000004,480.90203532465125,274.0141386731775,Baridhara_Diplomatic,Mohakhali_Terminal,routed
CS-09,Baridhara_Diplomatic_Site_1,CS-18,Mohakhali_Terminal_Site_2,3938.1000000000004,480.90203532465125,667.4786340706916,Baridhara_Diplomatic,Mohakhali_Terminal,routed
CS-09,Baridhara_Diplomatic_Site_1,CS-19,Badda_Pragati_Sarani_Site_1,3357.9,480.90203532465125,376.98291121128,Baridhara_Diplomatic,Badda_Pragati_Sarani,routed
CS-09,Baridhara_Diplomatic_Site_1,CS-20,Badda_Pragati_Sarani_Site_2,3357.9,480.90203532465125,376.20287746857207,Baridhara_Diplomatic,Badda_Pragati_Sarani,routed
CS-09,Baridhara_Diplomatic_Site_1,CS-21,Hatirjheel_North_Site_1,5175.0,480.90203532465125,468.4064864979258,Baridhara_Diplomatic,Hatirjheel_North,routed
CS-09,Baridhara_Diplomatic_Site_1,CS-22,Hatirjheel_North_Site_2,5175.0,480.90203532465125,310.06191853650404,Baridhara_Diplomatic,Hatirjheel_North,routed
CS-09,Baridhara_Diplomatic_Site_1,CS-23,Tejgaon_Industrial_Site_1,5972.200000000001,480.90203532465125,90.16608967047486,Baridhara_Diplomatic,Tejgaon_Industrial,routed
CS-09,Baridhara_Diplomatic_Site_1,CS-24,Tejgaon_Industrial_Site_2,5972.200000000001,480.90203532465125,557.8967176144448,Baridhara_Diplomatic,Tejgaon_Industrial,routed
CS-09,Baridhara_Diplomatic_Site_1,CS-25,Kawran_Bazar_CBD_Site_1,7168.800000000001,480.90203532465125,369.97026595080973,Baridhara_Diplomatic,Kawran_Bazar_CBD,routed
CS-09,Baridhara_Diplomatic_Site_1,CS-26,Kawran_Bazar_CBD_Site_2,7168.800000000001,480.90203532465125,491.0807189387636,Baridhara_Diplomatic,Kawran_Bazar_CBD,routed
CS-09,Baridhara_Diplomatic_Site_1,CS-27,Farmgate_Hub_Site_1,7056.000000000001,480.90203532465125,456.4519527664829,Baridhara_Diplomatic,Farmgate_Hub,routed
CS-09,Baridhara_Diplomatic_Site_1,CS-28,Farmgate_Hub_Site_2,7056.000000000001,480.90203532465125,537.7862263087482,Baridhara_Diplomatic,Farmgate_Hub,routed
CS-09,Baridhara_Diplomatic_Site_1,CS-29,Dhanmondi_27_Site_1,8509.2,480.90203532465125,120.8257549786046,Baridhara_Diplomatic,Dhanmondi_27,routed
CS-09,Baridhara_Diplomatic_Site_1,CS-30,Dhanmondi_27_Site_2,8509.2,480.90203532465125,475.39463107740454,Baridhara_Diplomatic,Dhanmondi_27,routed
CS-09,Baridhara_Diplomatic_Site_1,CS-31,Dhanmondi_8A_Site_1,9165.300000000001,480.90203532465125,616.0715403667175,Baridhara_Diplomatic,Dhanmondi_8A,routed
CS-09,Baridhara_Diplomatic_Site_1,CS-32,Dhanmondi_8A_Site_2,9165.300000000001,480.90203532465125,411.70228464318944,Baridhara_Diplomatic,Dhanmondi_8A,routed
CS-09,Baridhara_Diplomatic_Site_1,CS-33,Shyamoli_Square_Site_1,11096.900000000001,480.90203532465125,470.0130841296087,Baridhara_Diplomatic,Shyamoli_Square,routed
CS-09,Baridhara_Diplomatic_Site_1,CS-34,Shyamoli_Square_Site_2,11096.900000000001,480.90203532465125,359.70204303201245,Baridhara_Diplomatic,Shyamoli_Square,routed
CS-09,Baridhara_Diplomatic_Site_1,CS-35,Mohammadpur_Townhall_Site_1,11109.800000000001,480.90203532465125,369.96641661393016,Baridhara_Diplomatic,Mohammadpur_Townhall,routed
CS-09,Baridhara_Diplomatic_Site_1,CS-36,Mohammadpur_Townhall_Site_2,11109.800000000001,480.90203532465125,532.4040986980325,Baridhara_Diplomatic,Mohammadpur_Townhall,routed
CS-09,Baridhara_Diplomatic_Site_1,CS-37,Mirpur_1_Site_1,10553.2,480.90203532465125,443.88921478801524,Baridhara_Diplomatic,Mirpur_1,routed
CS-09,Baridhara_Diplomatic_Site_1,CS-38,Mirpur_1_Site_2,10553.2,480.90203532465125,158.3147182012352,Baridhara_Diplomatic,Mirpur_1,routed
CS-09,Baridhara_Diplomatic_Site_1,CS-39,Mirpur_10_Circle_Site_1,8564.1,480.90203532465125,88.58928452209923,Baridhara_Diplomatic,Mirpur_10_Circle,routed
CS-09,Baridhara_Diplomatic_Site_1,CS-40,Mirpur_10_Circle_Site_2,8564.1,480.90203532465125,549.4653263343647,Baridhara_Diplomatic,Mirpur_10_Circle,routed
CS-09,Baridhara_Diplomatic_Site_1,CS-41,Mirpur_12_Site_1,10512.9,480.90203532465125,536.4117389493025,Baridhara_Diplomatic,Mirpur_12,routed
CS-09,Baridhara_Diplomatic_Site_1,CS-42,Mirpur_12_Site_2,10512.9,480.90203532465125,470.6049314333112,Baridhara_Diplomatic,Mirpur_12,routed
CS-09,Baridhara_Diplomatic_Site_1,CS-43,Gabtoli_Terminal_Site_1,13351.2,480.90203532465125,419.1719209303812,Baridhara_Diplomatic,Gabtoli_Terminal,routed
CS-09,Baridhara_Diplomatic_Site_1,CS-44,Gabtoli_Terminal_Site_2,13351.2,480.90203532465125,263.02616062219164,Baridhara_Diplomatic,Gabtoli_Terminal,routed
CS-09,Baridhara_Diplomatic_Site_1,CS-45,Shahbagh_Square_Site_1,9278.7,480.90203532465125,620.452455049284,Baridhara_Diplomatic,Shahbagh_Square,routed
CS-09,Baridhara_Diplomatic_Site_1,CS-46,Shahbagh_Square_Site_2,9278.7,480.90203532465125,149.4116807350283,Baridhara_Diplomatic,Shahbagh_Square,routed
CS-09,Baridhara_Diplomatic_Site_1,CS-47,Motijheel_CBD_Site_1,11619.7,480.90203532465125,154.02022873663583,Baridhara_Diplomatic,Motijheel_CBD,routed
CS-09,Baridhara_Diplomatic_Site_1,CS-48,Motijheel_CBD_Site_2,11619.7,480.90203532465125,523.372989683262,Baridhara_Diplomatic,Motijheel_CBD,routed
CS-09,Baridhara_Diplomatic_Site_1,CS-49,Kamalapur_Railway_Site_1,12312.6,480.90203532465125,268.36694973094154,Baridhara_Diplomatic,Kamalapur_Railway,routed
CS-09,Baridhara_Diplomatic_Site_1,CS-50,Kamalapur_Railway_Site_2,12312.6,480.90203532465125,183.61956766698643,Baridhara_Diplomatic,Kamalapur_Railway,routed
CS-09,Baridhara_Diplomatic_Site_1,CS-51,Old_Dhaka_Lalbagh_Site_1,17584.1,480.90203532465125,545.5895924795998,Baridhara_Diplomatic,Old_Dhaka_Lalbagh,routed
CS-09,Baridhara_Diplomatic_Site_1,CS-52,Old_Dhaka_Lalbagh_Site_2,17584.1,480.90203532465125,209.0234518928121,Baridhara_Diplomatic,Old_Dhaka_Lalbagh,routed
CS-09,Baridhara_Diplomatic_Site_1,CS-53,Old_Dhaka_Sadarghat_Site_1,14856.5,480.90203532465125,232.38025140077238,Baridhara_Diplomatic,Old_Dhaka_Sadarghat,routed
CS-09,Baridhara_Diplomatic_Site_1,CS-54,Old_Dhaka_Sadarghat_Site_2,14856.5,480.90203532465125,465.183542888821,Baridhara_Diplomatic,Old_Dhaka_Sadarghat,routed
CS-09,Baridhara_Diplomatic_Site_1,CS-55,Sayedabad_Terminal_Site_1,13515.7,480.90203532465125,475.68383234599094,Baridhara_Diplomatic,Sayedabad_Terminal,routed
CS-09,Baridhara_Diplomatic_Site_1,CS-56,Sayedabad_Terminal_Site_2,13515.7,480.90203532465125,354.404933525487,Baridhara_Diplomatic,Sayedabad_Terminal,routed
CS-09,Baridhara_Diplomatic_Site_1,CS-57,Jatrabari_Flyover_Hub_Site_1,14606.1,480.90203532465125,358.58247775190324,Baridhara_Diplomatic,Jatrabari_Flyover_Hub,routed
CS-09,Baridhara_Diplomatic_Site_1,CS-58,Jatrabari_Flyover_Hub_Site_2,14606.1,480.90203532465125,310.18785958369136,Baridhara_Diplomatic,Jatrabari_Flyover_Hub,routed
CS-10,Baridhara_Diplomatic_Site_2,CS-01,Airport_Hub_Site_1,11189.0,542.4794717225486,387.56933574644125,Baridhara_Diplomatic,Airport_Hub,routed
CS-10,Baridhara_Diplomatic_Site_2,CS-02,Airport_Hub_Site_2,11189.0,542.4794717225486,506.34780845964383,Baridhara_Diplomatic,Airport_Hub,routed
CS-10,Baridhara_Diplomatic_Site_2,CS-03,Uttara_Sec3_Site_1,13982.7,542.4794717225486,443.31187101564313,Baridhara_Diplomatic,Uttara_Sec3,routed
CS-10,Baridhara_Diplomatic_Site_2,CS-04,Uttara_Sec3_Site_2,13982.7,542.4794717225486,131.83159473220599,Baridhara_Diplomatic,Uttara_Sec3,routed
CS-10,Baridhara_Diplomatic_Site_2,CS-05,Uttara_Sec11_Site_1,15087.400000000001,542.4794717225486,521.1013425864372,Baridhara_Diplomatic,Uttara_Sec11,routed
CS-10,Baridhara_Diplomatic_Site_2,CS-06,Uttara_Sec11_Site_2,15087.400000000001,542.4794717225486,444.3265930489434,Baridhara_Diplomatic,Uttara_Sec11,routed
CS-10,Baridhara_Diplomatic_Site_2,CS-07,Purbachal_300ft_Site_1,17263.9,542.4794717225486,491.45821785549737,Baridhara_Diplomatic,Purbachal_300ft,routed
CS-10,Baridhara_Diplomatic_Site_2,CS-08,Purbachal_300ft_Site_2,17263.9,542.4794717225486,486.0039816801295,Baridhara_Diplomatic,Purbachal_300ft,routed
CS-10,Baridhara_Diplomatic_Site_2,CS-09,Baridhara_Diplomatic_Site_1,0.0,542.4794717225486,480.90203532465125,Baridhara_Diplomatic,Baridhara_Diplomatic,same_road_node
CS-10,Baridhara_Diplomatic_Site_2,CS-11,Gulshan_2_Site_1,946.1,542.4794717225486,492.9831332681502,Baridhara_Diplomatic,Gulshan_2,routed
CS-10,Baridhara_Diplomatic_Site_2,CS-12,Gulshan_2_Site_2,946.1,542.4794717225486,259.1007612239219,Baridhara_Diplomatic,Gulshan_2,routed
CS-10,Baridhara_Diplomatic_Site_2,CS-13,Gulshan_1_Site_1,2346.8,542.4794717225486,557.8902441687196,Baridhara_Diplomatic,Gulshan_1,routed
CS-10,Baridhara_Diplomatic_Site_2,CS-14,Gulshan_1_Site_2,3357.9,542.4794717225486,425.1394136672309,Baridhara_Diplomatic,Badda_Pragati_Sarani,routed
CS-10,Baridhara_Diplomatic_Site_2,CS-15,Banani_11_Site_1,2051.7,542.4794717225486,641.5582961789066,Baridhara_Diplomatic,Banani_11,routed
CS-10,Baridhara_Diplomatic_Site_2,CS-16,Banani_11_Site_2,2051.7,542.4794717225486,487.73455572103404,Baridhara_Diplomatic,Banani_11,routed
CS-10,Baridhara_Diplomatic_Site_2,CS-17,Mohakhali_Terminal_Site_1,3938.1000000000004,542.4794717225486,274.0141386731775,Baridhara_Diplomatic,Mohakhali_Terminal,routed
CS-10,Baridhara_Diplomatic_Site_2,CS-18,Mohakhali_Terminal_Site_2,3938.1000000000004,542.4794717225486,667.4786340706916,Baridhara_Diplomatic,Mohakhali_Terminal,routed
CS-10,Baridhara_Diplomatic_Site_2,CS-19,Badda_Pragati_Sarani_Site_1,3357.9,542.4794717225486,376.98291121128,Baridhara_Diplomatic,Badda_Pragati_Sarani,routed
CS-10,Baridhara_Diplomatic_Site_2,CS-20,Badda_Pragati_Sarani_Site_2,3357.9,542.4794717225486,376.20287746857207,Baridhara_Diplomatic,Badda_Pragati_Sarani,routed
CS-10,Baridhara_Diplomatic_Site_2,CS-21,Hatirjheel_North_Site_1,5175.0,542.4794717225486,468.4064864979258,Baridhara_Diplomatic,Hatirjheel_North,routed
CS-10,Baridhara_Diplomatic_Site_2,CS-22,Hatirjheel_North_Site_2,5175.0,542.4794717225486,310.06191853650404,Baridhara_Diplomatic,Hatirjheel_North,routed
CS-10,Baridhara_Diplomatic_Site_2,CS-23,Tejgaon_Industrial_Site_1,5972.200000000001,542.4794717225486,90.16608967047486,Baridhara_Diplomatic,Tejgaon_Industrial,routed
CS-10,Baridhara_Diplomatic_Site_2,CS-24,Tejgaon_Industrial_Site_2,5972.200000000001,542.4794717225486,557.8967176144448,Baridhara_Diplomatic,Tejgaon_Industrial,routed
CS-10,Baridhara_Diplomatic_Site_2,CS-25,Kawran_Bazar_CBD_Site_1,7168.800000000001,542.4794717225486,369.97026595080973,Baridhara_Diplomatic,Kawran_Bazar_CBD,routed
CS-10,Baridhara_Diplomatic_Site_2,CS-26,Kawran_Bazar_CBD_Site_2,7168.800000000001,542.4794717225486,491.0807189387636,Baridhara_Diplomatic,Kawran_Bazar_CBD,routed
CS-10,Baridhara_Diplomatic_Site_2,CS-27,Farmgate_Hub_Site_1,7056.000000000001,542.4794717225486,456.4519527664829,Baridhara_Diplomatic,Farmgate_Hub,routed
CS-10,Baridhara_Diplomatic_Site_2,CS-28,Farmgate_Hub_Site_2,7056.000000000001,542.4794717225486,537.7862263087482,Baridhara_Diplomatic,Farmgate_Hub,routed
CS-10,Baridhara_Diplomatic_Site_2,CS-29,Dhanmondi_27_Site_1,8509.2,542.4794717225486,120.8257549786046,Baridhara_Diplomatic,Dhanmondi_27,routed
CS-10,Baridhara_Diplomatic_Site_2,CS-30,Dhanmondi_27_Site_2,8509.2,542.4794717225486,475.39463107740454,Baridhara_Diplomatic,Dhanmondi_27,routed
CS-10,Baridhara_Diplomatic_Site_2,CS-31,Dhanmondi_8A_Site_1,9165.300000000001,542.4794717225486,616.0715403667175,Baridhara_Diplomatic,Dhanmondi_8A,routed
CS-10,Baridhara_Diplomatic_Site_2,CS-32,Dhanmondi_8A_Site_2,9165.300000000001,542.4794717225486,411.70228464318944,Baridhara_Diplomatic,Dhanmondi_8A,routed
CS-10,Baridhara_Diplomatic_Site_2,CS-33,Shyamoli_Square_Site_1,11096.900000000001,542.4794717225486,470.0130841296087,Baridhara_Diplomatic,Shyamoli_Square,routed
CS-10,Baridhara_Diplomatic_Site_2,CS-34,Shyamoli_Square_Site_2,11096.900000000001,542.4794717225486,359.70204303201245,Baridhara_Diplomatic,Shyamoli_Square,routed
CS-10,Baridhara_Diplomatic_Site_2,CS-35,Mohammadpur_Townhall_Site_1,11109.800000000001,542.4794717225486,369.96641661393016,Baridhara_Diplomatic,Mohammadpur_Townhall,routed
CS-10,Baridhara_Diplomatic_Site_2,CS-36,Mohammadpur_Townhall_Site_2,11109.800000000001,542.4794717225486,532.4040986980325,Baridhara_Diplomatic,Mohammadpur_Townhall,routed
CS-10,Baridhara_Diplomatic_Site_2,CS-37,Mirpur_1_Site_1,10553.2,542.4794717225486,443.88921478801524,Baridhara_Diplomatic,Mirpur_1,routed
CS-10,Baridhara_Diplomatic_Site_2,CS-38,Mirpur_1_Site_2,10553.2,542.4794717225486,158.3147182012352,Baridhara_Diplomatic,Mirpur_1,routed
CS-10,Baridhara_Diplomatic_Site_2,CS-39,Mirpur_10_Circle_Site_1,8564.1,542.4794717225486,88.58928452209923,Baridhara_Diplomatic,Mirpur_10_Circle,routed
CS-10,Baridhara_Diplomatic_Site_2,CS-40,Mirpur_10_Circle_Site_2,8564.1,542.4794717225486,549.4653263343647,Baridhara_Diplomatic,Mirpur_10_Circle,routed
CS-10,Baridhara_Diplomatic_Site_2,CS-41,Mirpur_12_Site_1,10512.9,542.4794717225486,536.4117389493025,Baridhara_Diplomatic,Mirpur_12,routed
CS-10,Baridhara_Diplomatic_Site_2,CS-42,Mirpur_12_Site_2,10512.9,542.4794717225486,470.6049314333112,Baridhara_Diplomatic,Mirpur_12,routed
CS-10,Baridhara_Diplomatic_Site_2,CS-43,Gabtoli_Terminal_Site_1,13351.2,542.4794717225486,419.1719209303812,Baridhara_Diplomatic,Gabtoli_Terminal,routed
CS-10,Baridhara_Diplomatic_Site_2,CS-44,Gabtoli_Terminal_Site_2,13351.2,542.4794717225486,263.02616062219164,Baridhara_Diplomatic,Gabtoli_Terminal,routed
CS-10,Baridhara_Diplomatic_Site_2,CS-45,Shahbagh_Square_Site_1,9278.7,542.4794717225486,620.452455049284,Baridhara_Diplomatic,Shahbagh_Square,routed
CS-10,Baridhara_Diplomatic_Site_2,CS-46,Shahbagh_Square_Site_2,9278.7,542.4794717225486,149.4116807350283,Baridhara_Diplomatic,Shahbagh_Square,routed
CS-10,Baridhara_Diplomatic_Site_2,CS-47,Motijheel_CBD_Site_1,11619.7,542.4794717225486,154.02022873663583,Baridhara_Diplomatic,Motijheel_CBD,routed
CS-10,Baridhara_Diplomatic_Site_2,CS-48,Motijheel_CBD_Site_2,11619.7,542.4794717225486,523.372989683262,Baridhara_Diplomatic,Motijheel_CBD,routed
CS-10,Baridhara_Diplomatic_Site_2,CS-49,Kamalapur_Railway_Site_1,12312.6,542.4794717225486,268.36694973094154,Baridhara_Diplomatic,Kamalapur_Railway,routed
CS-10,Baridhara_Diplomatic_Site_2,CS-50,Kamalapur_Railway_Site_2,12312.6,542.4794717225486,183.61956766698643,Baridhara_Diplomatic,Kamalapur_Railway,routed
CS-10,Baridhara_Diplomatic_Site_2,CS-51,Old_Dhaka_Lalbagh_Site_1,17584.1,542.4794717225486,545.5895924795998,Baridhara_Diplomatic,Old_Dhaka_Lalbagh,routed
CS-10,Baridhara_Diplomatic_Site_2,CS-52,Old_Dhaka_Lalbagh_Site_2,17584.1,542.4794717225486,209.0234518928121,Baridhara_Diplomatic,Old_Dhaka_Lalbagh,routed
CS-10,Baridhara_Diplomatic_Site_2,CS-53,Old_Dhaka_Sadarghat_Site_1,14856.5,542.4794717225486,232.38025140077238,Baridhara_Diplomatic,Old_Dhaka_Sadarghat,routed
CS-10,Baridhara_Diplomatic_Site_2,CS-54,Old_Dhaka_Sadarghat_Site_2,14856.5,542.4794717225486,465.183542888821,Baridhara_Diplomatic,Old_Dhaka_Sadarghat,routed
CS-10,Baridhara_Diplomatic_Site_2,CS-55,Sayedabad_Terminal_Site_1,13515.7,542.4794717225486,475.68383234599094,Baridhara_Diplomatic,Sayedabad_Terminal,routed
CS-10,Baridhara_Diplomatic_Site_2,CS-56,Sayedabad_Terminal_Site_2,13515.7,542.4794717225486,354.404933525487,Baridhara_Diplomatic,Sayedabad_Terminal,routed
CS-10,Baridhara_Diplomatic_Site_2,CS-57,Jatrabari_Flyover_Hub_Site_1,14606.1,542.4794717225486,358.58247775190324,Baridhara_Diplomatic,Jatrabari_Flyover_Hub,routed
CS-10,Baridhara_Diplomatic_Site_2,CS-58,Jatrabari_Flyover_Hub_Site_2,14606.1,542.4794717225486,310.18785958369136,Baridhara_Diplomatic,Jatrabari_Flyover_Hub,routed
CS-11,Gulshan_2_Site_1,CS-01,Airport_Hub_Site_1,10242.9,492.9831332681502,387.56933574644125,Gulshan_2,Airport_Hub,routed
CS-11,Gulshan_2_Site_1,CS-02,Airport_Hub_Site_2,10242.9,492.9831332681502,506.34780845964383,Gulshan_2,Airport_Hub,routed
CS-11,Gulshan_2_Site_1,CS-03,Uttara_Sec3_Site_1,13036.599999999999,492.9831332681502,443.31187101564313,Gulshan_2,Uttara_Sec3,routed
CS-11,Gulshan_2_Site_1,CS-04,Uttara_Sec3_Site_2,13036.599999999999,492.9831332681502,131.83159473220599,Gulshan_2,Uttara_Sec3,routed
CS-11,Gulshan_2_Site_1,CS-05,Uttara_Sec11_Site_1,14141.3,492.9831332681502,521.1013425864372,Gulshan_2,Uttara_Sec11,routed
CS-11,Gulshan_2_Site_1,CS-06,Uttara_Sec11_Site_2,14141.3,492.9831332681502,444.3265930489434,Gulshan_2,Uttara_Sec11,routed
CS-11,Gulshan_2_Site_1,CS-07,Purbachal_300ft_Site_1,16317.8,492.9831332681502,491.45821785549737,Gulshan_2,Purbachal_300ft,routed
CS-11,Gulshan_2_Site_1,CS-08,Purbachal_300ft_Site_2,16317.8,492.9831332681502,486.0039816801295,Gulshan_2,Purbachal_300ft,routed
CS-11,Gulshan_2_Site_1,CS-09,Baridhara_Diplomatic_Site_1,946.1,492.9831332681502,480.90203532465125,Gulshan_2,Baridhara_Diplomatic,routed
CS-11,Gulshan_2_Site_1,CS-10,Baridhara_Diplomatic_Site_2,946.1,492.9831332681502,542.4794717225486,Gulshan_2,Baridhara_Diplomatic,routed
CS-11,Gulshan_2_Site_1,CS-12,Gulshan_2_Site_2,0.0,492.9831332681502,259.1007612239219,Gulshan_2,Gulshan_2,same_road_node
CS-11,Gulshan_2_Site_1,CS-13,Gulshan_1_Site_1,1400.7,492.9831332681502,557.8902441687196,Gulshan_2,Gulshan_1,routed
CS-11,Gulshan_2_Site_1,CS-14,Gulshan_1_Site_2,2411.8,492.9831332681502,425.1394136672309,Gulshan_2,Badda_Pragati_Sarani,routed
CS-11,Gulshan_2_Site_1,CS-15,Banani_11_Site_1,1105.6,492.9831332681502,641.5582961789066,Gulshan_2,Banani_11,routed
CS-11,Gulshan_2_Site_1,CS-16,Banani_11_Site_2,1105.6,492.9831332681502,487.73455572103404,Gulshan_2,Banani_11,routed
CS-11,Gulshan_2_Site_1,CS-17,Mohakhali_Terminal_Site_1,2992.0,492.9831332681502,274.0141386731775,Gulshan_2,Mohakhali_Terminal,routed
CS-11,Gulshan_2_Site_1,CS-18,Mohakhali_Terminal_Site_2,2992.0,492.9831332681502,667.4786340706916,Gulshan_2,Mohakhali_Terminal,routed
CS-11,Gulshan_2_Site_1,CS-19,Badda_Pragati_Sarani_Site_1,2411.8,492.9831332681502,376.98291121128,Gulshan_2,Badda_Pragati_Sarani,routed
CS-11,Gulshan_2_Site_1,CS-20,Badda_Pragati_Sarani_Site_2,2411.8,492.9831332681502,376.20287746857207,Gulshan_2,Badda_Pragati_Sarani,routed
CS-11,Gulshan_2_Site_1,CS-21,Hatirjheel_North_Site_1,4228.9,492.9831332681502,468.4064864979258,Gulshan_2,Hatirjheel_North,routed
CS-11,Gulshan_2_Site_1,CS-22,Hatirjheel_North_Site_2,4228.9,492.9831332681502,310.06191853650404,Gulshan_2,Hatirjheel_North,routed
CS-11,Gulshan_2_Site_1,CS-23,Tejgaon_Industrial_Site_1,5026.1,492.9831332681502,90.16608967047486,Gulshan_2,Tejgaon_Industrial,routed
CS-11,Gulshan_2_Site_1,CS-24,Tejgaon_Industrial_Site_2,5026.1,492.9831332681502,557.8967176144448,Gulshan_2,Tejgaon_Industrial,routed
CS-11,Gulshan_2_Site_1,CS-25,Kawran_Bazar_CBD_Site_1,6222.700000000001,492.9831332681502,369.97026595080973,Gulshan_2,Kawran_Bazar_CBD,routed
CS-11,Gulshan_2_Site_1,CS-26,Kawran_Bazar_CBD_Site_2,6222.700000000001,492.9831332681502,491.0807189387636,Gulshan_2,Kawran_Bazar_CBD,routed
CS-11,Gulshan_2_Site_1,CS-27,Farmgate_Hub_Site_1,6109.900000000001,492.9831332681502,456.4519527664829,Gulshan_2,Farmgate_Hub,routed
CS-11,Gulshan_2_Site_1,CS-28,Farmgate_Hub_Site_2,6109.900000000001,492.9831332681502,537.7862263087482,Gulshan_2,Farmgate_Hub,routed
CS-11,Gulshan_2_Site_1,CS-29,Dhanmondi_27_Site_1,7563.1,492.9831332681502,120.8257549786046,Gulshan_2,Dhanmondi_27,routed
CS-11,Gulshan_2_Site_1,CS-30,Dhanmondi_27_Site_2,7563.1,492.9831332681502,475.39463107740454,Gulshan_2,Dhanmondi_27,routed
CS-11,Gulshan_2_Site_1,CS-31,Dhanmondi_8A_Site_1,8219.2,492.9831332681502,616.0715403667175,Gulshan_2,Dhanmondi_8A,routed
CS-11,Gulshan_2_Site_1,CS-32,Dhanmondi_8A_Site_2,8219.2,492.9831332681502,411.70228464318944,Gulshan_2,Dhanmondi_8A,routed
CS-11,Gulshan_2_Site_1,CS-33,Shyamoli_Square_Site_1,10150.8,492.9831332681502,470.0130841296087,Gulshan_2,Shyamoli_Square,routed
CS-11,Gulshan_2_Site_1,CS-34,Shyamoli_Square_Site_2,10150.8,492.9831332681502,359.70204303201245,Gulshan_2,Shyamoli_Square,routed
CS-11,Gulshan_2_Site_1,CS-35,Mohammadpur_Townhall_Site_1,10163.7,492.9831332681502,369.96641661393016,Gulshan_2,Mohammadpur_Townhall,routed
CS-11,Gulshan_2_Site_1,CS-36,Mohammadpur_Townhall_Site_2,10163.7,492.9831332681502,532.4040986980325,Gulshan_2,Mohammadpur_Townhall,routed
CS-11,Gulshan_2_Site_1,CS-37,Mirpur_1_Site_1,9607.1,492.9831332681502,443.88921478801524,Gulshan_2,Mirpur_1,routed
CS-11,Gulshan_2_Site_1,CS-38,Mirpur_1_Site_2,9607.1,492.9831332681502,158.3147182012352,Gulshan_2,Mirpur_1,routed
CS-11,Gulshan_2_Site_1,CS-39,Mirpur_10_Circle_Site_1,7618.0,492.9831332681502,88.58928452209923,Gulshan_2,Mirpur_10_Circle,routed
CS-11,Gulshan_2_Site_1,CS-40,Mirpur_10_Circle_Site_2,7618.0,492.9831332681502,549.4653263343647,Gulshan_2,Mirpur_10_Circle,routed
CS-11,Gulshan_2_Site_1,CS-41,Mirpur_12_Site_1,9566.8,492.9831332681502,536.4117389493025,Gulshan_2,Mirpur_12,routed
CS-11,Gulshan_2_Site_1,CS-42,Mirpur_12_Site_2,9566.8,492.9831332681502,470.6049314333112,Gulshan_2,Mirpur_12,routed
CS-11,Gulshan_2_Site_1,CS-43,Gabtoli_Terminal_Site_1,12405.099999999999,492.9831332681502,419.1719209303812,Gulshan_2,Gabtoli_Terminal,routed
CS-11,Gulshan_2_Site_1,CS-44,Gabtoli_Terminal_Site_2,12405.099999999999,492.9831332681502,263.02616062219164,Gulshan_2,Gabtoli_Terminal,routed
CS-11,Gulshan_2_Site_1,CS-45,Shahbagh_Square_Site_1,8332.6,492.9831332681502,620.452455049284,Gulshan_2,Shahbagh_Square,routed
CS-11,Gulshan_2_Site_1,CS-46,Shahbagh_Square_Site_2,8332.6,492.9831332681502,149.4116807350283,Gulshan_2,Shahbagh_Square,routed
CS-11,Gulshan_2_Site_1,CS-47,Motijheel_CBD_Site_1,10673.6,492.9831332681502,154.02022873663583,Gulshan_2,Motijheel_CBD,routed
CS-11,Gulshan_2_Site_1,CS-48,Motijheel_CBD_Site_2,10673.6,492.9831332681502,523.372989683262,Gulshan_2,Motijheel_CBD,routed
CS-11,Gulshan_2_Site_1,CS-49,Kamalapur_Railway_Site_1,11366.5,492.9831332681502,268.36694973094154,Gulshan_2,Kamalapur_Railway,routed
CS-11,Gulshan_2_Site_1,CS-50,Kamalapur_Railway_Site_2,11366.5,492.9831332681502,183.61956766698643,Gulshan_2,Kamalapur_Railway,routed
CS-11,Gulshan_2_Site_1,CS-51,Old_Dhaka_Lalbagh_Site_1,16638.0,492.9831332681502,545.5895924795998,Gulshan_2,Old_Dhaka_Lalbagh,routed
CS-11,Gulshan_2_Site_1,CS-52,Old_Dhaka_Lalbagh_Site_2,16638.0,492.9831332681502,209.0234518928121,Gulshan_2,Old_Dhaka_Lalbagh,routed
CS-11,Gulshan_2_Site_1,CS-53,Old_Dhaka_Sadarghat_Site_1,13910.400000000001,492.9831332681502,232.38025140077238,Gulshan_2,Old_Dhaka_Sadarghat,routed
CS-11,Gulshan_2_Site_1,CS-54,Old_Dhaka_Sadarghat_Site_2,13910.400000000001,492.9831332681502,465.183542888821,Gulshan_2,Old_Dhaka_Sadarghat,routed
CS-11,Gulshan_2_Site_1,CS-55,Sayedabad_Terminal_Site_1,12569.6,492.9831332681502,475.68383234599094,Gulshan_2,Sayedabad_Terminal,routed
CS-11,Gulshan_2_Site_1,CS-56,Sayedabad_Terminal_Site_2,12569.6,492.9831332681502,354.404933525487,Gulshan_2,Sayedabad_Terminal,routed
CS-11,Gulshan_2_Site_1,CS-57,Jatrabari_Flyover_Hub_Site_1,13660.0,492.9831332681502,358.58247775190324,Gulshan_2,Jatrabari_Flyover_Hub,routed
CS-11,Gulshan_2_Site_1,CS-58,Jatrabari_Flyover_Hub_Site_2,13660.0,492.9831332681502,310.18785958369136,Gulshan_2,Jatrabari_Flyover_Hub,routed
CS-12,Gulshan_2_Site_2,CS-01,Airport_Hub_Site_1,10242.9,259.1007612239219,387.56933574644125,Gulshan_2,Airport_Hub,routed
CS-12,Gulshan_2_Site_2,CS-02,Airport_Hub_Site_2,10242.9,259.1007612239219,506.34780845964383,Gulshan_2,Airport_Hub,routed
CS-12,Gulshan_2_Site_2,CS-03,Uttara_Sec3_Site_1,13036.599999999999,259.1007612239219,443.31187101564313,Gulshan_2,Uttara_Sec3,routed
CS-12,Gulshan_2_Site_2,CS-04,Uttara_Sec3_Site_2,13036.599999999999,259.1007612239219,131.83159473220599,Gulshan_2,Uttara_Sec3,routed
CS-12,Gulshan_2_Site_2,CS-05,Uttara_Sec11_Site_1,14141.3,259.1007612239219,521.1013425864372,Gulshan_2,Uttara_Sec11,routed
CS-12,Gulshan_2_Site_2,CS-06,Uttara_Sec11_Site_2,14141.3,259.1007612239219,444.3265930489434,Gulshan_2,Uttara_Sec11,routed
CS-12,Gulshan_2_Site_2,CS-07,Purbachal_300ft_Site_1,16317.8,259.1007612239219,491.45821785549737,Gulshan_2,Purbachal_300ft,routed
CS-12,Gulshan_2_Site_2,CS-08,Purbachal_300ft_Site_2,16317.8,259.1007612239219,486.0039816801295,Gulshan_2,Purbachal_300ft,routed
CS-12,Gulshan_2_Site_2,CS-09,Baridhara_Diplomatic_Site_1,946.1,259.1007612239219,480.90203532465125,Gulshan_2,Baridhara_Diplomatic,routed
CS-12,Gulshan_2_Site_2,CS-10,Baridhara_Diplomatic_Site_2,946.1,259.1007612239219,542.4794717225486,Gulshan_2,Baridhara_Diplomatic,routed
CS-12,Gulshan_2_Site_2,CS-11,Gulshan_2_Site_1,0.0,259.1007612239219,492.9831332681502,Gulshan_2,Gulshan_2,same_road_node
CS-12,Gulshan_2_Site_2,CS-13,Gulshan_1_Site_1,1400.7,259.1007612239219,557.8902441687196,Gulshan_2,Gulshan_1,routed
CS-12,Gulshan_2_Site_2,CS-14,Gulshan_1_Site_2,2411.8,259.1007612239219,425.1394136672309,Gulshan_2,Badda_Pragati_Sarani,routed
CS-12,Gulshan_2_Site_2,CS-15,Banani_11_Site_1,1105.6,259.1007612239219,641.5582961789066,Gulshan_2,Banani_11,routed
CS-12,Gulshan_2_Site_2,CS-16,Banani_11_Site_2,1105.6,259.1007612239219,487.73455572103404,Gulshan_2,Banani_11,routed
CS-12,Gulshan_2_Site_2,CS-17,Mohakhali_Terminal_Site_1,2992.0,259.1007612239219,274.0141386731775,Gulshan_2,Mohakhali_Terminal,routed
CS-12,Gulshan_2_Site_2,CS-18,Mohakhali_Terminal_Site_2,2992.0,259.1007612239219,667.4786340706916,Gulshan_2,Mohakhali_Terminal,routed
CS-12,Gulshan_2_Site_2,CS-19,Badda_Pragati_Sarani_Site_1,2411.8,259.1007612239219,376.98291121128,Gulshan_2,Badda_Pragati_Sarani,routed
CS-12,Gulshan_2_Site_2,CS-20,Badda_Pragati_Sarani_Site_2,2411.8,259.1007612239219,376.20287746857207,Gulshan_2,Badda_Pragati_Sarani,routed
CS-12,Gulshan_2_Site_2,CS-21,Hatirjheel_North_Site_1,4228.9,259.1007612239219,468.4064864979258,Gulshan_2,Hatirjheel_North,routed
CS-12,Gulshan_2_Site_2,CS-22,Hatirjheel_North_Site_2,4228.9,259.1007612239219,310.06191853650404,Gulshan_2,Hatirjheel_North,routed
CS-12,Gulshan_2_Site_2,CS-23,Tejgaon_Industrial_Site_1,5026.1,259.1007612239219,90.16608967047486,Gulshan_2,Tejgaon_Industrial,routed
CS-12,Gulshan_2_Site_2,CS-24,Tejgaon_Industrial_Site_2,5026.1,259.1007612239219,557.8967176144448,Gulshan_2,Tejgaon_Industrial,routed
CS-12,Gulshan_2_Site_2,CS-25,Kawran_Bazar_CBD_Site_1,6222.700000000001,259.1007612239219,369.97026595080973,Gulshan_2,Kawran_Bazar_CBD,routed
CS-12,Gulshan_2_Site_2,CS-26,Kawran_Bazar_CBD_Site_2,6222.700000000001,259.1007612239219,491.0807189387636,Gulshan_2,Kawran_Bazar_CBD,routed
CS-12,Gulshan_2_Site_2,CS-27,Farmgate_Hub_Site_1,6109.900000000001,259.1007612239219,456.4519527664829,Gulshan_2,Farmgate_Hub,routed
CS-12,Gulshan_2_Site_2,CS-28,Farmgate_Hub_Site_2,6109.900000000001,259.1007612239219,537.7862263087482,Gulshan_2,Farmgate_Hub,routed
CS-12,Gulshan_2_Site_2,CS-29,Dhanmondi_27_Site_1,7563.1,259.1007612239219,120.8257549786046,Gulshan_2,Dhanmondi_27,routed
CS-12,Gulshan_2_Site_2,CS-30,Dhanmondi_27_Site_2,7563.1,259.1007612239219,475.39463107740454,Gulshan_2,Dhanmondi_27,routed
CS-12,Gulshan_2_Site_2,CS-31,Dhanmondi_8A_Site_1,8219.2,259.1007612239219,616.0715403667175,Gulshan_2,Dhanmondi_8A,routed
CS-12,Gulshan_2_Site_2,CS-32,Dhanmondi_8A_Site_2,8219.2,259.1007612239219,411.70228464318944,Gulshan_2,Dhanmondi_8A,routed
CS-12,Gulshan_2_Site_2,CS-33,Shyamoli_Square_Site_1,10150.8,259.1007612239219,470.0130841296087,Gulshan_2,Shyamoli_Square,routed
CS-12,Gulshan_2_Site_2,CS-34,Shyamoli_Square_Site_2,10150.8,259.1007612239219,359.70204303201245,Gulshan_2,Shyamoli_Square,routed
CS-12,Gulshan_2_Site_2,CS-35,Mohammadpur_Townhall_Site_1,10163.7,259.1007612239219,369.96641661393016,Gulshan_2,Mohammadpur_Townhall,routed
CS-12,Gulshan_2_Site_2,CS-36,Mohammadpur_Townhall_Site_2,10163.7,259.1007612239219,532.4040986980325,Gulshan_2,Mohammadpur_Townhall,routed
CS-12,Gulshan_2_Site_2,CS-37,Mirpur_1_Site_1,9607.1,259.1007612239219,443.88921478801524,Gulshan_2,Mirpur_1,routed
CS-12,Gulshan_2_Site_2,CS-38,Mirpur_1_Site_2,9607.1,259.1007612239219,158.3147182012352,Gulshan_2,Mirpur_1,routed
CS-12,Gulshan_2_Site_2,CS-39,Mirpur_10_Circle_Site_1,7618.0,259.1007612239219,88.58928452209923,Gulshan_2,Mirpur_10_Circle,routed
CS-12,Gulshan_2_Site_2,CS-40,Mirpur_10_Circle_Site_2,7618.0,259.1007612239219,549.4653263343647,Gulshan_2,Mirpur_10_Circle,routed
CS-12,Gulshan_2_Site_2,CS-41,Mirpur_12_Site_1,9566.8,259.1007612239219,536.4117389493025,Gulshan_2,Mirpur_12,routed
CS-12,Gulshan_2_Site_2,CS-42,Mirpur_12_Site_2,9566.8,259.1007612239219,470.6049314333112,Gulshan_2,Mirpur_12,routed
CS-12,Gulshan_2_Site_2,CS-43,Gabtoli_Terminal_Site_1,12405.099999999999,259.1007612239219,419.1719209303812,Gulshan_2,Gabtoli_Terminal,routed
CS-12,Gulshan_2_Site_2,CS-44,Gabtoli_Terminal_Site_2,12405.099999999999,259.1007612239219,263.02616062219164,Gulshan_2,Gabtoli_Terminal,routed
CS-12,Gulshan_2_Site_2,CS-45,Shahbagh_Square_Site_1,8332.6,259.1007612239219,620.452455049284,Gulshan_2,Shahbagh_Square,routed
CS-12,Gulshan_2_Site_2,CS-46,Shahbagh_Square_Site_2,8332.6,259.1007612239219,149.4116807350283,Gulshan_2,Shahbagh_Square,routed
CS-12,Gulshan_2_Site_2,CS-47,Motijheel_CBD_Site_1,10673.6,259.1007612239219,154.02022873663583,Gulshan_2,Motijheel_CBD,routed
CS-12,Gulshan_2_Site_2,CS-48,Motijheel_CBD_Site_2,10673.6,259.1007612239219,523.372989683262,Gulshan_2,Motijheel_CBD,routed
CS-12,Gulshan_2_Site_2,CS-49,Kamalapur_Railway_Site_1,11366.5,259.1007612239219,268.36694973094154,Gulshan_2,Kamalapur_Railway,routed
CS-12,Gulshan_2_Site_2,CS-50,Kamalapur_Railway_Site_2,11366.5,259.1007612239219,183.61956766698643,Gulshan_2,Kamalapur_Railway,routed
CS-12,Gulshan_2_Site_2,CS-51,Old_Dhaka_Lalbagh_Site_1,16638.0,259.1007612239219,545.5895924795998,Gulshan_2,Old_Dhaka_Lalbagh,routed
CS-12,Gulshan_2_Site_2,CS-52,Old_Dhaka_Lalbagh_Site_2,16638.0,259.1007612239219,209.0234518928121,Gulshan_2,Old_Dhaka_Lalbagh,routed
CS-12,Gulshan_2_Site_2,CS-53,Old_Dhaka_Sadarghat_Site_1,13910.400000000001,259.1007612239219,232.38025140077238,Gulshan_2,Old_Dhaka_Sadarghat,routed
CS-12,Gulshan_2_Site_2,CS-54,Old_Dhaka_Sadarghat_Site_2,13910.400000000001,259.1007612239219,465.183542888821,Gulshan_2,Old_Dhaka_Sadarghat,routed
CS-12,Gulshan_2_Site_2,CS-55,Sayedabad_Terminal_Site_1,12569.6,259.1007612239219,475.68383234599094,Gulshan_2,Sayedabad_Terminal,routed
CS-12,Gulshan_2_Site_2,CS-56,Sayedabad_Terminal_Site_2,12569.6,259.1007612239219,354.404933525487,Gulshan_2,Sayedabad_Terminal,routed
CS-12,Gulshan_2_Site_2,CS-57,Jatrabari_Flyover_Hub_Site_1,13660.0,259.1007612239219,358.58247775190324,Gulshan_2,Jatrabari_Flyover_Hub,routed
CS-12,Gulshan_2_Site_2,CS-58,Jatrabari_Flyover_Hub_Site_2,13660.0,259.1007612239219,310.18785958369136,Gulshan_2,Jatrabari_Flyover_Hub,routed
CS-13,Gulshan_1_Site_1,CS-01,Airport_Hub_Site_1,8842.199999999999,557.8902441687196,387.56933574644125,Gulshan_1,Airport_Hub,routed
CS-13,Gulshan_1_Site_1,CS-02,Airport_Hub_Site_2,8842.199999999999,557.8902441687196,506.34780845964383,Gulshan_1,Airport_Hub,routed
CS-13,Gulshan_1_Site_1,CS-03,Uttara_Sec3_Site_1,11635.899999999998,557.8902441687196,443.31187101564313,Gulshan_1,Uttara_Sec3,routed
CS-13,Gulshan_1_Site_1,CS-04,Uttara_Sec3_Site_2,11635.899999999998,557.8902441687196,131.83159473220599,Gulshan_1,Uttara_Sec3,routed
CS-13,Gulshan_1_Site_1,CS-05,Uttara_Sec11_Site_1,12740.599999999999,557.8902441687196,521.1013425864372,Gulshan_1,Uttara_Sec11,routed
CS-13,Gulshan_1_Site_1,CS-06,Uttara_Sec11_Site_2,12740.599999999999,557.8902441687196,444.3265930489434,Gulshan_1,Uttara_Sec11,routed
CS-13,Gulshan_1_Site_1,CS-07,Purbachal_300ft_Site_1,14917.099999999999,557.8902441687196,491.45821785549737,Gulshan_1,Purbachal_300ft,routed
CS-13,Gulshan_1_Site_1,CS-08,Purbachal_300ft_Site_2,14917.099999999999,557.8902441687196,486.0039816801295,Gulshan_1,Purbachal_300ft,routed
CS-13,Gulshan_1_Site_1,CS-09,Baridhara_Diplomatic_Site_1,2346.8,557.8902441687196,480.90203532465125,Gulshan_1,Baridhara_Diplomatic,routed
CS-13,Gulshan_1_Site_1,CS-10,Baridhara_Diplomatic_Site_2,2346.8,557.8902441687196,542.4794717225486,Gulshan_1,Baridhara_Diplomatic,routed
CS-13,Gulshan_1_Site_1,CS-11,Gulshan_2_Site_1,1400.7,557.8902441687196,492.9831332681502,Gulshan_1,Gulshan_2,routed
CS-13,Gulshan_1_Site_1,CS-12,Gulshan_2_Site_2,1400.7,557.8902441687196,259.1007612239219,Gulshan_1,Gulshan_2,routed
CS-13,Gulshan_1_Site_1,CS-14,Gulshan_1_Site_2,1011.1,557.8902441687196,425.1394136672309,Gulshan_1,Badda_Pragati_Sarani,routed
CS-13,Gulshan_1_Site_1,CS-15,Banani_11_Site_1,2506.3,557.8902441687196,641.5582961789066,Gulshan_1,Banani_11,routed
CS-13,Gulshan_1_Site_1,CS-16,Banani_11_Site_2,2506.3,557.8902441687196,487.73455572103404,Gulshan_1,Banani_11,routed
CS-13,Gulshan_1_Site_1,CS-17,Mohakhali_Terminal_Site_1,1591.3,557.8902441687196,274.0141386731775,Gulshan_1,Mohakhali_Terminal,routed
CS-13,Gulshan_1_Site_1,CS-18,Mohakhali_Terminal_Site_2,1591.3,557.8902441687196,667.4786340706916,Gulshan_1,Mohakhali_Terminal,routed
CS-13,Gulshan_1_Site_1,CS-19,Badda_Pragati_Sarani_Site_1,1011.1,557.8902441687196,376.98291121128,Gulshan_1,Badda_Pragati_Sarani,routed
CS-13,Gulshan_1_Site_1,CS-20,Badda_Pragati_Sarani_Site_2,1011.1,557.8902441687196,376.20287746857207,Gulshan_1,Badda_Pragati_Sarani,routed
CS-13,Gulshan_1_Site_1,CS-21,Hatirjheel_North_Site_1,2828.2,557.8902441687196,468.4064864979258,Gulshan_1,Hatirjheel_North,routed
CS-13,Gulshan_1_Site_1,CS-22,Hatirjheel_North_Site_2,2828.2,557.8902441687196,310.06191853650404,Gulshan_1,Hatirjheel_North,routed
CS-13,Gulshan_1_Site_1,CS-23,Tejgaon_Industrial_Site_1,3625.3999999999996,557.8902441687196,90.16608967047486,Gulshan_1,Tejgaon_Industrial,routed
CS-13,Gulshan_1_Site_1,CS-24,Tejgaon_Industrial_Site_2,3625.3999999999996,557.8902441687196,557.8967176144448,Gulshan_1,Tejgaon_Industrial,routed
CS-13,Gulshan_1_Site_1,CS-25,Kawran_Bazar_CBD_Site_1,4822.0,557.8902441687196,369.97026595080973,Gulshan_1,Kawran_Bazar_CBD,routed
CS-13,Gulshan_1_Site_1,CS-26,Kawran_Bazar_CBD_Site_2,4822.0,557.8902441687196,491.0807189387636,Gulshan_1,Kawran_Bazar_CBD,routed
CS-13,Gulshan_1_Site_1,CS-27,Farmgate_Hub_Site_1,4709.2,557.8902441687196,456.4519527664829,Gulshan_1,Farmgate_Hub,routed
CS-13,Gulshan_1_Site_1,CS-28,Farmgate_Hub_Site_2,4709.2,557.8902441687196,537.7862263087482,Gulshan_1,Farmgate_Hub,routed
CS-13,Gulshan_1_Site_1,CS-29,Dhanmondi_27_Site_1,6162.4,557.8902441687196,120.8257549786046,Gulshan_1,Dhanmondi_27,routed
CS-13,Gulshan_1_Site_1,CS-30,Dhanmondi_27_Site_2,6162.4,557.8902441687196,475.39463107740454,Gulshan_1,Dhanmondi_27,routed
CS-13,Gulshan_1_Site_1,CS-31,Dhanmondi_8A_Site_1,6818.5,557.8902441687196,616.0715403667175,Gulshan_1,Dhanmondi_8A,routed
CS-13,Gulshan_1_Site_1,CS-32,Dhanmondi_8A_Site_2,6818.5,557.8902441687196,411.70228464318944,Gulshan_1,Dhanmondi_8A,routed
CS-13,Gulshan_1_Site_1,CS-33,Shyamoli_Square_Site_1,8750.099999999999,557.8902441687196,470.0130841296087,Gulshan_1,Shyamoli_Square,routed
CS-13,Gulshan_1_Site_1,CS-34,Shyamoli_Square_Site_2,8750.099999999999,557.8902441687196,359.70204303201245,Gulshan_1,Shyamoli_Square,routed
CS-13,Gulshan_1_Site_1,CS-35,Mohammadpur_Townhall_Site_1,8763.0,557.8902441687196,369.96641661393016,Gulshan_1,Mohammadpur_Townhall,routed
CS-13,Gulshan_1_Site_1,CS-36,Mohammadpur_Townhall_Site_2,8763.0,557.8902441687196,532.4040986980325,Gulshan_1,Mohammadpur_Townhall,routed
CS-13,Gulshan_1_Site_1,CS-37,Mirpur_1_Site_1,8206.4,557.8902441687196,443.88921478801524,Gulshan_1,Mirpur_1,routed
CS-13,Gulshan_1_Site_1,CS-38,Mirpur_1_Site_2,8206.4,557.8902441687196,158.3147182012352,Gulshan_1,Mirpur_1,routed
CS-13,Gulshan_1_Site_1,CS-39,Mirpur_10_Circle_Site_1,6217.3,557.8902441687196,88.58928452209923,Gulshan_1,Mirpur_10_Circle,routed
CS-13,Gulshan_1_Site_1,CS-40,Mirpur_10_Circle_Site_2,6217.3,557.8902441687196,549.4653263343647,Gulshan_1,Mirpur_10_Circle,routed
CS-13,Gulshan_1_Site_1,CS-41,Mirpur_12_Site_1,8166.1,557.8902441687196,536.4117389493025,Gulshan_1,Mirpur_12,routed
CS-13,Gulshan_1_Site_1,CS-42,Mirpur_12_Site_2,8166.1,557.8902441687196,470.6049314333112,Gulshan_1,Mirpur_12,routed
CS-13,Gulshan_1_Site_1,CS-43,Gabtoli_Terminal_Site_1,11004.399999999998,557.8902441687196,419.1719209303812,Gulshan_1,Gabtoli_Terminal,routed
CS-13,Gulshan_1_Site_1,CS-44,Gabtoli_Terminal_Site_2,11004.399999999998,557.8902441687196,263.02616062219164,Gulshan_1,Gabtoli_Terminal,routed
CS-13,Gulshan_1_Site_1,CS-45,Shahbagh_Square_Site_1,6931.9,557.8902441687196,620.452455049284,Gulshan_1,Shahbagh_Square,routed
CS-13,Gulshan_1_Site_1,CS-46,Shahbagh_Square_Site_2,6931.9,557.8902441687196,149.4116807350283,Gulshan_1,Shahbagh_Square,routed
CS-13,Gulshan_1_Site_1,CS-47,Motijheel_CBD_Site_1,9272.9,557.8902441687196,154.02022873663583,Gulshan_1,Motijheel_CBD,routed
CS-13,Gulshan_1_Site_1,CS-48,Motijheel_CBD_Site_2,9272.9,557.8902441687196,523.372989683262,Gulshan_1,Motijheel_CBD,routed
CS-13,Gulshan_1_Site_1,CS-49,Kamalapur_Railway_Site_1,9965.8,557.8902441687196,268.36694973094154,Gulshan_1,Kamalapur_Railway,routed
CS-13,Gulshan_1_Site_1,CS-50,Kamalapur_Railway_Site_2,9965.8,557.8902441687196,183.61956766698643,Gulshan_1,Kamalapur_Railway,routed
CS-13,Gulshan_1_Site_1,CS-51,Old_Dhaka_Lalbagh_Site_1,15237.300000000001,557.8902441687196,545.5895924795998,Gulshan_1,Old_Dhaka_Lalbagh,routed
CS-13,Gulshan_1_Site_1,CS-52,Old_Dhaka_Lalbagh_Site_2,15237.300000000001,557.8902441687196,209.0234518928121,Gulshan_1,Old_Dhaka_Lalbagh,routed
CS-13,Gulshan_1_Site_1,CS-53,Old_Dhaka_Sadarghat_Site_1,12509.7,557.8902441687196,232.38025140077238,Gulshan_1,Old_Dhaka_Sadarghat,routed
CS-13,Gulshan_1_Site_1,CS-54,Old_Dhaka_Sadarghat_Site_2,12509.7,557.8902441687196,465.183542888821,Gulshan_1,Old_Dhaka_Sadarghat,routed
CS-13,Gulshan_1_Site_1,CS-55,Sayedabad_Terminal_Site_1,11168.9,557.8902441687196,475.68383234599094,Gulshan_1,Sayedabad_Terminal,routed
CS-13,Gulshan_1_Site_1,CS-56,Sayedabad_Terminal_Site_2,11168.9,557.8902441687196,354.404933525487,Gulshan_1,Sayedabad_Terminal,routed
CS-13,Gulshan_1_Site_1,CS-57,Jatrabari_Flyover_Hub_Site_1,12259.3,557.8902441687196,358.58247775190324,Gulshan_1,Jatrabari_Flyover_Hub,routed
CS-13,Gulshan_1_Site_1,CS-58,Jatrabari_Flyover_Hub_Site_2,12259.3,557.8902441687196,310.18785958369136,Gulshan_1,Jatrabari_Flyover_Hub,routed
CS-14,Gulshan_1_Site_2,CS-01,Airport_Hub_Site_1,9853.3,425.1394136672309,387.56933574644125,Badda_Pragati_Sarani,Airport_Hub,routed
CS-14,Gulshan_1_Site_2,CS-02,Airport_Hub_Site_2,9853.3,425.1394136672309,506.34780845964383,Badda_Pragati_Sarani,Airport_Hub,routed
CS-14,Gulshan_1_Site_2,CS-03,Uttara_Sec3_Site_1,12647.0,425.1394136672309,443.31187101564313,Badda_Pragati_Sarani,Uttara_Sec3,routed
CS-14,Gulshan_1_Site_2,CS-04,Uttara_Sec3_Site_2,12647.0,425.1394136672309,131.83159473220599,Badda_Pragati_Sarani,Uttara_Sec3,routed
CS-14,Gulshan_1_Site_2,CS-05,Uttara_Sec11_Site_1,13751.7,425.1394136672309,521.1013425864372,Badda_Pragati_Sarani,Uttara_Sec11,routed
CS-14,Gulshan_1_Site_2,CS-06,Uttara_Sec11_Site_2,13751.7,425.1394136672309,444.3265930489434,Badda_Pragati_Sarani,Uttara_Sec11,routed
CS-14,Gulshan_1_Site_2,CS-07,Purbachal_300ft_Site_1,15928.199999999999,425.1394136672309,491.45821785549737,Badda_Pragati_Sarani,Purbachal_300ft,routed
CS-14,Gulshan_1_Site_2,CS-08,Purbachal_300ft_Site_2,15928.199999999999,425.1394136672309,486.0039816801295,Badda_Pragati_Sarani,Purbachal_300ft,routed
CS-14,Gulshan_1_Site_2,CS-09,Baridhara_Diplomatic_Site_1,3357.9,425.1394136672309,480.90203532465125,Badda_Pragati_Sarani,Baridhara_Diplomatic,routed
CS-14,Gulshan_1_Site_2,CS-10,Baridhara_Diplomatic_Site_2,3357.9,425.1394136672309,542.4794717225486,Badda_Pragati_Sarani,Baridhara_Diplomatic,routed
CS-14,Gulshan_1_Site_2,CS-11,Gulshan_2_Site_1,2411.8,425.1394136672309,492.9831332681502,Badda_Pragati_Sarani,Gulshan_2,routed
CS-14,Gulshan_1_Site_2,CS-12,Gulshan_2_Site_2,2411.8,425.1394136672309,259.1007612239219,Badda_Pragati_Sarani,Gulshan_2,routed
CS-14,Gulshan_1_Site_2,CS-13,Gulshan_1_Site_1,1011.1,425.1394136672309,557.8902441687196,Badda_Pragati_Sarani,Gulshan_1,routed
CS-14,Gulshan_1_Site_2,CS-15,Banani_11_Site_1,3517.4,425.1394136672309,641.5582961789066,Badda_Pragati_Sarani,Banani_11,routed
CS-14,Gulshan_1_Site_2,CS-16,Banani_11_Site_2,3517.4,425.1394136672309,487.73455572103404,Badda_Pragati_Sarani,Banani_11,routed
CS-14,Gulshan_1_Site_2,CS-17,Mohakhali_Terminal_Site_1,2602.4,425.1394136672309,274.0141386731775,Badda_Pragati_Sarani,Mohakhali_Terminal,routed
CS-14,Gulshan_1_Site_2,CS-18,Mohakhali_Terminal_Site_2,2602.4,425.1394136672309,667.4786340706916,Badda_Pragati_Sarani,Mohakhali_Terminal,routed
CS-14,Gulshan_1_Site_2,CS-19,Badda_Pragati_Sarani_Site_1,0.0,425.1394136672309,376.98291121128,Badda_Pragati_Sarani,Badda_Pragati_Sarani,same_road_node
CS-14,Gulshan_1_Site_2,CS-20,Badda_Pragati_Sarani_Site_2,0.0,425.1394136672309,376.20287746857207,Badda_Pragati_Sarani,Badda_Pragati_Sarani,same_road_node
CS-14,Gulshan_1_Site_2,CS-21,Hatirjheel_North_Site_1,1817.1,425.1394136672309,468.4064864979258,Badda_Pragati_Sarani,Hatirjheel_North,routed
CS-14,Gulshan_1_Site_2,CS-22,Hatirjheel_North_Site_2,1817.1,425.1394136672309,310.06191853650404,Badda_Pragati_Sarani,Hatirjheel_North,routed
CS-14,Gulshan_1_Site_2,CS-23,Tejgaon_Industrial_Site_1,3304.0,425.1394136672309,90.16608967047486,Badda_Pragati_Sarani,Tejgaon_Industrial,routed
CS-14,Gulshan_1_Site_2,CS-24,Tejgaon_Industrial_Site_2,3304.0,425.1394136672309,557.8967176144448,Badda_Pragati_Sarani,Tejgaon_Industrial,routed
CS-14,Gulshan_1_Site_2,CS-25,Kawran_Bazar_CBD_Site_1,4500.6,425.1394136672309,369.97026595080973,Badda_Pragati_Sarani,Kawran_Bazar_CBD,routed
CS-14,Gulshan_1_Site_2,CS-26,Kawran_Bazar_CBD_Site_2,4500.6,425.1394136672309,491.0807189387636,Badda_Pragati_Sarani,Kawran_Bazar_CBD,routed
CS-14,Gulshan_1_Site_2,CS-27,Farmgate_Hub_Site_1,4387.8,425.1394136672309,456.4519527664829,Badda_Pragati_Sarani,Farmgate_Hub,routed
CS-14,Gulshan_1_Site_2,CS-28,Farmgate_Hub_Site_2,4387.8,425.1394136672309,537.7862263087482,Badda_Pragati_Sarani,Farmgate_Hub,routed
CS-14,Gulshan_1_Site_2,CS-29,Dhanmondi_27_Site_1,5841.0,425.1394136672309,120.8257549786046,Badda_Pragati_Sarani,Dhanmondi_27,routed
CS-14,Gulshan_1_Site_2,CS-30,Dhanmondi_27_Site_2,5841.0,425.1394136672309,475.39463107740454,Badda_Pragati_Sarani,Dhanmondi_27,routed
CS-14,Gulshan_1_Site_2,CS-31,Dhanmondi_8A_Site_1,6497.1,425.1394136672309,616.0715403667175,Badda_Pragati_Sarani,Dhanmondi_8A,routed
CS-14,Gulshan_1_Site_2,CS-32,Dhanmondi_8A_Site_2,6497.1,425.1394136672309,411.70228464318944,Badda_Pragati_Sarani,Dhanmondi_8A,routed
CS-14,Gulshan_1_Site_2,CS-33,Shyamoli_Square_Site_1,8428.7,425.1394136672309,470.0130841296087,Badda_Pragati_Sarani,Shyamoli_Square,routed
CS-14,Gulshan_1_Site_2,CS-34,Shyamoli_Square_Site_2,8428.7,425.1394136672309,359.70204303201245,Badda_Pragati_Sarani,Shyamoli_Square,routed
CS-14,Gulshan_1_Site_2,CS-35,Mohammadpur_Townhall_Site_1,8441.6,425.1394136672309,369.96641661393016,Badda_Pragati_Sarani,Mohammadpur_Townhall,routed
CS-14,Gulshan_1_Site_2,CS-36,Mohammadpur_Townhall_Site_2,8441.6,425.1394136672309,532.4040986980325,Badda_Pragati_Sarani,Mohammadpur_Townhall,routed
CS-14,Gulshan_1_Site_2,CS-37,Mirpur_1_Site_1,9217.5,425.1394136672309,443.88921478801524,Badda_Pragati_Sarani,Mirpur_1,routed
CS-14,Gulshan_1_Site_2,CS-38,Mirpur_1_Site_2,9217.5,425.1394136672309,158.3147182012352,Badda_Pragati_Sarani,Mirpur_1,routed
CS-14,Gulshan_1_Site_2,CS-39,Mirpur_10_Circle_Site_1,7228.4,425.1394136672309,88.58928452209923,Badda_Pragati_Sarani,Mirpur_10_Circle,routed
CS-14,Gulshan_1_Site_2,CS-40,Mirpur_10_Circle_Site_2,7228.4,425.1394136672309,549.4653263343647,Badda_Pragati_Sarani,Mirpur_10_Circle,routed
CS-14,Gulshan_1_Site_2,CS-41,Mirpur_12_Site_1,9177.199999999999,425.1394136672309,536.4117389493025,Badda_Pragati_Sarani,Mirpur_12,routed
CS-14,Gulshan_1_Site_2,CS-42,Mirpur_12_Site_2,9177.199999999999,425.1394136672309,470.6049314333112,Badda_Pragati_Sarani,Mirpur_12,routed
CS-14,Gulshan_1_Site_2,CS-43,Gabtoli_Terminal_Site_1,10683.0,425.1394136672309,419.1719209303812,Badda_Pragati_Sarani,Gabtoli_Terminal,routed
CS-14,Gulshan_1_Site_2,CS-44,Gabtoli_Terminal_Site_2,10683.0,425.1394136672309,263.02616062219164,Badda_Pragati_Sarani,Gabtoli_Terminal,routed
CS-14,Gulshan_1_Site_2,CS-45,Shahbagh_Square_Site_1,6610.5,425.1394136672309,620.452455049284,Badda_Pragati_Sarani,Shahbagh_Square,routed
CS-14,Gulshan_1_Site_2,CS-46,Shahbagh_Square_Site_2,6610.5,425.1394136672309,149.4116807350283,Badda_Pragati_Sarani,Shahbagh_Square,routed
CS-14,Gulshan_1_Site_2,CS-47,Motijheel_CBD_Site_1,8951.5,425.1394136672309,154.02022873663583,Badda_Pragati_Sarani,Motijheel_CBD,routed
CS-14,Gulshan_1_Site_2,CS-48,Motijheel_CBD_Site_2,8951.5,425.1394136672309,523.372989683262,Badda_Pragati_Sarani,Motijheel_CBD,routed
CS-14,Gulshan_1_Site_2,CS-49,Kamalapur_Railway_Site_1,9644.4,425.1394136672309,268.36694973094154,Badda_Pragati_Sarani,Kamalapur_Railway,routed
CS-14,Gulshan_1_Site_2,CS-50,Kamalapur_Railway_Site_2,9644.4,425.1394136672309,183.61956766698643,Badda_Pragati_Sarani,Kamalapur_Railway,routed
CS-14,Gulshan_1_Site_2,CS-51,Old_Dhaka_Lalbagh_Site_1,14915.9,425.1394136672309,545.5895924795998,Badda_Pragati_Sarani,Old_Dhaka_Lalbagh,routed
CS-14,Gulshan_1_Site_2,CS-52,Old_Dhaka_Lalbagh_Site_2,14915.9,425.1394136672309,209.0234518928121,Badda_Pragati_Sarani,Old_Dhaka_Lalbagh,routed
CS-14,Gulshan_1_Site_2,CS-53,Old_Dhaka_Sadarghat_Site_1,12188.3,425.1394136672309,232.38025140077238,Badda_Pragati_Sarani,Old_Dhaka_Sadarghat,routed
CS-14,Gulshan_1_Site_2,CS-54,Old_Dhaka_Sadarghat_Site_2,12188.3,425.1394136672309,465.183542888821,Badda_Pragati_Sarani,Old_Dhaka_Sadarghat,routed
CS-14,Gulshan_1_Site_2,CS-55,Sayedabad_Terminal_Site_1,10847.5,425.1394136672309,475.68383234599094,Badda_Pragati_Sarani,Sayedabad_Terminal,routed
CS-14,Gulshan_1_Site_2,CS-56,Sayedabad_Terminal_Site_2,10847.5,425.1394136672309,354.404933525487,Badda_Pragati_Sarani,Sayedabad_Terminal,routed
CS-14,Gulshan_1_Site_2,CS-57,Jatrabari_Flyover_Hub_Site_1,11937.9,425.1394136672309,358.58247775190324,Badda_Pragati_Sarani,Jatrabari_Flyover_Hub,routed
CS-14,Gulshan_1_Site_2,CS-58,Jatrabari_Flyover_Hub_Site_2,11937.9,425.1394136672309,310.18785958369136,Badda_Pragati_Sarani,Jatrabari_Flyover_Hub,routed
CS-15,Banani_11_Site_1,CS-01,Airport_Hub_Site_1,11348.5,641.5582961789066,387.56933574644125,Banani_11,Airport_Hub,routed
CS-15,Banani_11_Site_1,CS-02,Airport_Hub_Site_2,11348.5,641.5582961789066,506.34780845964383,Banani_11,Airport_Hub,routed
CS-15,Banani_11_Site_1,CS-03,Uttara_Sec3_Site_1,14142.2,641.5582961789066,443.31187101564313,Banani_11,Uttara_Sec3,routed
CS-15,Banani_11_Site_1,CS-04,Uttara_Sec3_Site_2,14142.2,641.5582961789066,131.83159473220599,Banani_11,Uttara_Sec3,routed
CS-15,Banani_11_Site_1,CS-05,Uttara_Sec11_Site_1,15246.900000000001,641.5582961789066,521.1013425864372,Banani_11,Uttara_Sec11,routed
CS-15,Banani_11_Site_1,CS-06,Uttara_Sec11_Site_2,15246.900000000001,641.5582961789066,444.3265930489434,Banani_11,Uttara_Sec11,routed
CS-15,Banani_11_Site_1,CS-07,Purbachal_300ft_Site_1,17423.4,641.5582961789066,491.45821785549737,Banani_11,Purbachal_300ft,routed
CS-15,Banani_11_Site_1,CS-08,Purbachal_300ft_Site_2,17423.4,641.5582961789066,486.0039816801295,Banani_11,Purbachal_300ft,routed
CS-15,Banani_11_Site_1,CS-09,Baridhara_Diplomatic_Site_1,2051.7,641.5582961789066,480.90203532465125,Banani_11,Baridhara_Diplomatic,routed
CS-15,Banani_11_Site_1,CS-10,Baridhara_Diplomatic_Site_2,2051.7,641.5582961789066,542.4794717225486,Banani_11,Baridhara_Diplomatic,routed
CS-15,Banani_11_Site_1,CS-11,Gulshan_2_Site_1,1105.6,641.5582961789066,492.9831332681502,Banani_11,Gulshan_2,routed
CS-15,Banani_11_Site_1,CS-12,Gulshan_2_Site_2,1105.6,641.5582961789066,259.1007612239219,Banani_11,Gulshan_2,routed
CS-15,Banani_11_Site_1,CS-13,Gulshan_1_Site_1,2506.3,641.5582961789066,557.8902441687196,Banani_11,Gulshan_1,routed
CS-15,Banani_11_Site_1,CS-14,Gulshan_1_Site_2,3517.4,641.5582961789066,425.1394136672309,Banani_11,Badda_Pragati_Sarani,routed
CS-15,Banani_11_Site_1,CS-16,Banani_11_Site_2,0.0,641.5582961789066,487.73455572103404,Banani_11,Banani_11,same_road_node
CS-15,Banani_11_Site_1,CS-17,Mohakhali_Terminal_Site_1,4097.6,641.5582961789066,274.0141386731775,Banani_11,Mohakhali_Terminal,routed
CS-15,Banani_11_Site_1,CS-18,Mohakhali_Terminal_Site_2,4097.6,641.5582961789066,667.4786340706916,Banani_11,Mohakhali_Terminal,routed
CS-15,Banani_11_Site_1,CS-19,Badda_Pragati_Sarani_Site_1,3517.4,641.5582961789066,376.98291121128,Banani_11,Badda_Pragati_Sarani,routed
CS-15,Banani_11_Site_1,CS-20,Badda_Pragati_Sarani_Site_2,3517.4,641.5582961789066,376.20287746857207,Banani_11,Badda_Pragati_Sarani,routed
CS-15,Banani_11_Site_1,CS-21,Hatirjheel_North_Site_1,5334.5,641.5582961789066,468.4064864979258,Banani_11,Hatirjheel_North,routed
CS-15,Banani_11_Site_1,CS-22,Hatirjheel_North_Site_2,5334.5,641.5582961789066,310.06191853650404,Banani_11,Hatirjheel_North,routed
CS-15,Banani_11_Site_1,CS-23,Tejgaon_Industrial_Site_1,6131.700000000001,641.5582961789066,90.16608967047486,Banani_11,Tejgaon_Industrial,routed
CS-15,Banani_11_Site_1,CS-24,Tejgaon_Industrial_Site_2,6131.700000000001,641.5582961789066,557.8967176144448,Banani_11,Tejgaon_Industrial,routed
CS-15,Banani_11_Site_1,CS-25,Kawran_Bazar_CBD_Site_1,7328.300000000001,641.5582961789066,369.97026595080973,Banani_11,Kawran_Bazar_CBD,routed
CS-15,Banani_11_Site_1,CS-26,Kawran_Bazar_CBD_Site_2,7328.300000000001,641.5582961789066,491.0807189387636,Banani_11,Kawran_Bazar_CBD,routed
CS-15,Banani_11_Site_1,CS-27,Farmgate_Hub_Site_1,7215.500000000001,641.5582961789066,456.4519527664829,Banani_11,Farmgate_Hub,routed
CS-15,Banani_11_Site_1,CS-28,Farmgate_Hub_Site_2,7215.500000000001,641.5582961789066,537.7862263087482,Banani_11,Farmgate_Hub,routed
CS-15,Banani_11_Site_1,CS-29,Dhanmondi_27_Site_1,8668.7,641.5582961789066,120.8257549786046,Banani_11,Dhanmondi_27,routed
CS-15,Banani_11_Site_1,CS-30,Dhanmondi_27_Site_2,8668.7,641.5582961789066,475.39463107740454,Banani_11,Dhanmondi_27,routed
CS-15,Banani_11_Site_1,CS-31,Dhanmondi_8A_Site_1,9324.800000000001,641.5582961789066,616.0715403667175,Banani_11,Dhanmondi_8A,routed
CS-15,Banani_11_Site_1,CS-32,Dhanmondi_8A_Site_2,9324.800000000001,641.5582961789066,411.70228464318944,Banani_11,Dhanmondi_8A,routed
CS-15,Banani_11_Site_1,CS-33,Shyamoli_Square_Site_1,11256.400000000001,641.5582961789066,470.0130841296087,Banani_11,Shyamoli_Square,routed
CS-15,Banani_11_Site_1,CS-34,Shyamoli_Square_Site_2,11256.400000000001,641.5582961789066,359.70204303201245,Banani_11,Shyamoli_Square,routed
CS-15,Banani_11_Site_1,CS-35,Mohammadpur_Townhall_Site_1,11269.300000000001,641.5582961789066,369.96641661393016,Banani_11,Mohammadpur_Townhall,routed
CS-15,Banani_11_Site_1,CS-36,Mohammadpur_Townhall_Site_2,11269.300000000001,641.5582961789066,532.4040986980325,Banani_11,Mohammadpur_Townhall,routed
CS-15,Banani_11_Site_1,CS-37,Mirpur_1_Site_1,10712.7,641.5582961789066,443.88921478801524,Banani_11,Mirpur_1,routed
CS-15,Banani_11_Site_1,CS-38,Mirpur_1_Site_2,10712.7,641.5582961789066,158.3147182012352,Banani_11,Mirpur_1,routed
CS-15,Banani_11_Site_1,CS-39,Mirpur_10_Circle_Site_1,8723.6,641.5582961789066,88.58928452209923,Banani_11,Mirpur_10_Circle,routed
CS-15,Banani_11_Site_1,CS-40,Mirpur_10_Circle_Site_2,8723.6,641.5582961789066,549.4653263343647,Banani_11,Mirpur_10_Circle,routed
CS-15,Banani_11_Site_1,CS-41,Mirpur_12_Site_1,10672.4,641.5582961789066,536.4117389493025,Banani_11,Mirpur_12,routed
CS-15,Banani_11_Site_1,CS-42,Mirpur_12_Site_2,10672.4,641.5582961789066,470.6049314333112,Banani_11,Mirpur_12,routed
CS-15,Banani_11_Site_1,CS-43,Gabtoli_Terminal_Site_1,13510.7,641.5582961789066,419.1719209303812,Banani_11,Gabtoli_Terminal,routed
CS-15,Banani_11_Site_1,CS-44,Gabtoli_Terminal_Site_2,13510.7,641.5582961789066,263.02616062219164,Banani_11,Gabtoli_Terminal,routed
CS-15,Banani_11_Site_1,CS-45,Shahbagh_Square_Site_1,9438.2,641.5582961789066,620.452455049284,Banani_11,Shahbagh_Square,routed
CS-15,Banani_11_Site_1,CS-46,Shahbagh_Square_Site_2,9438.2,641.5582961789066,149.4116807350283,Banani_11,Shahbagh_Square,routed
CS-15,Banani_11_Site_1,CS-47,Motijheel_CBD_Site_1,11779.2,641.5582961789066,154.02022873663583,Banani_11,Motijheel_CBD,routed
CS-15,Banani_11_Site_1,CS-48,Motijheel_CBD_Site_2,11779.2,641.5582961789066,523.372989683262,Banani_11,Motijheel_CBD,routed
CS-15,Banani_11_Site_1,CS-49,Kamalapur_Railway_Site_1,12472.1,641.5582961789066,268.36694973094154,Banani_11,Kamalapur_Railway,routed
CS-15,Banani_11_Site_1,CS-50,Kamalapur_Railway_Site_2,12472.1,641.5582961789066,183.61956766698643,Banani_11,Kamalapur_Railway,routed
CS-15,Banani_11_Site_1,CS-51,Old_Dhaka_Lalbagh_Site_1,17743.6,641.5582961789066,545.5895924795998,Banani_11,Old_Dhaka_Lalbagh,routed
CS-15,Banani_11_Site_1,CS-52,Old_Dhaka_Lalbagh_Site_2,17743.6,641.5582961789066,209.0234518928121,Banani_11,Old_Dhaka_Lalbagh,routed
CS-15,Banani_11_Site_1,CS-53,Old_Dhaka_Sadarghat_Site_1,15016.0,641.5582961789066,232.38025140077238,Banani_11,Old_Dhaka_Sadarghat,routed
CS-15,Banani_11_Site_1,CS-54,Old_Dhaka_Sadarghat_Site_2,15016.0,641.5582961789066,465.183542888821,Banani_11,Old_Dhaka_Sadarghat,routed
CS-15,Banani_11_Site_1,CS-55,Sayedabad_Terminal_Site_1,13675.2,641.5582961789066,475.68383234599094,Banani_11,Sayedabad_Terminal,routed
CS-15,Banani_11_Site_1,CS-56,Sayedabad_Terminal_Site_2,13675.2,641.5582961789066,354.404933525487,Banani_11,Sayedabad_Terminal,routed
CS-15,Banani_11_Site_1,CS-57,Jatrabari_Flyover_Hub_Site_1,14765.6,641.5582961789066,358.58247775190324,Banani_11,Jatrabari_Flyover_Hub,routed
CS-15,Banani_11_Site_1,CS-58,Jatrabari_Flyover_Hub_Site_2,14765.6,641.5582961789066,310.18785958369136,Banani_11,Jatrabari_Flyover_Hub,routed
CS-16,Banani_11_Site_2,CS-01,Airport_Hub_Site_1,11348.5,487.73455572103404,387.56933574644125,Banani_11,Airport_Hub,routed
CS-16,Banani_11_Site_2,CS-02,Airport_Hub_Site_2,11348.5,487.73455572103404,506.34780845964383,Banani_11,Airport_Hub,routed
CS-16,Banani_11_Site_2,CS-03,Uttara_Sec3_Site_1,14142.2,487.73455572103404,443.31187101564313,Banani_11,Uttara_Sec3,routed
CS-16,Banani_11_Site_2,CS-04,Uttara_Sec3_Site_2,14142.2,487.73455572103404,131.83159473220599,Banani_11,Uttara_Sec3,routed
CS-16,Banani_11_Site_2,CS-05,Uttara_Sec11_Site_1,15246.900000000001,487.73455572103404,521.1013425864372,Banani_11,Uttara_Sec11,routed
CS-16,Banani_11_Site_2,CS-06,Uttara_Sec11_Site_2,15246.900000000001,487.73455572103404,444.3265930489434,Banani_11,Uttara_Sec11,routed
CS-16,Banani_11_Site_2,CS-07,Purbachal_300ft_Site_1,17423.4,487.73455572103404,491.45821785549737,Banani_11,Purbachal_300ft,routed
CS-16,Banani_11_Site_2,CS-08,Purbachal_300ft_Site_2,17423.4,487.73455572103404,486.0039816801295,Banani_11,Purbachal_300ft,routed
CS-16,Banani_11_Site_2,CS-09,Baridhara_Diplomatic_Site_1,2051.7,487.73455572103404,480.90203532465125,Banani_11,Baridhara_Diplomatic,routed
CS-16,Banani_11_Site_2,CS-10,Baridhara_Diplomatic_Site_2,2051.7,487.73455572103404,542.4794717225486,Banani_11,Baridhara_Diplomatic,routed
CS-16,Banani_11_Site_2,CS-11,Gulshan_2_Site_1,1105.6,487.73455572103404,492.9831332681502,Banani_11,Gulshan_2,routed
CS-16,Banani_11_Site_2,CS-12,Gulshan_2_Site_2,1105.6,487.73455572103404,259.1007612239219,Banani_11,Gulshan_2,routed
CS-16,Banani_11_Site_2,CS-13,Gulshan_1_Site_1,2506.3,487.73455572103404,557.8902441687196,Banani_11,Gulshan_1,routed
CS-16,Banani_11_Site_2,CS-14,Gulshan_1_Site_2,3517.4,487.73455572103404,425.1394136672309,Banani_11,Badda_Pragati_Sarani,routed
CS-16,Banani_11_Site_2,CS-15,Banani_11_Site_1,0.0,487.73455572103404,641.5582961789066,Banani_11,Banani_11,same_road_node
CS-16,Banani_11_Site_2,CS-17,Mohakhali_Terminal_Site_1,4097.6,487.73455572103404,274.0141386731775,Banani_11,Mohakhali_Terminal,routed
CS-16,Banani_11_Site_2,CS-18,Mohakhali_Terminal_Site_2,4097.6,487.73455572103404,667.4786340706916,Banani_11,Mohakhali_Terminal,routed
CS-16,Banani_11_Site_2,CS-19,Badda_Pragati_Sarani_Site_1,3517.4,487.73455572103404,376.98291121128,Banani_11,Badda_Pragati_Sarani,routed
CS-16,Banani_11_Site_2,CS-20,Badda_Pragati_Sarani_Site_2,3517.4,487.73455572103404,376.20287746857207,Banani_11,Badda_Pragati_Sarani,routed
CS-16,Banani_11_Site_2,CS-21,Hatirjheel_North_Site_1,5334.5,487.73455572103404,468.4064864979258,Banani_11,Hatirjheel_North,routed
CS-16,Banani_11_Site_2,CS-22,Hatirjheel_North_Site_2,5334.5,487.73455572103404,310.06191853650404,Banani_11,Hatirjheel_North,routed
CS-16,Banani_11_Site_2,CS-23,Tejgaon_Industrial_Site_1,6131.700000000001,487.73455572103404,90.16608967047486,Banani_11,Tejgaon_Industrial,routed
CS-16,Banani_11_Site_2,CS-24,Tejgaon_Industrial_Site_2,6131.700000000001,487.73455572103404,557.8967176144448,Banani_11,Tejgaon_Industrial,routed
CS-16,Banani_11_Site_2,CS-25,Kawran_Bazar_CBD_Site_1,7328.300000000001,487.73455572103404,369.97026595080973,Banani_11,Kawran_Bazar_CBD,routed
CS-16,Banani_11_Site_2,CS-26,Kawran_Bazar_CBD_Site_2,7328.300000000001,487.73455572103404,491.0807189387636,Banani_11,Kawran_Bazar_CBD,routed
CS-16,Banani_11_Site_2,CS-27,Farmgate_Hub_Site_1,7215.500000000001,487.73455572103404,456.4519527664829,Banani_11,Farmgate_Hub,routed
CS-16,Banani_11_Site_2,CS-28,Farmgate_Hub_Site_2,7215.500000000001,487.73455572103404,537.7862263087482,Banani_11,Farmgate_Hub,routed
CS-16,Banani_11_Site_2,CS-29,Dhanmondi_27_Site_1,8668.7,487.73455572103404,120.8257549786046,Banani_11,Dhanmondi_27,routed
CS-16,Banani_11_Site_2,CS-30,Dhanmondi_27_Site_2,8668.7,487.73455572103404,475.39463107740454,Banani_11,Dhanmondi_27,routed
CS-16,Banani_11_Site_2,CS-31,Dhanmondi_8A_Site_1,9324.800000000001,487.73455572103404,616.0715403667175,Banani_11,Dhanmondi_8A,routed
CS-16,Banani_11_Site_2,CS-32,Dhanmondi_8A_Site_2,9324.800000000001,487.73455572103404,411.70228464318944,Banani_11,Dhanmondi_8A,routed
CS-16,Banani_11_Site_2,CS-33,Shyamoli_Square_Site_1,11256.400000000001,487.73455572103404,470.0130841296087,Banani_11,Shyamoli_Square,routed
CS-16,Banani_11_Site_2,CS-34,Shyamoli_Square_Site_2,11256.400000000001,487.73455572103404,359.70204303201245,Banani_11,Shyamoli_Square,routed
CS-16,Banani_11_Site_2,CS-35,Mohammadpur_Townhall_Site_1,11269.300000000001,487.73455572103404,369.96641661393016,Banani_11,Mohammadpur_Townhall,routed
CS-16,Banani_11_Site_2,CS-36,Mohammadpur_Townhall_Site_2,11269.300000000001,487.73455572103404,532.4040986980325,Banani_11,Mohammadpur_Townhall,routed
CS-16,Banani_11_Site_2,CS-37,Mirpur_1_Site_1,10712.7,487.73455572103404,443.88921478801524,Banani_11,Mirpur_1,routed
CS-16,Banani_11_Site_2,CS-38,Mirpur_1_Site_2,10712.7,487.73455572103404,158.3147182012352,Banani_11,Mirpur_1,routed
CS-16,Banani_11_Site_2,CS-39,Mirpur_10_Circle_Site_1,8723.6,487.73455572103404,88.58928452209923,Banani_11,Mirpur_10_Circle,routed
CS-16,Banani_11_Site_2,CS-40,Mirpur_10_Circle_Site_2,8723.6,487.73455572103404,549.4653263343647,Banani_11,Mirpur_10_Circle,routed
CS-16,Banani_11_Site_2,CS-41,Mirpur_12_Site_1,10672.4,487.73455572103404,536.4117389493025,Banani_11,Mirpur_12,routed
CS-16,Banani_11_Site_2,CS-42,Mirpur_12_Site_2,10672.4,487.73455572103404,470.6049314333112,Banani_11,Mirpur_12,routed
CS-16,Banani_11_Site_2,CS-43,Gabtoli_Terminal_Site_1,13510.7,487.73455572103404,419.1719209303812,Banani_11,Gabtoli_Terminal,routed
CS-16,Banani_11_Site_2,CS-44,Gabtoli_Terminal_Site_2,13510.7,487.73455572103404,263.02616062219164,Banani_11,Gabtoli_Terminal,routed
CS-16,Banani_11_Site_2,CS-45,Shahbagh_Square_Site_1,9438.2,487.73455572103404,620.452455049284,Banani_11,Shahbagh_Square,routed
CS-16,Banani_11_Site_2,CS-46,Shahbagh_Square_Site_2,9438.2,487.73455572103404,149.4116807350283,Banani_11,Shahbagh_Square,routed
CS-16,Banani_11_Site_2,CS-47,Motijheel_CBD_Site_1,11779.2,487.73455572103404,154.02022873663583,Banani_11,Motijheel_CBD,routed
CS-16,Banani_11_Site_2,CS-48,Motijheel_CBD_Site_2,11779.2,487.73455572103404,523.372989683262,Banani_11,Motijheel_CBD,routed
CS-16,Banani_11_Site_2,CS-49,Kamalapur_Railway_Site_1,12472.1,487.73455572103404,268.36694973094154,Banani_11,Kamalapur_Railway,routed
CS-16,Banani_11_Site_2,CS-50,Kamalapur_Railway_Site_2,12472.1,487.73455572103404,183.61956766698643,Banani_11,Kamalapur_Railway,routed
CS-16,Banani_11_Site_2,CS-51,Old_Dhaka_Lalbagh_Site_1,17743.6,487.73455572103404,545.5895924795998,Banani_11,Old_Dhaka_Lalbagh,routed
CS-16,Banani_11_Site_2,CS-52,Old_Dhaka_Lalbagh_Site_2,17743.6,487.73455572103404,209.0234518928121,Banani_11,Old_Dhaka_Lalbagh,routed
CS-16,Banani_11_Site_2,CS-53,Old_Dhaka_Sadarghat_Site_1,15016.0,487.73455572103404,232.38025140077238,Banani_11,Old_Dhaka_Sadarghat,routed
CS-16,Banani_11_Site_2,CS-54,Old_Dhaka_Sadarghat_Site_2,15016.0,487.73455572103404,465.183542888821,Banani_11,Old_Dhaka_Sadarghat,routed
CS-16,Banani_11_Site_2,CS-55,Sayedabad_Terminal_Site_1,13675.2,487.73455572103404,475.68383234599094,Banani_11,Sayedabad_Terminal,routed
CS-16,Banani_11_Site_2,CS-56,Sayedabad_Terminal_Site_2,13675.2,487.73455572103404,354.404933525487,Banani_11,Sayedabad_Terminal,routed
CS-16,Banani_11_Site_2,CS-57,Jatrabari_Flyover_Hub_Site_1,14765.6,487.73455572103404,358.58247775190324,Banani_11,Jatrabari_Flyover_Hub,routed
CS-16,Banani_11_Site_2,CS-58,Jatrabari_Flyover_Hub_Site_2,14765.6,487.73455572103404,310.18785958369136,Banani_11,Jatrabari_Flyover_Hub,routed
CS-17,Mohakhali_Terminal_Site_1,CS-01,Airport_Hub_Site_1,7250.9,274.0141386731775,387.56933574644125,Mohakhali_Terminal,Airport_Hub,routed
CS-17,Mohakhali_Terminal_Site_1,CS-02,Airport_Hub_Site_2,7250.9,274.0141386731775,506.34780845964383,Mohakhali_Terminal,Airport_Hub,routed
CS-17,Mohakhali_Terminal_Site_1,CS-03,Uttara_Sec3_Site_1,10044.599999999999,274.0141386731775,443.31187101564313,Mohakhali_Terminal,Uttara_Sec3,routed
CS-17,Mohakhali_Terminal_Site_1,CS-04,Uttara_Sec3_Site_2,10044.599999999999,274.0141386731775,131.83159473220599,Mohakhali_Terminal,Uttara_Sec3,routed
CS-17,Mohakhali_Terminal_Site_1,CS-05,Uttara_Sec11_Site_1,11149.3,274.0141386731775,521.1013425864372,Mohakhali_Terminal,Uttara_Sec11,routed
CS-17,Mohakhali_Terminal_Site_1,CS-06,Uttara_Sec11_Site_2,11149.3,274.0141386731775,444.3265930489434,Mohakhali_Terminal,Uttara_Sec11,routed
CS-17,Mohakhali_Terminal_Site_1,CS-07,Purbachal_300ft_Site_1,13325.8,274.0141386731775,491.45821785549737,Mohakhali_Terminal,Purbachal_300ft,routed
CS-17,Mohakhali_Terminal_Site_1,CS-08,Purbachal_300ft_Site_2,13325.8,274.0141386731775,486.0039816801295,Mohakhali_Terminal,Purbachal_300ft,routed
CS-17,Mohakhali_Terminal_Site_1,CS-09,Baridhara_Diplomatic_Site_1,3938.1,274.0141386731775,480.90203532465125,Mohakhali_Terminal,Baridhara_Diplomatic,routed
CS-17,Mohakhali_Terminal_Site_1,CS-10,Baridhara_Diplomatic_Site_2,3938.1,274.0141386731775,542.4794717225486,Mohakhali_Terminal,Baridhara_Diplomatic,routed
CS-17,Mohakhali_Terminal_Site_1,CS-11,Gulshan_2_Site_1,2992.0,274.0141386731775,492.9831332681502,Mohakhali_Terminal,Gulshan_2,routed
CS-17,Mohakhali_Terminal_Site_1,CS-12,Gulshan_2_Site_2,2992.0,274.0141386731775,259.1007612239219,Mohakhali_Terminal,Gulshan_2,routed
CS-17,Mohakhali_Terminal_Site_1,CS-13,Gulshan_1_Site_1,1591.3,274.0141386731775,557.8902441687196,Mohakhali_Terminal,Gulshan_1,routed
CS-17,Mohakhali_Terminal_Site_1,CS-14,Gulshan_1_Site_2,2602.4,274.0141386731775,425.1394136672309,Mohakhali_Terminal,Badda_Pragati_Sarani,routed
CS-17,Mohakhali_Terminal_Site_1,CS-15,Banani_11_Site_1,4097.6,274.0141386731775,641.5582961789066,Mohakhali_Terminal,Banani_11,routed
CS-17,Mohakhali_Terminal_Site_1,CS-16,Banani_11_Site_2,4097.6,274.0141386731775,487.73455572103404,Mohakhali_Terminal,Banani_11,routed
CS-17,Mohakhali_Terminal_Site_1,CS-18,Mohakhali_Terminal_Site_2,0.0,274.0141386731775,667.4786340706916,Mohakhali_Terminal,Mohakhali_Terminal,same_road_node
CS-17,Mohakhali_Terminal_Site_1,CS-19,Badda_Pragati_Sarani_Site_1,2602.4,274.0141386731775,376.98291121128,Mohakhali_Terminal,Badda_Pragati_Sarani,routed
CS-17,Mohakhali_Terminal_Site_1,CS-20,Badda_Pragati_Sarani_Site_2,2602.4,274.0141386731775,376.20287746857207,Mohakhali_Terminal,Badda_Pragati_Sarani,routed
CS-17,Mohakhali_Terminal_Site_1,CS-21,Hatirjheel_North_Site_1,3521.0,274.0141386731775,468.4064864979258,Mohakhali_Terminal,Hatirjheel_North,routed
CS-17,Mohakhali_Terminal_Site_1,CS-22,Hatirjheel_North_Site_2,3521.0,274.0141386731775,310.06191853650404,Mohakhali_Terminal,Hatirjheel_North,routed
CS-17,Mohakhali_Terminal_Site_1,CS-23,Tejgaon_Industrial_Site_1,2034.1,274.0141386731775,90.16608967047486,Mohakhali_Terminal,Tejgaon_Industrial,routed
CS-17,Mohakhali_Terminal_Site_1,CS-24,Tejgaon_Industrial_Site_2,2034.1,274.0141386731775,557.8967176144448,Mohakhali_Terminal,Tejgaon_Industrial,routed
CS-17,Mohakhali_Terminal_Site_1,CS-25,Kawran_Bazar_CBD_Site_1,3230.7,274.0141386731775,369.97026595080973,Mohakhali_Terminal,Kawran_Bazar_CBD,routed
CS-17,Mohakhali_Terminal_Site_1,CS-26,Kawran_Bazar_CBD_Site_2,3230.7,274.0141386731775,491.0807189387636,Mohakhali_Terminal,Kawran_Bazar_CBD,routed
CS-17,Mohakhali_Terminal_Site_1,CS-27,Farmgate_Hub_Site_1,3117.8999999999996,274.0141386731775,456.4519527664829,Mohakhali_Terminal,Farmgate_Hub,routed
CS-17,Mohakhali_Terminal_Site_1,CS-28,Farmgate_Hub_Site_2,3117.8999999999996,274.0141386731775,537.7862263087482,Mohakhali_Terminal,Farmgate_Hub,routed
CS-17,Mohakhali_Terminal_Site_1,CS-29,Dhanmondi_27_Site_1,4571.099999999999,274.0141386731775,120.8257549786046,Mohakhali_Terminal,Dhanmondi_27,routed
CS-17,Mohakhali_Terminal_Site_1,CS-30,Dhanmondi_27_Site_2,4571.099999999999,274.0141386731775,475.39463107740454,Mohakhali_Terminal,Dhanmondi_27,routed
CS-17,Mohakhali_Terminal_Site_1,CS-31,Dhanmondi_8A_Site_1,5227.2,274.0141386731775,616.0715403667175,Mohakhali_Terminal,Dhanmondi_8A,routed
CS-17,Mohakhali_Terminal_Site_1,CS-32,Dhanmondi_8A_Site_2,5227.2,274.0141386731775,411.70228464318944,Mohakhali_Terminal,Dhanmondi_8A,routed
CS-17,Mohakhali_Terminal_Site_1,CS-33,Shyamoli_Square_Site_1,7158.799999999999,274.0141386731775,470.0130841296087,Mohakhali_Terminal,Shyamoli_Square,routed
CS-17,Mohakhali_Terminal_Site_1,CS-34,Shyamoli_Square_Site_2,7158.799999999999,274.0141386731775,359.70204303201245,Mohakhali_Terminal,Shyamoli_Square,routed
CS-17,Mohakhali_Terminal_Site_1,CS-35,Mohammadpur_Townhall_Site_1,7171.7,274.0141386731775,369.96641661393016,Mohakhali_Terminal,Mohammadpur_Townhall,routed
CS-17,Mohakhali_Terminal_Site_1,CS-36,Mohammadpur_Townhall_Site_2,7171.7,274.0141386731775,532.4040986980325,Mohakhali_Terminal,Mohammadpur_Townhall,routed
CS-17,Mohakhali_Terminal_Site_1,CS-37,Mirpur_1_Site_1,6615.1,274.0141386731775,443.88921478801524,Mohakhali_Terminal,Mirpur_1,routed
CS-17,Mohakhali_Terminal_Site_1,CS-38,Mirpur_1_Site_2,6615.1,274.0141386731775,158.3147182012352,Mohakhali_Terminal,Mirpur_1,routed
CS-17,Mohakhali_Terminal_Site_1,CS-39,Mirpur_10_Circle_Site_1,4626.0,274.0141386731775,88.58928452209923,Mohakhali_Terminal,Mirpur_10_Circle,routed
CS-17,Mohakhali_Terminal_Site_1,CS-40,Mirpur_10_Circle_Site_2,4626.0,274.0141386731775,549.4653263343647,Mohakhali_Terminal,Mirpur_10_Circle,routed
CS-17,Mohakhali_Terminal_Site_1,CS-41,Mirpur_12_Site_1,6574.8,274.0141386731775,536.4117389493025,Mohakhali_Terminal,Mirpur_12,routed
CS-17,Mohakhali_Terminal_Site_1,CS-42,Mirpur_12_Site_2,6574.8,274.0141386731775,470.6049314333112,Mohakhali_Terminal,Mirpur_12,routed
CS-17,Mohakhali_Terminal_Site_1,CS-43,Gabtoli_Terminal_Site_1,9413.099999999999,274.0141386731775,419.1719209303812,Mohakhali_Terminal,Gabtoli_Terminal,routed
CS-17,Mohakhali_Terminal_Site_1,CS-44,Gabtoli_Terminal_Site_2,9413.099999999999,274.0141386731775,263.02616062219164,Mohakhali_Terminal,Gabtoli_Terminal,routed
CS-17,Mohakhali_Terminal_Site_1,CS-45,Shahbagh_Square_Site_1,5340.599999999999,274.0141386731775,620.452455049284,Mohakhali_Terminal,Shahbagh_Square,routed
CS-17,Mohakhali_Terminal_Site_1,CS-46,Shahbagh_Square_Site_2,5340.599999999999,274.0141386731775,149.4116807350283,Mohakhali_Terminal,Shahbagh_Square,routed
CS-17,Mohakhali_Terminal_Site_1,CS-47,Motijheel_CBD_Site_1,7681.599999999999,274.0141386731775,154.02022873663583,Mohakhali_Terminal,Motijheel_CBD,routed
CS-17,Mohakhali_Terminal_Site_1,CS-48,Motijheel_CBD_Site_2,7681.599999999999,274.0141386731775,523.372989683262,Mohakhali_Terminal,Motijheel_CBD,routed
CS-17,Mohakhali_Terminal_Site_1,CS-49,Kamalapur_Railway_Site_1,8374.5,274.0141386731775,268.36694973094154,Mohakhali_Terminal,Kamalapur_Railway,routed
CS-17,Mohakhali_Terminal_Site_1,CS-50,Kamalapur_Railway_Site_2,8374.5,274.0141386731775,183.61956766698643,Mohakhali_Terminal,Kamalapur_Railway,routed
CS-17,Mohakhali_Terminal_Site_1,CS-51,Old_Dhaka_Lalbagh_Site_1,13646.0,274.0141386731775,545.5895924795998,Mohakhali_Terminal,Old_Dhaka_Lalbagh,routed
CS-17,Mohakhali_Terminal_Site_1,CS-52,Old_Dhaka_Lalbagh_Site_2,13646.0,274.0141386731775,209.0234518928121,Mohakhali_Terminal,Old_Dhaka_Lalbagh,routed
CS-17,Mohakhali_Terminal_Site_1,CS-53,Old_Dhaka_Sadarghat_Site_1,10918.4,274.0141386731775,232.38025140077238,Mohakhali_Terminal,Old_Dhaka_Sadarghat,routed
CS-17,Mohakhali_Terminal_Site_1,CS-54,Old_Dhaka_Sadarghat_Site_2,10918.4,274.0141386731775,465.183542888821,Mohakhali_Terminal,Old_Dhaka_Sadarghat,routed
CS-17,Mohakhali_Terminal_Site_1,CS-55,Sayedabad_Terminal_Site_1,9577.599999999999,274.0141386731775,475.68383234599094,Mohakhali_Terminal,Sayedabad_Terminal,routed
CS-17,Mohakhali_Terminal_Site_1,CS-56,Sayedabad_Terminal_Site_2,9577.599999999999,274.0141386731775,354.404933525487,Mohakhali_Terminal,Sayedabad_Terminal,routed
CS-17,Mohakhali_Terminal_Site_1,CS-57,Jatrabari_Flyover_Hub_Site_1,10667.999999999998,274.0141386731775,358.58247775190324,Mohakhali_Terminal,Jatrabari_Flyover_Hub,routed
CS-17,Mohakhali_Terminal_Site_1,CS-58,Jatrabari_Flyover_Hub_Site_2,10667.999999999998,274.0141386731775,310.18785958369136,Mohakhali_Terminal,Jatrabari_Flyover_Hub,routed
CS-18,Mohakhali_Terminal_Site_2,CS-01,Airport_Hub_Site_1,7250.9,667.4786340706916,387.56933574644125,Mohakhali_Terminal,Airport_Hub,routed
CS-18,Mohakhali_Terminal_Site_2,CS-02,Airport_Hub_Site_2,7250.9,667.4786340706916,506.34780845964383,Mohakhali_Terminal,Airport_Hub,routed
CS-18,Mohakhali_Terminal_Site_2,CS-03,Uttara_Sec3_Site_1,10044.599999999999,667.4786340706916,443.31187101564313,Mohakhali_Terminal,Uttara_Sec3,routed
CS-18,Mohakhali_Terminal_Site_2,CS-04,Uttara_Sec3_Site_2,10044.599999999999,667.4786340706916,131.83159473220599,Mohakhali_Terminal,Uttara_Sec3,routed
CS-18,Mohakhali_Terminal_Site_2,CS-05,Uttara_Sec11_Site_1,11149.3,667.4786340706916,521.1013425864372,Mohakhali_Terminal,Uttara_Sec11,routed
CS-18,Mohakhali_Terminal_Site_2,CS-06,Uttara_Sec11_Site_2,11149.3,667.4786340706916,444.3265930489434,Mohakhali_Terminal,Uttara_Sec11,routed
CS-18,Mohakhali_Terminal_Site_2,CS-07,Purbachal_300ft_Site_1,13325.8,667.4786340706916,491.45821785549737,Mohakhali_Terminal,Purbachal_300ft,routed
CS-18,Mohakhali_Terminal_Site_2,CS-08,Purbachal_300ft_Site_2,13325.8,667.4786340706916,486.0039816801295,Mohakhali_Terminal,Purbachal_300ft,routed
CS-18,Mohakhali_Terminal_Site_2,CS-09,Baridhara_Diplomatic_Site_1,3938.1,667.4786340706916,480.90203532465125,Mohakhali_Terminal,Baridhara_Diplomatic,routed
CS-18,Mohakhali_Terminal_Site_2,CS-10,Baridhara_Diplomatic_Site_2,3938.1,667.4786340706916,542.4794717225486,Mohakhali_Terminal,Baridhara_Diplomatic,routed
CS-18,Mohakhali_Terminal_Site_2,CS-11,Gulshan_2_Site_1,2992.0,667.4786340706916,492.9831332681502,Mohakhali_Terminal,Gulshan_2,routed
CS-18,Mohakhali_Terminal_Site_2,CS-12,Gulshan_2_Site_2,2992.0,667.4786340706916,259.1007612239219,Mohakhali_Terminal,Gulshan_2,routed
CS-18,Mohakhali_Terminal_Site_2,CS-13,Gulshan_1_Site_1,1591.3,667.4786340706916,557.8902441687196,Mohakhali_Terminal,Gulshan_1,routed
CS-18,Mohakhali_Terminal_Site_2,CS-14,Gulshan_1_Site_2,2602.4,667.4786340706916,425.1394136672309,Mohakhali_Terminal,Badda_Pragati_Sarani,routed
CS-18,Mohakhali_Terminal_Site_2,CS-15,Banani_11_Site_1,4097.6,667.4786340706916,641.5582961789066,Mohakhali_Terminal,Banani_11,routed
CS-18,Mohakhali_Terminal_Site_2,CS-16,Banani_11_Site_2,4097.6,667.4786340706916,487.73455572103404,Mohakhali_Terminal,Banani_11,routed
CS-18,Mohakhali_Terminal_Site_2,CS-17,Mohakhali_Terminal_Site_1,0.0,667.4786340706916,274.0141386731775,Mohakhali_Terminal,Mohakhali_Terminal,same_road_node
CS-18,Mohakhali_Terminal_Site_2,CS-19,Badda_Pragati_Sarani_Site_1,2602.4,667.4786340706916,376.98291121128,Mohakhali_Terminal,Badda_Pragati_Sarani,routed
CS-18,Mohakhali_Terminal_Site_2,CS-20,Badda_Pragati_Sarani_Site_2,2602.4,667.4786340706916,376.20287746857207,Mohakhali_Terminal,Badda_Pragati_Sarani,routed
CS-18,Mohakhali_Terminal_Site_2,CS-21,Hatirjheel_North_Site_1,3521.0,667.4786340706916,468.4064864979258,Mohakhali_Terminal,Hatirjheel_North,routed
CS-18,Mohakhali_Terminal_Site_2,CS-22,Hatirjheel_North_Site_2,3521.0,667.4786340706916,310.06191853650404,Mohakhali_Terminal,Hatirjheel_North,routed
CS-18,Mohakhali_Terminal_Site_2,CS-23,Tejgaon_Industrial_Site_1,2034.1,667.4786340706916,90.16608967047486,Mohakhali_Terminal,Tejgaon_Industrial,routed
CS-18,Mohakhali_Terminal_Site_2,CS-24,Tejgaon_Industrial_Site_2,2034.1,667.4786340706916,557.8967176144448,Mohakhali_Terminal,Tejgaon_Industrial,routed
CS-18,Mohakhali_Terminal_Site_2,CS-25,Kawran_Bazar_CBD_Site_1,3230.7,667.4786340706916,369.97026595080973,Mohakhali_Terminal,Kawran_Bazar_CBD,routed
CS-18,Mohakhali_Terminal_Site_2,CS-26,Kawran_Bazar_CBD_Site_2,3230.7,667.4786340706916,491.0807189387636,Mohakhali_Terminal,Kawran_Bazar_CBD,routed
CS-18,Mohakhali_Terminal_Site_2,CS-27,Farmgate_Hub_Site_1,3117.8999999999996,667.4786340706916,456.4519527664829,Mohakhali_Terminal,Farmgate_Hub,routed
CS-18,Mohakhali_Terminal_Site_2,CS-28,Farmgate_Hub_Site_2,3117.8999999999996,667.4786340706916,537.7862263087482,Mohakhali_Terminal,Farmgate_Hub,routed
CS-18,Mohakhali_Terminal_Site_2,CS-29,Dhanmondi_27_Site_1,4571.099999999999,667.4786340706916,120.8257549786046,Mohakhali_Terminal,Dhanmondi_27,routed
CS-18,Mohakhali_Terminal_Site_2,CS-30,Dhanmondi_27_Site_2,4571.099999999999,667.4786340706916,475.39463107740454,Mohakhali_Terminal,Dhanmondi_27,routed
CS-18,Mohakhali_Terminal_Site_2,CS-31,Dhanmondi_8A_Site_1,5227.2,667.4786340706916,616.0715403667175,Mohakhali_Terminal,Dhanmondi_8A,routed
CS-18,Mohakhali_Terminal_Site_2,CS-32,Dhanmondi_8A_Site_2,5227.2,667.4786340706916,411.70228464318944,Mohakhali_Terminal,Dhanmondi_8A,routed
CS-18,Mohakhali_Terminal_Site_2,CS-33,Shyamoli_Square_Site_1,7158.799999999999,667.4786340706916,470.0130841296087,Mohakhali_Terminal,Shyamoli_Square,routed
CS-18,Mohakhali_Terminal_Site_2,CS-34,Shyamoli_Square_Site_2,7158.799999999999,667.4786340706916,359.70204303201245,Mohakhali_Terminal,Shyamoli_Square,routed
CS-18,Mohakhali_Terminal_Site_2,CS-35,Mohammadpur_Townhall_Site_1,7171.7,667.4786340706916,369.96641661393016,Mohakhali_Terminal,Mohammadpur_Townhall,routed
CS-18,Mohakhali_Terminal_Site_2,CS-36,Mohammadpur_Townhall_Site_2,7171.7,667.4786340706916,532.4040986980325,Mohakhali_Terminal,Mohammadpur_Townhall,routed
CS-18,Mohakhali_Terminal_Site_2,CS-37,Mirpur_1_Site_1,6615.1,667.4786340706916,443.88921478801524,Mohakhali_Terminal,Mirpur_1,routed
CS-18,Mohakhali_Terminal_Site_2,CS-38,Mirpur_1_Site_2,6615.1,667.4786340706916,158.3147182012352,Mohakhali_Terminal,Mirpur_1,routed
CS-18,Mohakhali_Terminal_Site_2,CS-39,Mirpur_10_Circle_Site_1,4626.0,667.4786340706916,88.58928452209923,Mohakhali_Terminal,Mirpur_10_Circle,routed
CS-18,Mohakhali_Terminal_Site_2,CS-40,Mirpur_10_Circle_Site_2,4626.0,667.4786340706916,549.4653263343647,Mohakhali_Terminal,Mirpur_10_Circle,routed
CS-18,Mohakhali_Terminal_Site_2,CS-41,Mirpur_12_Site_1,6574.8,667.4786340706916,536.4117389493025,Mohakhali_Terminal,Mirpur_12,routed
CS-18,Mohakhali_Terminal_Site_2,CS-42,Mirpur_12_Site_2,6574.8,667.4786340706916,470.6049314333112,Mohakhali_Terminal,Mirpur_12,routed
CS-18,Mohakhali_Terminal_Site_2,CS-43,Gabtoli_Terminal_Site_1,9413.099999999999,667.4786340706916,419.1719209303812,Mohakhali_Terminal,Gabtoli_Terminal,routed
CS-18,Mohakhali_Terminal_Site_2,CS-44,Gabtoli_Terminal_Site_2,9413.099999999999,667.4786340706916,263.02616062219164,Mohakhali_Terminal,Gabtoli_Terminal,routed
CS-18,Mohakhali_Terminal_Site_2,CS-45,Shahbagh_Square_Site_1,5340.599999999999,667.4786340706916,620.452455049284,Mohakhali_Terminal,Shahbagh_Square,routed
CS-18,Mohakhali_Terminal_Site_2,CS-46,Shahbagh_Square_Site_2,5340.599999999999,667.4786340706916,149.4116807350283,Mohakhali_Terminal,Shahbagh_Square,routed
CS-18,Mohakhali_Terminal_Site_2,CS-47,Motijheel_CBD_Site_1,7681.599999999999,667.4786340706916,154.02022873663583,Mohakhali_Terminal,Motijheel_CBD,routed
CS-18,Mohakhali_Terminal_Site_2,CS-48,Motijheel_CBD_Site_2,7681.599999999999,667.4786340706916,523.372989683262,Mohakhali_Terminal,Motijheel_CBD,routed
CS-18,Mohakhali_Terminal_Site_2,CS-49,Kamalapur_Railway_Site_1,8374.5,667.4786340706916,268.36694973094154,Mohakhali_Terminal,Kamalapur_Railway,routed
CS-18,Mohakhali_Terminal_Site_2,CS-50,Kamalapur_Railway_Site_2,8374.5,667.4786340706916,183.61956766698643,Mohakhali_Terminal,Kamalapur_Railway,routed
CS-18,Mohakhali_Terminal_Site_2,CS-51,Old_Dhaka_Lalbagh_Site_1,13646.0,667.4786340706916,545.5895924795998,Mohakhali_Terminal,Old_Dhaka_Lalbagh,routed
CS-18,Mohakhali_Terminal_Site_2,CS-52,Old_Dhaka_Lalbagh_Site_2,13646.0,667.4786340706916,209.0234518928121,Mohakhali_Terminal,Old_Dhaka_Lalbagh,routed
CS-18,Mohakhali_Terminal_Site_2,CS-53,Old_Dhaka_Sadarghat_Site_1,10918.4,667.4786340706916,232.38025140077238,Mohakhali_Terminal,Old_Dhaka_Sadarghat,routed
CS-18,Mohakhali_Terminal_Site_2,CS-54,Old_Dhaka_Sadarghat_Site_2,10918.4,667.4786340706916,465.183542888821,Mohakhali_Terminal,Old_Dhaka_Sadarghat,routed
CS-18,Mohakhali_Terminal_Site_2,CS-55,Sayedabad_Terminal_Site_1,9577.599999999999,667.4786340706916,475.68383234599094,Mohakhali_Terminal,Sayedabad_Terminal,routed
CS-18,Mohakhali_Terminal_Site_2,CS-56,Sayedabad_Terminal_Site_2,9577.599999999999,667.4786340706916,354.404933525487,Mohakhali_Terminal,Sayedabad_Terminal,routed
CS-18,Mohakhali_Terminal_Site_2,CS-57,Jatrabari_Flyover_Hub_Site_1,10667.999999999998,667.4786340706916,358.58247775190324,Mohakhali_Terminal,Jatrabari_Flyover_Hub,routed
CS-18,Mohakhali_Terminal_Site_2,CS-58,Jatrabari_Flyover_Hub_Site_2,10667.999999999998,667.4786340706916,310.18785958369136,Mohakhali_Terminal,Jatrabari_Flyover_Hub,routed
CS-19,Badda_Pragati_Sarani_Site_1,CS-01,Airport_Hub_Site_1,9853.3,376.98291121128,387.56933574644125,Badda_Pragati_Sarani,Airport_Hub,routed
CS-19,Badda_Pragati_Sarani_Site_1,CS-02,Airport_Hub_Site_2,9853.3,376.98291121128,506.34780845964383,Badda_Pragati_Sarani,Airport_Hub,routed
CS-19,Badda_Pragati_Sarani_Site_1,CS-03,Uttara_Sec3_Site_1,12647.0,376.98291121128,443.31187101564313,Badda_Pragati_Sarani,Uttara_Sec3,routed
CS-19,Badda_Pragati_Sarani_Site_1,CS-04,Uttara_Sec3_Site_2,12647.0,376.98291121128,131.83159473220599,Badda_Pragati_Sarani,Uttara_Sec3,routed
CS-19,Badda_Pragati_Sarani_Site_1,CS-05,Uttara_Sec11_Site_1,13751.7,376.98291121128,521.1013425864372,Badda_Pragati_Sarani,Uttara_Sec11,routed
CS-19,Badda_Pragati_Sarani_Site_1,CS-06,Uttara_Sec11_Site_2,13751.7,376.98291121128,444.3265930489434,Badda_Pragati_Sarani,Uttara_Sec11,routed
CS-19,Badda_Pragati_Sarani_Site_1,CS-07,Purbachal_300ft_Site_1,15928.199999999999,376.98291121128,491.45821785549737,Badda_Pragati_Sarani,Purbachal_300ft,routed
CS-19,Badda_Pragati_Sarani_Site_1,CS-08,Purbachal_300ft_Site_2,15928.199999999999,376.98291121128,486.0039816801295,Badda_Pragati_Sarani,Purbachal_300ft,routed
CS-19,Badda_Pragati_Sarani_Site_1,CS-09,Baridhara_Diplomatic_Site_1,3357.9,376.98291121128,480.90203532465125,Badda_Pragati_Sarani,Baridhara_Diplomatic,routed
CS-19,Badda_Pragati_Sarani_Site_1,CS-10,Baridhara_Diplomatic_Site_2,3357.9,376.98291121128,542.4794717225486,Badda_Pragati_Sarani,Baridhara_Diplomatic,routed
CS-19,Badda_Pragati_Sarani_Site_1,CS-11,Gulshan_2_Site_1,2411.8,376.98291121128,492.9831332681502,Badda_Pragati_Sarani,Gulshan_2,routed
CS-19,Badda_Pragati_Sarani_Site_1,CS-12,Gulshan_2_Site_2,2411.8,376.98291121128,259.1007612239219,Badda_Pragati_Sarani,Gulshan_2,routed
CS-19,Badda_Pragati_Sarani_Site_1,CS-13,Gulshan_1_Site_1,1011.1,376.98291121128,557.8902441687196,Badda_Pragati_Sarani,Gulshan_1,routed
CS-19,Badda_Pragati_Sarani_Site_1,CS-14,Gulshan_1_Site_2,0.0,376.98291121128,425.1394136672309,Badda_Pragati_Sarani,Badda_Pragati_Sarani,same_road_node
CS-19,Badda_Pragati_Sarani_Site_1,CS-15,Banani_11_Site_1,3517.4,376.98291121128,641.5582961789066,Badda_Pragati_Sarani,Banani_11,routed
CS-19,Badda_Pragati_Sarani_Site_1,CS-16,Banani_11_Site_2,3517.4,376.98291121128,487.73455572103404,Badda_Pragati_Sarani,Banani_11,routed
CS-19,Badda_Pragati_Sarani_Site_1,CS-17,Mohakhali_Terminal_Site_1,2602.4,376.98291121128,274.0141386731775,Badda_Pragati_Sarani,Mohakhali_Terminal,routed
CS-19,Badda_Pragati_Sarani_Site_1,CS-18,Mohakhali_Terminal_Site_2,2602.4,376.98291121128,667.4786340706916,Badda_Pragati_Sarani,Mohakhali_Terminal,routed
CS-19,Badda_Pragati_Sarani_Site_1,CS-20,Badda_Pragati_Sarani_Site_2,0.0,376.98291121128,376.20287746857207,Badda_Pragati_Sarani,Badda_Pragati_Sarani,same_road_node
CS-19,Badda_Pragati_Sarani_Site_1,CS-21,Hatirjheel_North_Site_1,1817.1,376.98291121128,468.4064864979258,Badda_Pragati_Sarani,Hatirjheel_North,routed
CS-19,Badda_Pragati_Sarani_Site_1,CS-22,Hatirjheel_North_Site_2,1817.1,376.98291121128,310.06191853650404,Badda_Pragati_Sarani,Hatirjheel_North,routed
CS-19,Badda_Pragati_Sarani_Site_1,CS-23,Tejgaon_Industrial_Site_1,3304.0,376.98291121128,90.16608967047486,Badda_Pragati_Sarani,Tejgaon_Industrial,routed
CS-19,Badda_Pragati_Sarani_Site_1,CS-24,Tejgaon_Industrial_Site_2,3304.0,376.98291121128,557.8967176144448,Badda_Pragati_Sarani,Tejgaon_Industrial,routed
CS-19,Badda_Pragati_Sarani_Site_1,CS-25,Kawran_Bazar_CBD_Site_1,4500.6,376.98291121128,369.97026595080973,Badda_Pragati_Sarani,Kawran_Bazar_CBD,routed
CS-19,Badda_Pragati_Sarani_Site_1,CS-26,Kawran_Bazar_CBD_Site_2,4500.6,376.98291121128,491.0807189387636,Badda_Pragati_Sarani,Kawran_Bazar_CBD,routed
CS-19,Badda_Pragati_Sarani_Site_1,CS-27,Farmgate_Hub_Site_1,4387.8,376.98291121128,456.4519527664829,Badda_Pragati_Sarani,Farmgate_Hub,routed
CS-19,Badda_Pragati_Sarani_Site_1,CS-28,Farmgate_Hub_Site_2,4387.8,376.98291121128,537.7862263087482,Badda_Pragati_Sarani,Farmgate_Hub,routed
CS-19,Badda_Pragati_Sarani_Site_1,CS-29,Dhanmondi_27_Site_1,5841.0,376.98291121128,120.8257549786046,Badda_Pragati_Sarani,Dhanmondi_27,routed
CS-19,Badda_Pragati_Sarani_Site_1,CS-30,Dhanmondi_27_Site_2,5841.0,376.98291121128,475.39463107740454,Badda_Pragati_Sarani,Dhanmondi_27,routed
CS-19,Badda_Pragati_Sarani_Site_1,CS-31,Dhanmondi_8A_Site_1,6497.1,376.98291121128,616.0715403667175,Badda_Pragati_Sarani,Dhanmondi_8A,routed
CS-19,Badda_Pragati_Sarani_Site_1,CS-32,Dhanmondi_8A_Site_2,6497.1,376.98291121128,411.70228464318944,Badda_Pragati_Sarani,Dhanmondi_8A,routed
CS-19,Badda_Pragati_Sarani_Site_1,CS-33,Shyamoli_Square_Site_1,8428.7,376.98291121128,470.0130841296087,Badda_Pragati_Sarani,Shyamoli_Square,routed
CS-19,Badda_Pragati_Sarani_Site_1,CS-34,Shyamoli_Square_Site_2,8428.7,376.98291121128,359.70204303201245,Badda_Pragati_Sarani,Shyamoli_Square,routed
CS-19,Badda_Pragati_Sarani_Site_1,CS-35,Mohammadpur_Townhall_Site_1,8441.6,376.98291121128,369.96641661393016,Badda_Pragati_Sarani,Mohammadpur_Townhall,routed
CS-19,Badda_Pragati_Sarani_Site_1,CS-36,Mohammadpur_Townhall_Site_2,8441.6,376.98291121128,532.4040986980325,Badda_Pragati_Sarani,Mohammadpur_Townhall,routed
CS-19,Badda_Pragati_Sarani_Site_1,CS-37,Mirpur_1_Site_1,9217.5,376.98291121128,443.88921478801524,Badda_Pragati_Sarani,Mirpur_1,routed
CS-19,Badda_Pragati_Sarani_Site_1,CS-38,Mirpur_1_Site_2,9217.5,376.98291121128,158.3147182012352,Badda_Pragati_Sarani,Mirpur_1,routed
CS-19,Badda_Pragati_Sarani_Site_1,CS-39,Mirpur_10_Circle_Site_1,7228.4,376.98291121128,88.58928452209923,Badda_Pragati_Sarani,Mirpur_10_Circle,routed
CS-19,Badda_Pragati_Sarani_Site_1,CS-40,Mirpur_10_Circle_Site_2,7228.4,376.98291121128,549.4653263343647,Badda_Pragati_Sarani,Mirpur_10_Circle,routed
CS-19,Badda_Pragati_Sarani_Site_1,CS-41,Mirpur_12_Site_1,9177.199999999999,376.98291121128,536.4117389493025,Badda_Pragati_Sarani,Mirpur_12,routed
CS-19,Badda_Pragati_Sarani_Site_1,CS-42,Mirpur_12_Site_2,9177.199999999999,376.98291121128,470.6049314333112,Badda_Pragati_Sarani,Mirpur_12,routed
CS-19,Badda_Pragati_Sarani_Site_1,CS-43,Gabtoli_Terminal_Site_1,10683.0,376.98291121128,419.1719209303812,Badda_Pragati_Sarani,Gabtoli_Terminal,routed
CS-19,Badda_Pragati_Sarani_Site_1,CS-44,Gabtoli_Terminal_Site_2,10683.0,376.98291121128,263.02616062219164,Badda_Pragati_Sarani,Gabtoli_Terminal,routed
CS-19,Badda_Pragati_Sarani_Site_1,CS-45,Shahbagh_Square_Site_1,6610.5,376.98291121128,620.452455049284,Badda_Pragati_Sarani,Shahbagh_Square,routed
CS-19,Badda_Pragati_Sarani_Site_1,CS-46,Shahbagh_Square_Site_2,6610.5,376.98291121128,149.4116807350283,Badda_Pragati_Sarani,Shahbagh_Square,routed
CS-19,Badda_Pragati_Sarani_Site_1,CS-47,Motijheel_CBD_Site_1,8951.5,376.98291121128,154.02022873663583,Badda_Pragati_Sarani,Motijheel_CBD,routed
CS-19,Badda_Pragati_Sarani_Site_1,CS-48,Motijheel_CBD_Site_2,8951.5,376.98291121128,523.372989683262,Badda_Pragati_Sarani,Motijheel_CBD,routed
CS-19,Badda_Pragati_Sarani_Site_1,CS-49,Kamalapur_Railway_Site_1,9644.4,376.98291121128,268.36694973094154,Badda_Pragati_Sarani,Kamalapur_Railway,routed
CS-19,Badda_Pragati_Sarani_Site_1,CS-50,Kamalapur_Railway_Site_2,9644.4,376.98291121128,183.61956766698643,Badda_Pragati_Sarani,Kamalapur_Railway,routed
CS-19,Badda_Pragati_Sarani_Site_1,CS-51,Old_Dhaka_Lalbagh_Site_1,14915.9,376.98291121128,545.5895924795998,Badda_Pragati_Sarani,Old_Dhaka_Lalbagh,routed
CS-19,Badda_Pragati_Sarani_Site_1,CS-52,Old_Dhaka_Lalbagh_Site_2,14915.9,376.98291121128,209.0234518928121,Badda_Pragati_Sarani,Old_Dhaka_Lalbagh,routed
CS-19,Badda_Pragati_Sarani_Site_1,CS-53,Old_Dhaka_Sadarghat_Site_1,12188.3,376.98291121128,232.38025140077238,Badda_Pragati_Sarani,Old_Dhaka_Sadarghat,routed
CS-19,Badda_Pragati_Sarani_Site_1,CS-54,Old_Dhaka_Sadarghat_Site_2,12188.3,376.98291121128,465.183542888821,Badda_Pragati_Sarani,Old_Dhaka_Sadarghat,routed
CS-19,Badda_Pragati_Sarani_Site_1,CS-55,Sayedabad_Terminal_Site_1,10847.5,376.98291121128,475.68383234599094,Badda_Pragati_Sarani,Sayedabad_Terminal,routed
CS-19,Badda_Pragati_Sarani_Site_1,CS-56,Sayedabad_Terminal_Site_2,10847.5,376.98291121128,354.404933525487,Badda_Pragati_Sarani,Sayedabad_Terminal,routed
CS-19,Badda_Pragati_Sarani_Site_1,CS-57,Jatrabari_Flyover_Hub_Site_1,11937.9,376.98291121128,358.58247775190324,Badda_Pragati_Sarani,Jatrabari_Flyover_Hub,routed
CS-19,Badda_Pragati_Sarani_Site_1,CS-58,Jatrabari_Flyover_Hub_Site_2,11937.9,376.98291121128,310.18785958369136,Badda_Pragati_Sarani,Jatrabari_Flyover_Hub,routed
CS-20,Badda_Pragati_Sarani_Site_2,CS-01,Airport_Hub_Site_1,9853.3,376.20287746857207,387.56933574644125,Badda_Pragati_Sarani,Airport_Hub,routed
CS-20,Badda_Pragati_Sarani_Site_2,CS-02,Airport_Hub_Site_2,9853.3,376.20287746857207,506.34780845964383,Badda_Pragati_Sarani,Airport_Hub,routed
CS-20,Badda_Pragati_Sarani_Site_2,CS-03,Uttara_Sec3_Site_1,12647.0,376.20287746857207,443.31187101564313,Badda_Pragati_Sarani,Uttara_Sec3,routed
CS-20,Badda_Pragati_Sarani_Site_2,CS-04,Uttara_Sec3_Site_2,12647.0,376.20287746857207,131.83159473220599,Badda_Pragati_Sarani,Uttara_Sec3,routed
CS-20,Badda_Pragati_Sarani_Site_2,CS-05,Uttara_Sec11_Site_1,13751.7,376.20287746857207,521.1013425864372,Badda_Pragati_Sarani,Uttara_Sec11,routed
CS-20,Badda_Pragati_Sarani_Site_2,CS-06,Uttara_Sec11_Site_2,13751.7,376.20287746857207,444.3265930489434,Badda_Pragati_Sarani,Uttara_Sec11,routed
CS-20,Badda_Pragati_Sarani_Site_2,CS-07,Purbachal_300ft_Site_1,15928.199999999999,376.20287746857207,491.45821785549737,Badda_Pragati_Sarani,Purbachal_300ft,routed
CS-20,Badda_Pragati_Sarani_Site_2,CS-08,Purbachal_300ft_Site_2,15928.199999999999,376.20287746857207,486.0039816801295,Badda_Pragati_Sarani,Purbachal_300ft,routed
CS-20,Badda_Pragati_Sarani_Site_2,CS-09,Baridhara_Diplomatic_Site_1,3357.9,376.20287746857207,480.90203532465125,Badda_Pragati_Sarani,Baridhara_Diplomatic,routed
CS-20,Badda_Pragati_Sarani_Site_2,CS-10,Baridhara_Diplomatic_Site_2,3357.9,376.20287746857207,542.4794717225486,Badda_Pragati_Sarani,Baridhara_Diplomatic,routed
CS-20,Badda_Pragati_Sarani_Site_2,CS-11,Gulshan_2_Site_1,2411.8,376.20287746857207,492.9831332681502,Badda_Pragati_Sarani,Gulshan_2,routed
CS-20,Badda_Pragati_Sarani_Site_2,CS-12,Gulshan_2_Site_2,2411.8,376.20287746857207,259.1007612239219,Badda_Pragati_Sarani,Gulshan_2,routed
CS-20,Badda_Pragati_Sarani_Site_2,CS-13,Gulshan_1_Site_1,1011.1,376.20287746857207,557.8902441687196,Badda_Pragati_Sarani,Gulshan_1,routed
CS-20,Badda_Pragati_Sarani_Site_2,CS-14,Gulshan_1_Site_2,0.0,376.20287746857207,425.1394136672309,Badda_Pragati_Sarani,Badda_Pragati_Sarani,same_road_node
CS-20,Badda_Pragati_Sarani_Site_2,CS-15,Banani_11_Site_1,3517.4,376.20287746857207,641.5582961789066,Badda_Pragati_Sarani,Banani_11,routed
CS-20,Badda_Pragati_Sarani_Site_2,CS-16,Banani_11_Site_2,3517.4,376.20287746857207,487.73455572103404,Badda_Pragati_Sarani,Banani_11,routed
CS-20,Badda_Pragati_Sarani_Site_2,CS-17,Mohakhali_Terminal_Site_1,2602.4,376.20287746857207,274.0141386731775,Badda_Pragati_Sarani,Mohakhali_Terminal,routed
CS-20,Badda_Pragati_Sarani_Site_2,CS-18,Mohakhali_Terminal_Site_2,2602.4,376.20287746857207,667.4786340706916,Badda_Pragati_Sarani,Mohakhali_Terminal,routed
CS-20,Badda_Pragati_Sarani_Site_2,CS-19,Badda_Pragati_Sarani_Site_1,0.0,376.20287746857207,376.98291121128,Badda_Pragati_Sarani,Badda_Pragati_Sarani,same_road_node
CS-20,Badda_Pragati_Sarani_Site_2,CS-21,Hatirjheel_North_Site_1,1817.1,376.20287746857207,468.4064864979258,Badda_Pragati_Sarani,Hatirjheel_North,routed
CS-20,Badda_Pragati_Sarani_Site_2,CS-22,Hatirjheel_North_Site_2,1817.1,376.20287746857207,310.06191853650404,Badda_Pragati_Sarani,Hatirjheel_North,routed
CS-20,Badda_Pragati_Sarani_Site_2,CS-23,Tejgaon_Industrial_Site_1,3304.0,376.20287746857207,90.16608967047486,Badda_Pragati_Sarani,Tejgaon_Industrial,routed
CS-20,Badda_Pragati_Sarani_Site_2,CS-24,Tejgaon_Industrial_Site_2,3304.0,376.20287746857207,557.8967176144448,Badda_Pragati_Sarani,Tejgaon_Industrial,routed
CS-20,Badda_Pragati_Sarani_Site_2,CS-25,Kawran_Bazar_CBD_Site_1,4500.6,376.20287746857207,369.97026595080973,Badda_Pragati_Sarani,Kawran_Bazar_CBD,routed
CS-20,Badda_Pragati_Sarani_Site_2,CS-26,Kawran_Bazar_CBD_Site_2,4500.6,376.20287746857207,491.0807189387636,Badda_Pragati_Sarani,Kawran_Bazar_CBD,routed
CS-20,Badda_Pragati_Sarani_Site_2,CS-27,Farmgate_Hub_Site_1,4387.8,376.20287746857207,456.4519527664829,Badda_Pragati_Sarani,Farmgate_Hub,routed
CS-20,Badda_Pragati_Sarani_Site_2,CS-28,Farmgate_Hub_Site_2,4387.8,376.20287746857207,537.7862263087482,Badda_Pragati_Sarani,Farmgate_Hub,routed
CS-20,Badda_Pragati_Sarani_Site_2,CS-29,Dhanmondi_27_Site_1,5841.0,376.20287746857207,120.8257549786046,Badda_Pragati_Sarani,Dhanmondi_27,routed
CS-20,Badda_Pragati_Sarani_Site_2,CS-30,Dhanmondi_27_Site_2,5841.0,376.20287746857207,475.39463107740454,Badda_Pragati_Sarani,Dhanmondi_27,routed
CS-20,Badda_Pragati_Sarani_Site_2,CS-31,Dhanmondi_8A_Site_1,6497.1,376.20287746857207,616.0715403667175,Badda_Pragati_Sarani,Dhanmondi_8A,routed
CS-20,Badda_Pragati_Sarani_Site_2,CS-32,Dhanmondi_8A_Site_2,6497.1,376.20287746857207,411.70228464318944,Badda_Pragati_Sarani,Dhanmondi_8A,routed
CS-20,Badda_Pragati_Sarani_Site_2,CS-33,Shyamoli_Square_Site_1,8428.7,376.20287746857207,470.0130841296087,Badda_Pragati_Sarani,Shyamoli_Square,routed
CS-20,Badda_Pragati_Sarani_Site_2,CS-34,Shyamoli_Square_Site_2,8428.7,376.20287746857207,359.70204303201245,Badda_Pragati_Sarani,Shyamoli_Square,routed
CS-20,Badda_Pragati_Sarani_Site_2,CS-35,Mohammadpur_Townhall_Site_1,8441.6,376.20287746857207,369.96641661393016,Badda_Pragati_Sarani,Mohammadpur_Townhall,routed
CS-20,Badda_Pragati_Sarani_Site_2,CS-36,Mohammadpur_Townhall_Site_2,8441.6,376.20287746857207,532.4040986980325,Badda_Pragati_Sarani,Mohammadpur_Townhall,routed
CS-20,Badda_Pragati_Sarani_Site_2,CS-37,Mirpur_1_Site_1,9217.5,376.20287746857207,443.88921478801524,Badda_Pragati_Sarani,Mirpur_1,routed
CS-20,Badda_Pragati_Sarani_Site_2,CS-38,Mirpur_1_Site_2,9217.5,376.20287746857207,158.3147182012352,Badda_Pragati_Sarani,Mirpur_1,routed
CS-20,Badda_Pragati_Sarani_Site_2,CS-39,Mirpur_10_Circle_Site_1,7228.4,376.20287746857207,88.58928452209923,Badda_Pragati_Sarani,Mirpur_10_Circle,routed
CS-20,Badda_Pragati_Sarani_Site_2,CS-40,Mirpur_10_Circle_Site_2,7228.4,376.20287746857207,549.4653263343647,Badda_Pragati_Sarani,Mirpur_10_Circle,routed
CS-20,Badda_Pragati_Sarani_Site_2,CS-41,Mirpur_12_Site_1,9177.199999999999,376.20287746857207,536.4117389493025,Badda_Pragati_Sarani,Mirpur_12,routed
CS-20,Badda_Pragati_Sarani_Site_2,CS-42,Mirpur_12_Site_2,9177.199999999999,376.20287746857207,470.6049314333112,Badda_Pragati_Sarani,Mirpur_12,routed
CS-20,Badda_Pragati_Sarani_Site_2,CS-43,Gabtoli_Terminal_Site_1,10683.0,376.20287746857207,419.1719209303812,Badda_Pragati_Sarani,Gabtoli_Terminal,routed
CS-20,Badda_Pragati_Sarani_Site_2,CS-44,Gabtoli_Terminal_Site_2,10683.0,376.20287746857207,263.02616062219164,Badda_Pragati_Sarani,Gabtoli_Terminal,routed
CS-20,Badda_Pragati_Sarani_Site_2,CS-45,Shahbagh_Square_Site_1,6610.5,376.20287746857207,620.452455049284,Badda_Pragati_Sarani,Shahbagh_Square,routed
CS-20,Badda_Pragati_Sarani_Site_2,CS-46,Shahbagh_Square_Site_2,6610.5,376.20287746857207,149.4116807350283,Badda_Pragati_Sarani,Shahbagh_Square,routed
CS-20,Badda_Pragati_Sarani_Site_2,CS-47,Motijheel_CBD_Site_1,8951.5,376.20287746857207,154.02022873663583,Badda_Pragati_Sarani,Motijheel_CBD,routed
CS-20,Badda_Pragati_Sarani_Site_2,CS-48,Motijheel_CBD_Site_2,8951.5,376.20287746857207,523.372989683262,Badda_Pragati_Sarani,Motijheel_CBD,routed
CS-20,Badda_Pragati_Sarani_Site_2,CS-49,Kamalapur_Railway_Site_1,9644.4,376.20287746857207,268.36694973094154,Badda_Pragati_Sarani,Kamalapur_Railway,routed
CS-20,Badda_Pragati_Sarani_Site_2,CS-50,Kamalapur_Railway_Site_2,9644.4,376.20287746857207,183.61956766698643,Badda_Pragati_Sarani,Kamalapur_Railway,routed
CS-20,Badda_Pragati_Sarani_Site_2,CS-51,Old_Dhaka_Lalbagh_Site_1,14915.9,376.20287746857207,545.5895924795998,Badda_Pragati_Sarani,Old_Dhaka_Lalbagh,routed
CS-20,Badda_Pragati_Sarani_Site_2,CS-52,Old_Dhaka_Lalbagh_Site_2,14915.9,376.20287746857207,209.0234518928121,Badda_Pragati_Sarani,Old_Dhaka_Lalbagh,routed
CS-20,Badda_Pragati_Sarani_Site_2,CS-53,Old_Dhaka_Sadarghat_Site_1,12188.3,376.20287746857207,232.38025140077238,Badda_Pragati_Sarani,Old_Dhaka_Sadarghat,routed
CS-20,Badda_Pragati_Sarani_Site_2,CS-54,Old_Dhaka_Sadarghat_Site_2,12188.3,376.20287746857207,465.183542888821,Badda_Pragati_Sarani,Old_Dhaka_Sadarghat,routed
CS-20,Badda_Pragati_Sarani_Site_2,CS-55,Sayedabad_Terminal_Site_1,10847.5,376.20287746857207,475.68383234599094,Badda_Pragati_Sarani,Sayedabad_Terminal,routed
CS-20,Badda_Pragati_Sarani_Site_2,CS-56,Sayedabad_Terminal_Site_2,10847.5,376.20287746857207,354.404933525487,Badda_Pragati_Sarani,Sayedabad_Terminal,routed
CS-20,Badda_Pragati_Sarani_Site_2,CS-57,Jatrabari_Flyover_Hub_Site_1,11937.9,376.20287746857207,358.58247775190324,Badda_Pragati_Sarani,Jatrabari_Flyover_Hub,routed
CS-20,Badda_Pragati_Sarani_Site_2,CS-58,Jatrabari_Flyover_Hub_Site_2,11937.9,376.20287746857207,310.18785958369136,Badda_Pragati_Sarani,Jatrabari_Flyover_Hub,routed
CS-21,Hatirjheel_North_Site_1,CS-01,Airport_Hub_Site_1,10771.9,468.4064864979258,387.56933574644125,Hatirjheel_North,Airport_Hub,routed
CS-21,Hatirjheel_North_Site_1,CS-02,Airport_Hub_Site_2,10771.9,468.4064864979258,506.34780845964383,Hatirjheel_North,Airport_Hub,routed
CS-21,Hatirjheel_North_Site_1,CS-03,Uttara_Sec3_Site_1,13565.599999999999,468.4064864979258,443.31187101564313,Hatirjheel_North,Uttara_Sec3,routed
CS-21,Hatirjheel_North_Site_1,CS-04,Uttara_Sec3_Site_2,13565.599999999999,468.4064864979258,131.83159473220599,Hatirjheel_North,Uttara_Sec3,routed
CS-21,Hatirjheel_North_Site_1,CS-05,Uttara_Sec11_Site_1,14670.3,468.4064864979258,521.1013425864372,Hatirjheel_North,Uttara_Sec11,routed
CS-21,Hatirjheel_North_Site_1,CS-06,Uttara_Sec11_Site_2,14670.3,468.4064864979258,444.3265930489434,Hatirjheel_North,Uttara_Sec11,routed
CS-21,Hatirjheel_North_Site_1,CS-07,Purbachal_300ft_Site_1,16846.8,468.4064864979258,491.45821785549737,Hatirjheel_North,Purbachal_300ft,routed
CS-21,Hatirjheel_North_Site_1,CS-08,Purbachal_300ft_Site_2,16846.8,468.4064864979258,486.0039816801295,Hatirjheel_North,Purbachal_300ft,routed
CS-21,Hatirjheel_North_Site_1,CS-09,Baridhara_Diplomatic_Site_1,5175.0,468.4064864979258,480.90203532465125,Hatirjheel_North,Baridhara_Diplomatic,routed
CS-21,Hatirjheel_North_Site_1,CS-10,Baridhara_Diplomatic_Site_2,5175.0,468.4064864979258,542.4794717225486,Hatirjheel_North,Baridhara_Diplomatic,routed
CS-21,Hatirjheel_North_Site_1,CS-11,Gulshan_2_Site_1,4228.9,468.4064864979258,492.9831332681502,Hatirjheel_North,Gulshan_2,routed
CS-21,Hatirjheel_North_Site_1,CS-12,Gulshan_2_Site_2,4228.9,468.4064864979258,259.1007612239219,Hatirjheel_North,Gulshan_2,routed
CS-21,Hatirjheel_North_Site_1,CS-13,Gulshan_1_Site_1,2828.2,468.4064864979258,557.8902441687196,Hatirjheel_North,Gulshan_1,routed
CS-21,Hatirjheel_North_Site_1,CS-14,Gulshan_1_Site_2,1817.1,468.4064864979258,425.1394136672309,Hatirjheel_North,Badda_Pragati_Sarani,routed
CS-21,Hatirjheel_North_Site_1,CS-15,Banani_11_Site_1,5334.5,468.4064864979258,641.5582961789066,Hatirjheel_North,Banani_11,routed
CS-21,Hatirjheel_North_Site_1,CS-16,Banani_11_Site_2,5334.5,468.4064864979258,487.73455572103404,Hatirjheel_North,Banani_11,routed
CS-21,Hatirjheel_North_Site_1,CS-17,Mohakhali_Terminal_Site_1,3521.0,468.4064864979258,274.0141386731775,Hatirjheel_North,Mohakhali_Terminal,routed
CS-21,Hatirjheel_North_Site_1,CS-18,Mohakhali_Terminal_Site_2,3521.0,468.4064864979258,667.4786340706916,Hatirjheel_North,Mohakhali_Terminal,routed
CS-21,Hatirjheel_North_Site_1,CS-19,Badda_Pragati_Sarani_Site_1,1817.1,468.4064864979258,376.98291121128,Hatirjheel_North,Badda_Pragati_Sarani,routed
CS-21,Hatirjheel_North_Site_1,CS-20,Badda_Pragati_Sarani_Site_2,1817.1,468.4064864979258,376.20287746857207,Hatirjheel_North,Badda_Pragati_Sarani,routed
CS-21,Hatirjheel_North_Site_1,CS-22,Hatirjheel_North_Site_2,0.0,468.4064864979258,310.06191853650404,Hatirjheel_North,Hatirjheel_North,same_road_node
CS-21,Hatirjheel_North_Site_1,CS-23,Tejgaon_Industrial_Site_1,1486.9,468.4064864979258,90.16608967047486,Hatirjheel_North,Tejgaon_Industrial,routed
CS-21,Hatirjheel_North_Site_1,CS-24,Tejgaon_Industrial_Site_2,1486.9,468.4064864979258,557.8967176144448,Hatirjheel_North,Tejgaon_Industrial,routed
CS-21,Hatirjheel_North_Site_1,CS-25,Kawran_Bazar_CBD_Site_1,2683.5,468.4064864979258,369.97026595080973,Hatirjheel_North,Kawran_Bazar_CBD,routed
CS-21,Hatirjheel_North_Site_1,CS-26,Kawran_Bazar_CBD_Site_2,2683.5,468.4064864979258,491.0807189387636,Hatirjheel_North,Kawran_Bazar_CBD,routed
CS-21,Hatirjheel_North_Site_1,CS-27,Farmgate_Hub_Site_1,2570.7,468.4064864979258,456.4519527664829,Hatirjheel_North,Farmgate_Hub,routed
CS-21,Hatirjheel_North_Site_1,CS-28,Farmgate_Hub_Site_2,2570.7,468.4064864979258,537.7862263087482,Hatirjheel_North,Farmgate_Hub,routed
CS-21,Hatirjheel_North_Site_1,CS-29,Dhanmondi_27_Site_1,4023.8999999999996,468.4064864979258,120.8257549786046,Hatirjheel_North,Dhanmondi_27,routed
CS-21,Hatirjheel_North_Site_1,CS-30,Dhanmondi_27_Site_2,4023.8999999999996,468.4064864979258,475.39463107740454,Hatirjheel_North,Dhanmondi_27,routed
CS-21,Hatirjheel_North_Site_1,CS-31,Dhanmondi_8A_Site_1,4680.0,468.4064864979258,616.0715403667175,Hatirjheel_North,Dhanmondi_8A,routed
CS-21,Hatirjheel_North_Site_1,CS-32,Dhanmondi_8A_Site_2,4680.0,468.4064864979258,411.70228464318944,Hatirjheel_North,Dhanmondi_8A,routed
CS-21,Hatirjheel_North_Site_1,CS-33,Shyamoli_Square_Site_1,6611.599999999999,468.4064864979258,470.0130841296087,Hatirjheel_North,Shyamoli_Square,routed
CS-21,Hatirjheel_North_Site_1,CS-34,Shyamoli_Square_Site_2,6611.599999999999,468.4064864979258,359.70204303201245,Hatirjheel_North,Shyamoli_Square,routed
CS-21,Hatirjheel_North_Site_1,CS-35,Mohammadpur_Townhall_Site_1,6624.5,468.4064864979258,369.96641661393016,Hatirjheel_North,Mohammadpur_Townhall,routed
CS-21,Hatirjheel_North_Site_1,CS-36,Mohammadpur_Townhall_Site_2,6624.5,468.4064864979258,532.4040986980325,Hatirjheel_North,Mohammadpur_Townhall,routed
CS-21,Hatirjheel_North_Site_1,CS-37,Mirpur_1_Site_1,9289.4,468.4064864979258,443.88921478801524,Hatirjheel_North,Mirpur_1,routed
CS-21,Hatirjheel_North_Site_1,CS-38,Mirpur_1_Site_2,9289.4,468.4064864979258,158.3147182012352,Hatirjheel_North,Mirpur_1,routed
CS-21,Hatirjheel_North_Site_1,CS-39,Mirpur_10_Circle_Site_1,8147.0,468.4064864979258,88.58928452209923,Hatirjheel_North,Mirpur_10_Circle,routed
CS-21,Hatirjheel_North_Site_1,CS-40,Mirpur_10_Circle_Site_2,8147.0,468.4064864979258,549.4653263343647,Hatirjheel_North,Mirpur_10_Circle,routed
CS-21,Hatirjheel_North_Site_1,CS-41,Mirpur_12_Site_1,10095.8,468.4064864979258,536.4117389493025,Hatirjheel_North,Mirpur_12,routed
CS-21,Hatirjheel_North_Site_1,CS-42,Mirpur_12_Site_2,10095.8,468.4064864979258,470.6049314333112,Hatirjheel_North,Mirpur_12,routed
CS-21,Hatirjheel_North_Site_1,CS-43,Gabtoli_Terminal_Site_1,8865.9,468.4064864979258,419.1719209303812,Hatirjheel_North,Gabtoli_Terminal,routed
CS-21,Hatirjheel_North_Site_1,CS-44,Gabtoli_Terminal_Site_2,8865.9,468.4064864979258,263.02616062219164,Hatirjheel_North,Gabtoli_Terminal,routed
CS-21,Hatirjheel_North_Site_1,CS-45,Shahbagh_Square_Site_1,4793.4,468.4064864979258,620.452455049284,Hatirjheel_North,Shahbagh_Square,routed
CS-21,Hatirjheel_North_Site_1,CS-46,Shahbagh_Square_Site_2,4793.4,468.4064864979258,149.4116807350283,Hatirjheel_North,Shahbagh_Square,routed
CS-21,Hatirjheel_North_Site_1,CS-47,Motijheel_CBD_Site_1,7134.4,468.4064864979258,154.02022873663583,Hatirjheel_North,Motijheel_CBD,routed
CS-21,Hatirjheel_North_Site_1,CS-48,Motijheel_CBD_Site_2,7134.4,468.4064864979258,523.372989683262,Hatirjheel_North,Motijheel_CBD,routed
CS-21,Hatirjheel_North_Site_1,CS-49,Kamalapur_Railway_Site_1,7827.299999999999,468.4064864979258,268.36694973094154,Hatirjheel_North,Kamalapur_Railway,routed
CS-21,Hatirjheel_North_Site_1,CS-50,Kamalapur_Railway_Site_2,7827.299999999999,468.4064864979258,183.61956766698643,Hatirjheel_North,Kamalapur_Railway,routed
CS-21,Hatirjheel_North_Site_1,CS-51,Old_Dhaka_Lalbagh_Site_1,13098.800000000001,468.4064864979258,545.5895924795998,Hatirjheel_North,Old_Dhaka_Lalbagh,routed
CS-21,Hatirjheel_North_Site_1,CS-52,Old_Dhaka_Lalbagh_Site_2,13098.800000000001,468.4064864979258,209.0234518928121,Hatirjheel_North,Old_Dhaka_Lalbagh,routed
CS-21,Hatirjheel_North_Site_1,CS-53,Old_Dhaka_Sadarghat_Site_1,10371.2,468.4064864979258,232.38025140077238,Hatirjheel_North,Old_Dhaka_Sadarghat,routed
CS-21,Hatirjheel_North_Site_1,CS-54,Old_Dhaka_Sadarghat_Site_2,10371.2,468.4064864979258,465.183542888821,Hatirjheel_North,Old_Dhaka_Sadarghat,routed
CS-21,Hatirjheel_North_Site_1,CS-55,Sayedabad_Terminal_Site_1,9030.4,468.4064864979258,475.68383234599094,Hatirjheel_North,Sayedabad_Terminal,routed
CS-21,Hatirjheel_North_Site_1,CS-56,Sayedabad_Terminal_Site_2,9030.4,468.4064864979258,354.404933525487,Hatirjheel_North,Sayedabad_Terminal,routed
CS-21,Hatirjheel_North_Site_1,CS-57,Jatrabari_Flyover_Hub_Site_1,10120.8,468.4064864979258,358.58247775190324,Hatirjheel_North,Jatrabari_Flyover_Hub,routed
CS-21,Hatirjheel_North_Site_1,CS-58,Jatrabari_Flyover_Hub_Site_2,10120.8,468.4064864979258,310.18785958369136,Hatirjheel_North,Jatrabari_Flyover_Hub,routed
CS-22,Hatirjheel_North_Site_2,CS-01,Airport_Hub_Site_1,10771.9,310.06191853650404,387.56933574644125,Hatirjheel_North,Airport_Hub,routed
CS-22,Hatirjheel_North_Site_2,CS-02,Airport_Hub_Site_2,10771.9,310.06191853650404,506.34780845964383,Hatirjheel_North,Airport_Hub,routed
CS-22,Hatirjheel_North_Site_2,CS-03,Uttara_Sec3_Site_1,13565.599999999999,310.06191853650404,443.31187101564313,Hatirjheel_North,Uttara_Sec3,routed
CS-22,Hatirjheel_North_Site_2,CS-04,Uttara_Sec3_Site_2,13565.599999999999,310.06191853650404,131.83159473220599,Hatirjheel_North,Uttara_Sec3,routed
CS-22,Hatirjheel_North_Site_2,CS-05,Uttara_Sec11_Site_1,14670.3,310.06191853650404,521.1013425864372,Hatirjheel_North,Uttara_Sec11,routed
CS-22,Hatirjheel_North_Site_2,CS-06,Uttara_Sec11_Site_2,14670.3,310.06191853650404,444.3265930489434,Hatirjheel_North,Uttara_Sec11,routed
CS-22,Hatirjheel_North_Site_2,CS-07,Purbachal_300ft_Site_1,16846.8,310.06191853650404,491.45821785549737,Hatirjheel_North,Purbachal_300ft,routed
CS-22,Hatirjheel_North_Site_2,CS-08,Purbachal_300ft_Site_2,16846.8,310.06191853650404,486.0039816801295,Hatirjheel_North,Purbachal_300ft,routed
CS-22,Hatirjheel_North_Site_2,CS-09,Baridhara_Diplomatic_Site_1,5175.0,310.06191853650404,480.90203532465125,Hatirjheel_North,Baridhara_Diplomatic,routed
CS-22,Hatirjheel_North_Site_2,CS-10,Baridhara_Diplomatic_Site_2,5175.0,310.06191853650404,542.4794717225486,Hatirjheel_North,Baridhara_Diplomatic,routed
CS-22,Hatirjheel_North_Site_2,CS-11,Gulshan_2_Site_1,4228.9,310.06191853650404,492.9831332681502,Hatirjheel_North,Gulshan_2,routed
CS-22,Hatirjheel_North_Site_2,CS-12,Gulshan_2_Site_2,4228.9,310.06191853650404,259.1007612239219,Hatirjheel_North,Gulshan_2,routed
CS-22,Hatirjheel_North_Site_2,CS-13,Gulshan_1_Site_1,2828.2,310.06191853650404,557.8902441687196,Hatirjheel_North,Gulshan_1,routed
CS-22,Hatirjheel_North_Site_2,CS-14,Gulshan_1_Site_2,1817.1,310.06191853650404,425.1394136672309,Hatirjheel_North,Badda_Pragati_Sarani,routed
CS-22,Hatirjheel_North_Site_2,CS-15,Banani_11_Site_1,5334.5,310.06191853650404,641.5582961789066,Hatirjheel_North,Banani_11,routed
CS-22,Hatirjheel_North_Site_2,CS-16,Banani_11_Site_2,5334.5,310.06191853650404,487.73455572103404,Hatirjheel_North,Banani_11,routed
CS-22,Hatirjheel_North_Site_2,CS-17,Mohakhali_Terminal_Site_1,3521.0,310.06191853650404,274.0141386731775,Hatirjheel_North,Mohakhali_Terminal,routed
CS-22,Hatirjheel_North_Site_2,CS-18,Mohakhali_Terminal_Site_2,3521.0,310.06191853650404,667.4786340706916,Hatirjheel_North,Mohakhali_Terminal,routed
CS-22,Hatirjheel_North_Site_2,CS-19,Badda_Pragati_Sarani_Site_1,1817.1,310.06191853650404,376.98291121128,Hatirjheel_North,Badda_Pragati_Sarani,routed
CS-22,Hatirjheel_North_Site_2,CS-20,Badda_Pragati_Sarani_Site_2,1817.1,310.06191853650404,376.20287746857207,Hatirjheel_North,Badda_Pragati_Sarani,routed
CS-22,Hatirjheel_North_Site_2,CS-21,Hatirjheel_North_Site_1,0.0,310.06191853650404,468.4064864979258,Hatirjheel_North,Hatirjheel_North,same_road_node
CS-22,Hatirjheel_North_Site_2,CS-23,Tejgaon_Industrial_Site_1,1486.9,310.06191853650404,90.16608967047486,Hatirjheel_North,Tejgaon_Industrial,routed
CS-22,Hatirjheel_North_Site_2,CS-24,Tejgaon_Industrial_Site_2,1486.9,310.06191853650404,557.8967176144448,Hatirjheel_North,Tejgaon_Industrial,routed
CS-22,Hatirjheel_North_Site_2,CS-25,Kawran_Bazar_CBD_Site_1,2683.5,310.06191853650404,369.97026595080973,Hatirjheel_North,Kawran_Bazar_CBD,routed
CS-22,Hatirjheel_North_Site_2,CS-26,Kawran_Bazar_CBD_Site_2,2683.5,310.06191853650404,491.0807189387636,Hatirjheel_North,Kawran_Bazar_CBD,routed
CS-22,Hatirjheel_North_Site_2,CS-27,Farmgate_Hub_Site_1,2570.7,310.06191853650404,456.4519527664829,Hatirjheel_North,Farmgate_Hub,routed
CS-22,Hatirjheel_North_Site_2,CS-28,Farmgate_Hub_Site_2,2570.7,310.06191853650404,537.7862263087482,Hatirjheel_North,Farmgate_Hub,routed
CS-22,Hatirjheel_North_Site_2,CS-29,Dhanmondi_27_Site_1,4023.8999999999996,310.06191853650404,120.8257549786046,Hatirjheel_North,Dhanmondi_27,routed
CS-22,Hatirjheel_North_Site_2,CS-30,Dhanmondi_27_Site_2,4023.8999999999996,310.06191853650404,475.39463107740454,Hatirjheel_North,Dhanmondi_27,routed
CS-22,Hatirjheel_North_Site_2,CS-31,Dhanmondi_8A_Site_1,4680.0,310.06191853650404,616.0715403667175,Hatirjheel_North,Dhanmondi_8A,routed
CS-22,Hatirjheel_North_Site_2,CS-32,Dhanmondi_8A_Site_2,4680.0,310.06191853650404,411.70228464318944,Hatirjheel_North,Dhanmondi_8A,routed
CS-22,Hatirjheel_North_Site_2,CS-33,Shyamoli_Square_Site_1,6611.599999999999,310.06191853650404,470.0130841296087,Hatirjheel_North,Shyamoli_Square,routed
CS-22,Hatirjheel_North_Site_2,CS-34,Shyamoli_Square_Site_2,6611.599999999999,310.06191853650404,359.70204303201245,Hatirjheel_North,Shyamoli_Square,routed
CS-22,Hatirjheel_North_Site_2,CS-35,Mohammadpur_Townhall_Site_1,6624.5,310.06191853650404,369.96641661393016,Hatirjheel_North,Mohammadpur_Townhall,routed
CS-22,Hatirjheel_North_Site_2,CS-36,Mohammadpur_Townhall_Site_2,6624.5,310.06191853650404,532.4040986980325,Hatirjheel_North,Mohammadpur_Townhall,routed
CS-22,Hatirjheel_North_Site_2,CS-37,Mirpur_1_Site_1,9289.4,310.06191853650404,443.88921478801524,Hatirjheel_North,Mirpur_1,routed
CS-22,Hatirjheel_North_Site_2,CS-38,Mirpur_1_Site_2,9289.4,310.06191853650404,158.3147182012352,Hatirjheel_North,Mirpur_1,routed
CS-22,Hatirjheel_North_Site_2,CS-39,Mirpur_10_Circle_Site_1,8147.0,310.06191853650404,88.58928452209923,Hatirjheel_North,Mirpur_10_Circle,routed
CS-22,Hatirjheel_North_Site_2,CS-40,Mirpur_10_Circle_Site_2,8147.0,310.06191853650404,549.4653263343647,Hatirjheel_North,Mirpur_10_Circle,routed
CS-22,Hatirjheel_North_Site_2,CS-41,Mirpur_12_Site_1,10095.8,310.06191853650404,536.4117389493025,Hatirjheel_North,Mirpur_12,routed
CS-22,Hatirjheel_North_Site_2,CS-42,Mirpur_12_Site_2,10095.8,310.06191853650404,470.6049314333112,Hatirjheel_North,Mirpur_12,routed
CS-22,Hatirjheel_North_Site_2,CS-43,Gabtoli_Terminal_Site_1,8865.9,310.06191853650404,419.1719209303812,Hatirjheel_North,Gabtoli_Terminal,routed
CS-22,Hatirjheel_North_Site_2,CS-44,Gabtoli_Terminal_Site_2,8865.9,310.06191853650404,263.02616062219164,Hatirjheel_North,Gabtoli_Terminal,routed
CS-22,Hatirjheel_North_Site_2,CS-45,Shahbagh_Square_Site_1,4793.4,310.06191853650404,620.452455049284,Hatirjheel_North,Shahbagh_Square,routed
CS-22,Hatirjheel_North_Site_2,CS-46,Shahbagh_Square_Site_2,4793.4,310.06191853650404,149.4116807350283,Hatirjheel_North,Shahbagh_Square,routed
CS-22,Hatirjheel_North_Site_2,CS-47,Motijheel_CBD_Site_1,7134.4,310.06191853650404,154.02022873663583,Hatirjheel_North,Motijheel_CBD,routed
CS-22,Hatirjheel_North_Site_2,CS-48,Motijheel_CBD_Site_2,7134.4,310.06191853650404,523.372989683262,Hatirjheel_North,Motijheel_CBD,routed
CS-22,Hatirjheel_North_Site_2,CS-49,Kamalapur_Railway_Site_1,7827.299999999999,310.06191853650404,268.36694973094154,Hatirjheel_North,Kamalapur_Railway,routed
CS-22,Hatirjheel_North_Site_2,CS-50,Kamalapur_Railway_Site_2,7827.299999999999,310.06191853650404,183.61956766698643,Hatirjheel_North,Kamalapur_Railway,routed
CS-22,Hatirjheel_North_Site_2,CS-51,Old_Dhaka_Lalbagh_Site_1,13098.800000000001,310.06191853650404,545.5895924795998,Hatirjheel_North,Old_Dhaka_Lalbagh,routed
CS-22,Hatirjheel_North_Site_2,CS-52,Old_Dhaka_Lalbagh_Site_2,13098.800000000001,310.06191853650404,209.0234518928121,Hatirjheel_North,Old_Dhaka_Lalbagh,routed
CS-22,Hatirjheel_North_Site_2,CS-53,Old_Dhaka_Sadarghat_Site_1,10371.2,310.06191853650404,232.38025140077238,Hatirjheel_North,Old_Dhaka_Sadarghat,routed
CS-22,Hatirjheel_North_Site_2,CS-54,Old_Dhaka_Sadarghat_Site_2,10371.2,310.06191853650404,465.183542888821,Hatirjheel_North,Old_Dhaka_Sadarghat,routed
CS-22,Hatirjheel_North_Site_2,CS-55,Sayedabad_Terminal_Site_1,9030.4,310.06191853650404,475.68383234599094,Hatirjheel_North,Sayedabad_Terminal,routed
CS-22,Hatirjheel_North_Site_2,CS-56,Sayedabad_Terminal_Site_2,9030.4,310.06191853650404,354.404933525487,Hatirjheel_North,Sayedabad_Terminal,routed
CS-22,Hatirjheel_North_Site_2,CS-57,Jatrabari_Flyover_Hub_Site_1,10120.8,310.06191853650404,358.58247775190324,Hatirjheel_North,Jatrabari_Flyover_Hub,routed
CS-22,Hatirjheel_North_Site_2,CS-58,Jatrabari_Flyover_Hub_Site_2,10120.8,310.06191853650404,310.18785958369136,Hatirjheel_North,Jatrabari_Flyover_Hub,routed
CS-23,Tejgaon_Industrial_Site_1,CS-01,Airport_Hub_Site_1,9285.0,90.16608967047486,387.56933574644125,Tejgaon_Industrial,Airport_Hub,routed
CS-23,Tejgaon_Industrial_Site_1,CS-02,Airport_Hub_Site_2,9285.0,90.16608967047486,506.34780845964383,Tejgaon_Industrial,Airport_Hub,routed
CS-23,Tejgaon_Industrial_Site_1,CS-03,Uttara_Sec3_Site_1,12078.7,90.16608967047486,443.31187101564313,Tejgaon_Industrial,Uttara_Sec3,routed
CS-23,Tejgaon_Industrial_Site_1,CS-04,Uttara_Sec3_Site_2,12078.7,90.16608967047486,131.83159473220599,Tejgaon_Industrial,Uttara_Sec3,routed
CS-23,Tejgaon_Industrial_Site_1,CS-05,Uttara_Sec11_Site_1,13183.400000000001,90.16608967047486,521.1013425864372,Tejgaon_Industrial,Uttara_Sec11,routed
CS-23,Tejgaon_Industrial_Site_1,CS-06,Uttara_Sec11_Site_2,13183.400000000001,90.16608967047486,444.3265930489434,Tejgaon_Industrial,Uttara_Sec11,routed
CS-23,Tejgaon_Industrial_Site_1,CS-07,Purbachal_300ft_Site_1,15359.9,90.16608967047486,491.45821785549737,Tejgaon_Industrial,Purbachal_300ft,routed
CS-23,Tejgaon_Industrial_Site_1,CS-08,Purbachal_300ft_Site_2,15359.9,90.16608967047486,486.0039816801295,Tejgaon_Industrial,Purbachal_300ft,routed
CS-23,Tejgaon_Industrial_Site_1,CS-09,Baridhara_Diplomatic_Site_1,5972.2,90.16608967047486,480.90203532465125,Tejgaon_Industrial,Baridhara_Diplomatic,routed
CS-23,Tejgaon_Industrial_Site_1,CS-10,Baridhara_Diplomatic_Site_2,5972.2,90.16608967047486,542.4794717225486,Tejgaon_Industrial,Baridhara_Diplomatic,routed
CS-23,Tejgaon_Industrial_Site_1,CS-11,Gulshan_2_Site_1,5026.099999999999,90.16608967047486,492.9831332681502,Tejgaon_Industrial,Gulshan_2,routed
CS-23,Tejgaon_Industrial_Site_1,CS-12,Gulshan_2_Site_2,5026.099999999999,90.16608967047486,259.1007612239219,Tejgaon_Industrial,Gulshan_2,routed
CS-23,Tejgaon_Industrial_Site_1,CS-13,Gulshan_1_Site_1,3625.3999999999996,90.16608967047486,557.8902441687196,Tejgaon_Industrial,Gulshan_1,routed
CS-23,Tejgaon_Industrial_Site_1,CS-14,Gulshan_1_Site_2,3304.0,90.16608967047486,425.1394136672309,Tejgaon_Industrial,Badda_Pragati_Sarani,routed
CS-23,Tejgaon_Industrial_Site_1,CS-15,Banani_11_Site_1,6131.699999999999,90.16608967047486,641.5582961789066,Tejgaon_Industrial,Banani_11,routed
CS-23,Tejgaon_Industrial_Site_1,CS-16,Banani_11_Site_2,6131.699999999999,90.16608967047486,487.73455572103404,Tejgaon_Industrial,Banani_11,routed
CS-23,Tejgaon_Industrial_Site_1,CS-17,Mohakhali_Terminal_Site_1,2034.1,90.16608967047486,274.0141386731775,Tejgaon_Industrial,Mohakhali_Terminal,routed
CS-23,Tejgaon_Industrial_Site_1,CS-18,Mohakhali_Terminal_Site_2,2034.1,90.16608967047486,667.4786340706916,Tejgaon_Industrial,Mohakhali_Terminal,routed
CS-23,Tejgaon_Industrial_Site_1,CS-19,Badda_Pragati_Sarani_Site_1,3304.0,90.16608967047486,376.98291121128,Tejgaon_Industrial,Badda_Pragati_Sarani,routed
CS-23,Tejgaon_Industrial_Site_1,CS-20,Badda_Pragati_Sarani_Site_2,3304.0,90.16608967047486,376.20287746857207,Tejgaon_Industrial,Badda_Pragati_Sarani,routed
CS-23,Tejgaon_Industrial_Site_1,CS-21,Hatirjheel_North_Site_1,1486.9,90.16608967047486,468.4064864979258,Tejgaon_Industrial,Hatirjheel_North,routed
CS-23,Tejgaon_Industrial_Site_1,CS-22,Hatirjheel_North_Site_2,1486.9,90.16608967047486,310.06191853650404,Tejgaon_Industrial,Hatirjheel_North,routed
CS-23,Tejgaon_Industrial_Site_1,CS-24,Tejgaon_Industrial_Site_2,0.0,90.16608967047486,557.8967176144448,Tejgaon_Industrial,Tejgaon_Industrial,same_road_node
CS-23,Tejgaon_Industrial_Site_1,CS-25,Kawran_Bazar_CBD_Site_1,1196.6,90.16608967047486,369.97026595080973,Tejgaon_Industrial,Kawran_Bazar_CBD,routed
CS-23,Tejgaon_Industrial_Site_1,CS-26,Kawran_Bazar_CBD_Site_2,1196.6,90.16608967047486,491.0807189387636,Tejgaon_Industrial,Kawran_Bazar_CBD,routed
CS-23,Tejgaon_Industrial_Site_1,CS-27,Farmgate_Hub_Site_1,1083.8,90.16608967047486,456.4519527664829,Tejgaon_Industrial,Farmgate_Hub,routed
CS-23,Tejgaon_Industrial_Site_1,CS-28,Farmgate_Hub_Site_2,1083.8,90.16608967047486,537.7862263087482,Tejgaon_Industrial,Farmgate_Hub,routed
CS-23,Tejgaon_Industrial_Site_1,CS-29,Dhanmondi_27_Site_1,2537.0,90.16608967047486,120.8257549786046,Tejgaon_Industrial,Dhanmondi_27,routed
CS-23,Tejgaon_Industrial_Site_1,CS-30,Dhanmondi_27_Site_2,2537.0,90.16608967047486,475.39463107740454,Tejgaon_Industrial,Dhanmondi_27,routed
CS-23,Tejgaon_Industrial_Site_1,CS-31,Dhanmondi_8A_Site_1,3193.1,90.16608967047486,616.0715403667175,Tejgaon_Industrial,Dhanmondi_8A,routed
CS-23,Tejgaon_Industrial_Site_1,CS-32,Dhanmondi_8A_Site_2,3193.1,90.16608967047486,411.70228464318944,Tejgaon_Industrial,Dhanmondi_8A,routed
CS-23,Tejgaon_Industrial_Site_1,CS-33,Shyamoli_Square_Site_1,5124.7,90.16608967047486,470.0130841296087,Tejgaon_Industrial,Shyamoli_Square,routed
CS-23,Tejgaon_Industrial_Site_1,CS-34,Shyamoli_Square_Site_2,5124.7,90.16608967047486,359.70204303201245,Tejgaon_Industrial,Shyamoli_Square,routed
CS-23,Tejgaon_Industrial_Site_1,CS-35,Mohammadpur_Townhall_Site_1,5137.6,90.16608967047486,369.96641661393016,Tejgaon_Industrial,Mohammadpur_Townhall,routed
CS-23,Tejgaon_Industrial_Site_1,CS-36,Mohammadpur_Townhall_Site_2,5137.6,90.16608967047486,532.4040986980325,Tejgaon_Industrial,Mohammadpur_Townhall,routed
CS-23,Tejgaon_Industrial_Site_1,CS-37,Mirpur_1_Site_1,7802.5,90.16608967047486,443.88921478801524,Tejgaon_Industrial,Mirpur_1,routed
CS-23,Tejgaon_Industrial_Site_1,CS-38,Mirpur_1_Site_2,7802.5,90.16608967047486,158.3147182012352,Tejgaon_Industrial,Mirpur_1,routed
CS-23,Tejgaon_Industrial_Site_1,CS-39,Mirpur_10_Circle_Site_1,6660.1,90.16608967047486,88.58928452209923,Tejgaon_Industrial,Mirpur_10_Circle,routed
CS-23,Tejgaon_Industrial_Site_1,CS-40,Mirpur_10_Circle_Site_2,6660.1,90.16608967047486,549.4653263343647,Tejgaon_Industrial,Mirpur_10_Circle,routed
CS-23,Tejgaon_Industrial_Site_1,CS-41,Mirpur_12_Site_1,8608.9,90.16608967047486,536.4117389493025,Tejgaon_Industrial,Mirpur_12,routed
CS-23,Tejgaon_Industrial_Site_1,CS-42,Mirpur_12_Site_2,8608.9,90.16608967047486,470.6049314333112,Tejgaon_Industrial,Mirpur_12,routed
CS-23,Tejgaon_Industrial_Site_1,CS-43,Gabtoli_Terminal_Site_1,7379.0,90.16608967047486,419.1719209303812,Tejgaon_Industrial,Gabtoli_Terminal,routed
CS-23,Tejgaon_Industrial_Site_1,CS-44,Gabtoli_Terminal_Site_2,7379.0,90.16608967047486,263.02616062219164,Tejgaon_Industrial,Gabtoli_Terminal,routed
CS-23,Tejgaon_Industrial_Site_1,CS-45,Shahbagh_Square_Site_1,3306.5,90.16608967047486,620.452455049284,Tejgaon_Industrial,Shahbagh_Square,routed
CS-23,Tejgaon_Industrial_Site_1,CS-46,Shahbagh_Square_Site_2,3306.5,90.16608967047486,149.4116807350283,Tejgaon_Industrial,Shahbagh_Square,routed
CS-23,Tejgaon_Industrial_Site_1,CS-47,Motijheel_CBD_Site_1,5647.5,90.16608967047486,154.02022873663583,Tejgaon_Industrial,Motijheel_CBD,routed
CS-23,Tejgaon_Industrial_Site_1,CS-48,Motijheel_CBD_Site_2,5647.5,90.16608967047486,523.372989683262,Tejgaon_Industrial,Motijheel_CBD,routed
CS-23,Tejgaon_Industrial_Site_1,CS-49,Kamalapur_Railway_Site_1,6340.4,90.16608967047486,268.36694973094154,Tejgaon_Industrial,Kamalapur_Railway,routed
CS-23,Tejgaon_Industrial_Site_1,CS-50,Kamalapur_Railway_Site_2,6340.4,90.16608967047486,183.61956766698643,Tejgaon_Industrial,Kamalapur_Railway,routed
CS-23,Tejgaon_Industrial_Site_1,CS-51,Old_Dhaka_Lalbagh_Site_1,11611.9,90.16608967047486,545.5895924795998,Tejgaon_Industrial,Old_Dhaka_Lalbagh,routed
CS-23,Tejgaon_Industrial_Site_1,CS-52,Old_Dhaka_Lalbagh_Site_2,11611.9,90.16608967047486,209.0234518928121,Tejgaon_Industrial,Old_Dhaka_Lalbagh,routed
CS-23,Tejgaon_Industrial_Site_1,CS-53,Old_Dhaka_Sadarghat_Site_1,8884.3,90.16608967047486,232.38025140077238,Tejgaon_Industrial,Old_Dhaka_Sadarghat,routed
CS-23,Tejgaon_Industrial_Site_1,CS-54,Old_Dhaka_Sadarghat_Site_2,8884.3,90.16608967047486,465.183542888821,Tejgaon_Industrial,Old_Dhaka_Sadarghat,routed
CS-23,Tejgaon_Industrial_Site_1,CS-55,Sayedabad_Terminal_Site_1,7543.5,90.16608967047486,475.68383234599094,Tejgaon_Industrial,Sayedabad_Terminal,routed
CS-23,Tejgaon_Industrial_Site_1,CS-56,Sayedabad_Terminal_Site_2,7543.5,90.16608967047486,354.404933525487,Tejgaon_Industrial,Sayedabad_Terminal,routed
CS-23,Tejgaon_Industrial_Site_1,CS-57,Jatrabari_Flyover_Hub_Site_1,8633.9,90.16608967047486,358.58247775190324,Tejgaon_Industrial,Jatrabari_Flyover_Hub,routed
CS-23,Tejgaon_Industrial_Site_1,CS-58,Jatrabari_Flyover_Hub_Site_2,8633.9,90.16608967047486,310.18785958369136,Tejgaon_Industrial,Jatrabari_Flyover_Hub,routed
CS-24,Tejgaon_Industrial_Site_2,CS-01,Airport_Hub_Site_1,9285.0,557.8967176144448,387.56933574644125,Tejgaon_Industrial,Airport_Hub,routed
CS-24,Tejgaon_Industrial_Site_2,CS-02,Airport_Hub_Site_2,9285.0,557.8967176144448,506.34780845964383,Tejgaon_Industrial,Airport_Hub,routed
CS-24,Tejgaon_Industrial_Site_2,CS-03,Uttara_Sec3_Site_1,12078.7,557.8967176144448,443.31187101564313,Tejgaon_Industrial,Uttara_Sec3,routed
CS-24,Tejgaon_Industrial_Site_2,CS-04,Uttara_Sec3_Site_2,12078.7,557.8967176144448,131.83159473220599,Tejgaon_Industrial,Uttara_Sec3,routed
CS-24,Tejgaon_Industrial_Site_2,CS-05,Uttara_Sec11_Site_1,13183.400000000001,557.8967176144448,521.1013425864372,Tejgaon_Industrial,Uttara_Sec11,routed
CS-24,Tejgaon_Industrial_Site_2,CS-06,Uttara_Sec11_Site_2,13183.400000000001,557.8967176144448,444.3265930489434,Tejgaon_Industrial,Uttara_Sec11,routed
CS-24,Tejgaon_Industrial_Site_2,CS-07,Purbachal_300ft_Site_1,15359.9,557.8967176144448,491.45821785549737,Tejgaon_Industrial,Purbachal_300ft,routed
CS-24,Tejgaon_Industrial_Site_2,CS-08,Purbachal_300ft_Site_2,15359.9,557.8967176144448,486.0039816801295,Tejgaon_Industrial,Purbachal_300ft,routed
CS-24,Tejgaon_Industrial_Site_2,CS-09,Baridhara_Diplomatic_Site_1,5972.2,557.8967176144448,480.90203532465125,Tejgaon_Industrial,Baridhara_Diplomatic,routed
CS-24,Tejgaon_Industrial_Site_2,CS-10,Baridhara_Diplomatic_Site_2,5972.2,557.8967176144448,542.4794717225486,Tejgaon_Industrial,Baridhara_Diplomatic,routed
CS-24,Tejgaon_Industrial_Site_2,CS-11,Gulshan_2_Site_1,5026.099999999999,557.8967176144448,492.9831332681502,Tejgaon_Industrial,Gulshan_2,routed
CS-24,Tejgaon_Industrial_Site_2,CS-12,Gulshan_2_Site_2,5026.099999999999,557.8967176144448,259.1007612239219,Tejgaon_Industrial,Gulshan_2,routed
CS-24,Tejgaon_Industrial_Site_2,CS-13,Gulshan_1_Site_1,3625.3999999999996,557.8967176144448,557.8902441687196,Tejgaon_Industrial,Gulshan_1,routed
CS-24,Tejgaon_Industrial_Site_2,CS-14,Gulshan_1_Site_2,3304.0,557.8967176144448,425.1394136672309,Tejgaon_Industrial,Badda_Pragati_Sarani,routed
CS-24,Tejgaon_Industrial_Site_2,CS-15,Banani_11_Site_1,6131.699999999999,557.8967176144448,641.5582961789066,Tejgaon_Industrial,Banani_11,routed
CS-24,Tejgaon_Industrial_Site_2,CS-16,Banani_11_Site_2,6131.699999999999,557.8967176144448,487.73455572103404,Tejgaon_Industrial,Banani_11,routed
CS-24,Tejgaon_Industrial_Site_2,CS-17,Mohakhali_Terminal_Site_1,2034.1,557.8967176144448,274.0141386731775,Tejgaon_Industrial,Mohakhali_Terminal,routed
CS-24,Tejgaon_Industrial_Site_2,CS-18,Mohakhali_Terminal_Site_2,2034.1,557.8967176144448,667.4786340706916,Tejgaon_Industrial,Mohakhali_Terminal,routed
CS-24,Tejgaon_Industrial_Site_2,CS-19,Badda_Pragati_Sarani_Site_1,3304.0,557.8967176144448,376.98291121128,Tejgaon_Industrial,Badda_Pragati_Sarani,routed
CS-24,Tejgaon_Industrial_Site_2,CS-20,Badda_Pragati_Sarani_Site_2,3304.0,557.8967176144448,376.20287746857207,Tejgaon_Industrial,Badda_Pragati_Sarani,routed
CS-24,Tejgaon_Industrial_Site_2,CS-21,Hatirjheel_North_Site_1,1486.9,557.8967176144448,468.4064864979258,Tejgaon_Industrial,Hatirjheel_North,routed
CS-24,Tejgaon_Industrial_Site_2,CS-22,Hatirjheel_North_Site_2,1486.9,557.8967176144448,310.06191853650404,Tejgaon_Industrial,Hatirjheel_North,routed
CS-24,Tejgaon_Industrial_Site_2,CS-23,Tejgaon_Industrial_Site_1,0.0,557.8967176144448,90.16608967047486,Tejgaon_Industrial,Tejgaon_Industrial,same_road_node
CS-24,Tejgaon_Industrial_Site_2,CS-25,Kawran_Bazar_CBD_Site_1,1196.6,557.8967176144448,369.97026595080973,Tejgaon_Industrial,Kawran_Bazar_CBD,routed
CS-24,Tejgaon_Industrial_Site_2,CS-26,Kawran_Bazar_CBD_Site_2,1196.6,557.8967176144448,491.0807189387636,Tejgaon_Industrial,Kawran_Bazar_CBD,routed
CS-24,Tejgaon_Industrial_Site_2,CS-27,Farmgate_Hub_Site_1,1083.8,557.8967176144448,456.4519527664829,Tejgaon_Industrial,Farmgate_Hub,routed
CS-24,Tejgaon_Industrial_Site_2,CS-28,Farmgate_Hub_Site_2,1083.8,557.8967176144448,537.7862263087482,Tejgaon_Industrial,Farmgate_Hub,routed
CS-24,Tejgaon_Industrial_Site_2,CS-29,Dhanmondi_27_Site_1,2537.0,557.8967176144448,120.8257549786046,Tejgaon_Industrial,Dhanmondi_27,routed
CS-24,Tejgaon_Industrial_Site_2,CS-30,Dhanmondi_27_Site_2,2537.0,557.8967176144448,475.39463107740454,Tejgaon_Industrial,Dhanmondi_27,routed
CS-24,Tejgaon_Industrial_Site_2,CS-31,Dhanmondi_8A_Site_1,3193.1,557.8967176144448,616.0715403667175,Tejgaon_Industrial,Dhanmondi_8A,routed
CS-24,Tejgaon_Industrial_Site_2,CS-32,Dhanmondi_8A_Site_2,3193.1,557.8967176144448,411.70228464318944,Tejgaon_Industrial,Dhanmondi_8A,routed
CS-24,Tejgaon_Industrial_Site_2,CS-33,Shyamoli_Square_Site_1,5124.7,557.8967176144448,470.0130841296087,Tejgaon_Industrial,Shyamoli_Square,routed
CS-24,Tejgaon_Industrial_Site_2,CS-34,Shyamoli_Square_Site_2,5124.7,557.8967176144448,359.70204303201245,Tejgaon_Industrial,Shyamoli_Square,routed
CS-24,Tejgaon_Industrial_Site_2,CS-35,Mohammadpur_Townhall_Site_1,5137.6,557.8967176144448,369.96641661393016,Tejgaon_Industrial,Mohammadpur_Townhall,routed
CS-24,Tejgaon_Industrial_Site_2,CS-36,Mohammadpur_Townhall_Site_2,5137.6,557.8967176144448,532.4040986980325,Tejgaon_Industrial,Mohammadpur_Townhall,routed
CS-24,Tejgaon_Industrial_Site_2,CS-37,Mirpur_1_Site_1,7802.5,557.8967176144448,443.88921478801524,Tejgaon_Industrial,Mirpur_1,routed
CS-24,Tejgaon_Industrial_Site_2,CS-38,Mirpur_1_Site_2,7802.5,557.8967176144448,158.3147182012352,Tejgaon_Industrial,Mirpur_1,routed
CS-24,Tejgaon_Industrial_Site_2,CS-39,Mirpur_10_Circle_Site_1,6660.1,557.8967176144448,88.58928452209923,Tejgaon_Industrial,Mirpur_10_Circle,routed
CS-24,Tejgaon_Industrial_Site_2,CS-40,Mirpur_10_Circle_Site_2,6660.1,557.8967176144448,549.4653263343647,Tejgaon_Industrial,Mirpur_10_Circle,routed
CS-24,Tejgaon_Industrial_Site_2,CS-41,Mirpur_12_Site_1,8608.9,557.8967176144448,536.4117389493025,Tejgaon_Industrial,Mirpur_12,routed
CS-24,Tejgaon_Industrial_Site_2,CS-42,Mirpur_12_Site_2,8608.9,557.8967176144448,470.6049314333112,Tejgaon_Industrial,Mirpur_12,routed
CS-24,Tejgaon_Industrial_Site_2,CS-43,Gabtoli_Terminal_Site_1,7379.0,557.8967176144448,419.1719209303812,Tejgaon_Industrial,Gabtoli_Terminal,routed
CS-24,Tejgaon_Industrial_Site_2,CS-44,Gabtoli_Terminal_Site_2,7379.0,557.8967176144448,263.02616062219164,Tejgaon_Industrial,Gabtoli_Terminal,routed
CS-24,Tejgaon_Industrial_Site_2,CS-45,Shahbagh_Square_Site_1,3306.5,557.8967176144448,620.452455049284,Tejgaon_Industrial,Shahbagh_Square,routed
CS-24,Tejgaon_Industrial_Site_2,CS-46,Shahbagh_Square_Site_2,3306.5,557.8967176144448,149.4116807350283,Tejgaon_Industrial,Shahbagh_Square,routed
CS-24,Tejgaon_Industrial_Site_2,CS-47,Motijheel_CBD_Site_1,5647.5,557.8967176144448,154.02022873663583,Tejgaon_Industrial,Motijheel_CBD,routed
CS-24,Tejgaon_Industrial_Site_2,CS-48,Motijheel_CBD_Site_2,5647.5,557.8967176144448,523.372989683262,Tejgaon_Industrial,Motijheel_CBD,routed
CS-24,Tejgaon_Industrial_Site_2,CS-49,Kamalapur_Railway_Site_1,6340.4,557.8967176144448,268.36694973094154,Tejgaon_Industrial,Kamalapur_Railway,routed
CS-24,Tejgaon_Industrial_Site_2,CS-50,Kamalapur_Railway_Site_2,6340.4,557.8967176144448,183.61956766698643,Tejgaon_Industrial,Kamalapur_Railway,routed
CS-24,Tejgaon_Industrial_Site_2,CS-51,Old_Dhaka_Lalbagh_Site_1,11611.9,557.8967176144448,545.5895924795998,Tejgaon_Industrial,Old_Dhaka_Lalbagh,routed
CS-24,Tejgaon_Industrial_Site_2,CS-52,Old_Dhaka_Lalbagh_Site_2,11611.9,557.8967176144448,209.0234518928121,Tejgaon_Industrial,Old_Dhaka_Lalbagh,routed
CS-24,Tejgaon_Industrial_Site_2,CS-53,Old_Dhaka_Sadarghat_Site_1,8884.3,557.8967176144448,232.38025140077238,Tejgaon_Industrial,Old_Dhaka_Sadarghat,routed
CS-24,Tejgaon_Industrial_Site_2,CS-54,Old_Dhaka_Sadarghat_Site_2,8884.3,557.8967176144448,465.183542888821,Tejgaon_Industrial,Old_Dhaka_Sadarghat,routed
CS-24,Tejgaon_Industrial_Site_2,CS-55,Sayedabad_Terminal_Site_1,7543.5,557.8967176144448,475.68383234599094,Tejgaon_Industrial,Sayedabad_Terminal,routed
CS-24,Tejgaon_Industrial_Site_2,CS-56,Sayedabad_Terminal_Site_2,7543.5,557.8967176144448,354.404933525487,Tejgaon_Industrial,Sayedabad_Terminal,routed
CS-24,Tejgaon_Industrial_Site_2,CS-57,Jatrabari_Flyover_Hub_Site_1,8633.9,557.8967176144448,358.58247775190324,Tejgaon_Industrial,Jatrabari_Flyover_Hub,routed
CS-24,Tejgaon_Industrial_Site_2,CS-58,Jatrabari_Flyover_Hub_Site_2,8633.9,557.8967176144448,310.18785958369136,Tejgaon_Industrial,Jatrabari_Flyover_Hub,routed
CS-25,Kawran_Bazar_CBD_Site_1,CS-01,Airport_Hub_Site_1,10481.599999999999,369.97026595080973,387.56933574644125,Kawran_Bazar_CBD,Airport_Hub,routed
CS-25,Kawran_Bazar_CBD_Site_1,CS-02,Airport_Hub_Site_2,10481.599999999999,369.97026595080973,506.34780845964383,Kawran_Bazar_CBD,Airport_Hub,routed
CS-25,Kawran_Bazar_CBD_Site_1,CS-03,Uttara_Sec3_Site_1,13275.3,369.97026595080973,443.31187101564313,Kawran_Bazar_CBD,Uttara_Sec3,routed
CS-25,Kawran_Bazar_CBD_Site_1,CS-04,Uttara_Sec3_Site_2,13275.3,369.97026595080973,131.83159473220599,Kawran_Bazar_CBD,Uttara_Sec3,routed
CS-25,Kawran_Bazar_CBD_Site_1,CS-05,Uttara_Sec11_Site_1,14380.0,369.97026595080973,521.1013425864372,Kawran_Bazar_CBD,Uttara_Sec11,routed
CS-25,Kawran_Bazar_CBD_Site_1,CS-06,Uttara_Sec11_Site_2,14380.0,369.97026595080973,444.3265930489434,Kawran_Bazar_CBD,Uttara_Sec11,routed
CS-25,Kawran_Bazar_CBD_Site_1,CS-07,Purbachal_300ft_Site_1,16556.5,369.97026595080973,491.45821785549737,Kawran_Bazar_CBD,Purbachal_300ft,routed
CS-25,Kawran_Bazar_CBD_Site_1,CS-08,Purbachal_300ft_Site_2,16556.5,369.97026595080973,486.0039816801295,Kawran_Bazar_CBD,Purbachal_300ft,routed
CS-25,Kawran_Bazar_CBD_Site_1,CS-09,Baridhara_Diplomatic_Site_1,7168.8,369.97026595080973,480.90203532465125,Kawran_Bazar_CBD,Baridhara_Diplomatic,routed
CS-25,Kawran_Bazar_CBD_Site_1,CS-10,Baridhara_Diplomatic_Site_2,7168.8,369.97026595080973,542.4794717225486,Kawran_Bazar_CBD,Baridhara_Diplomatic,routed
CS-25,Kawran_Bazar_CBD_Site_1,CS-11,Gulshan_2_Site_1,6222.7,369.97026595080973,492.9831332681502,Kawran_Bazar_CBD,Gulshan_2,routed
CS-25,Kawran_Bazar_CBD_Site_1,CS-12,Gulshan_2_Site_2,6222.7,369.97026595080973,259.1007612239219,Kawran_Bazar_CBD,Gulshan_2,routed
CS-25,Kawran_Bazar_CBD_Site_1,CS-13,Gulshan_1_Site_1,4822.0,369.97026595080973,557.8902441687196,Kawran_Bazar_CBD,Gulshan_1,routed
CS-25,Kawran_Bazar_CBD_Site_1,CS-14,Gulshan_1_Site_2,4500.6,369.97026595080973,425.1394136672309,Kawran_Bazar_CBD,Badda_Pragati_Sarani,routed
CS-25,Kawran_Bazar_CBD_Site_1,CS-15,Banani_11_Site_1,7328.299999999999,369.97026595080973,641.5582961789066,Kawran_Bazar_CBD,Banani_11,routed
CS-25,Kawran_Bazar_CBD_Site_1,CS-16,Banani_11_Site_2,7328.299999999999,369.97026595080973,487.73455572103404,Kawran_Bazar_CBD,Banani_11,routed
CS-25,Kawran_Bazar_CBD_Site_1,CS-17,Mohakhali_Terminal_Site_1,3230.7,369.97026595080973,274.0141386731775,Kawran_Bazar_CBD,Mohakhali_Terminal,routed
CS-25,Kawran_Bazar_CBD_Site_1,CS-18,Mohakhali_Terminal_Site_2,3230.7,369.97026595080973,667.4786340706916,Kawran_Bazar_CBD,Mohakhali_Terminal,routed
CS-25,Kawran_Bazar_CBD_Site_1,CS-19,Badda_Pragati_Sarani_Site_1,4500.6,369.97026595080973,376.98291121128,Kawran_Bazar_CBD,Badda_Pragati_Sarani,routed
CS-25,Kawran_Bazar_CBD_Site_1,CS-20,Badda_Pragati_Sarani_Site_2,4500.6,369.97026595080973,376.20287746857207,Kawran_Bazar_CBD,Badda_Pragati_Sarani,routed
CS-25,Kawran_Bazar_CBD_Site_1,CS-21,Hatirjheel_North_Site_1,2683.5,369.97026595080973,468.4064864979258,Kawran_Bazar_CBD,Hatirjheel_North,routed
CS-25,Kawran_Bazar_CBD_Site_1,CS-22,Hatirjheel_North_Site_2,2683.5,369.97026595080973,310.06191853650404,Kawran_Bazar_CBD,Hatirjheel_North,routed
CS-25,Kawran_Bazar_CBD_Site_1,CS-23,Tejgaon_Industrial_Site_1,1196.6,369.97026595080973,90.16608967047486,Kawran_Bazar_CBD,Tejgaon_Industrial,routed
CS-25,Kawran_Bazar_CBD_Site_1,CS-24,Tejgaon_Industrial_Site_2,1196.6,369.97026595080973,557.8967176144448,Kawran_Bazar_CBD,Tejgaon_Industrial,routed
CS-25,Kawran_Bazar_CBD_Site_1,CS-26,Kawran_Bazar_CBD_Site_2,0.0,369.97026595080973,491.0807189387636,Kawran_Bazar_CBD,Kawran_Bazar_CBD,same_road_node
CS-25,Kawran_Bazar_CBD_Site_1,CS-27,Farmgate_Hub_Site_1,2280.3999999999996,369.97026595080973,456.4519527664829,Kawran_Bazar_CBD,Farmgate_Hub,routed
CS-25,Kawran_Bazar_CBD_Site_1,CS-28,Farmgate_Hub_Site_2,2280.3999999999996,369.97026595080973,537.7862263087482,Kawran_Bazar_CBD,Farmgate_Hub,routed
CS-25,Kawran_Bazar_CBD_Site_1,CS-29,Dhanmondi_27_Site_1,3733.5999999999995,369.97026595080973,120.8257549786046,Kawran_Bazar_CBD,Dhanmondi_27,routed
CS-25,Kawran_Bazar_CBD_Site_1,CS-30,Dhanmondi_27_Site_2,3733.5999999999995,369.97026595080973,475.39463107740454,Kawran_Bazar_CBD,Dhanmondi_27,routed
CS-25,Kawran_Bazar_CBD_Site_1,CS-31,Dhanmondi_8A_Site_1,4389.7,369.97026595080973,616.0715403667175,Kawran_Bazar_CBD,Dhanmondi_8A,routed
CS-25,Kawran_Bazar_CBD_Site_1,CS-32,Dhanmondi_8A_Site_2,4389.7,369.97026595080973,411.70228464318944,Kawran_Bazar_CBD,Dhanmondi_8A,routed
CS-25,Kawran_Bazar_CBD_Site_1,CS-33,Shyamoli_Square_Site_1,6321.299999999999,369.97026595080973,470.0130841296087,Kawran_Bazar_CBD,Shyamoli_Square,routed
CS-25,Kawran_Bazar_CBD_Site_1,CS-34,Shyamoli_Square_Site_2,6321.299999999999,369.97026595080973,359.70204303201245,Kawran_Bazar_CBD,Shyamoli_Square,routed
CS-25,Kawran_Bazar_CBD_Site_1,CS-35,Mohammadpur_Townhall_Site_1,6334.2,369.97026595080973,369.96641661393016,Kawran_Bazar_CBD,Mohammadpur_Townhall,routed
CS-25,Kawran_Bazar_CBD_Site_1,CS-36,Mohammadpur_Townhall_Site_2,6334.2,369.97026595080973,532.4040986980325,Kawran_Bazar_CBD,Mohammadpur_Townhall,routed
CS-25,Kawran_Bazar_CBD_Site_1,CS-37,Mirpur_1_Site_1,8999.099999999999,369.97026595080973,443.88921478801524,Kawran_Bazar_CBD,Mirpur_1,routed
CS-25,Kawran_Bazar_CBD_Site_1,CS-38,Mirpur_1_Site_2,8999.099999999999,369.97026595080973,158.3147182012352,Kawran_Bazar_CBD,Mirpur_1,routed
CS-25,Kawran_Bazar_CBD_Site_1,CS-39,Mirpur_10_Circle_Site_1,7856.7,369.97026595080973,88.58928452209923,Kawran_Bazar_CBD,Mirpur_10_Circle,routed
CS-25,Kawran_Bazar_CBD_Site_1,CS-40,Mirpur_10_Circle_Site_2,7856.7,369.97026595080973,549.4653263343647,Kawran_Bazar_CBD,Mirpur_10_Circle,routed
CS-25,Kawran_Bazar_CBD_Site_1,CS-41,Mirpur_12_Site_1,9805.5,369.97026595080973,536.4117389493025,Kawran_Bazar_CBD,Mirpur_12,routed
CS-25,Kawran_Bazar_CBD_Site_1,CS-42,Mirpur_12_Site_2,9805.5,369.97026595080973,470.6049314333112,Kawran_Bazar_CBD,Mirpur_12,routed
CS-25,Kawran_Bazar_CBD_Site_1,CS-43,Gabtoli_Terminal_Site_1,8575.599999999999,369.97026595080973,419.1719209303812,Kawran_Bazar_CBD,Gabtoli_Terminal,routed
CS-25,Kawran_Bazar_CBD_Site_1,CS-44,Gabtoli_Terminal_Site_2,8575.599999999999,369.97026595080973,263.02616062219164,Kawran_Bazar_CBD,Gabtoli_Terminal,routed
CS-25,Kawran_Bazar_CBD_Site_1,CS-45,Shahbagh_Square_Site_1,4503.099999999999,369.97026595080973,620.452455049284,Kawran_Bazar_CBD,Shahbagh_Square,routed
CS-25,Kawran_Bazar_CBD_Site_1,CS-46,Shahbagh_Square_Site_2,4503.099999999999,369.97026595080973,149.4116807350283,Kawran_Bazar_CBD,Shahbagh_Square,routed
CS-25,Kawran_Bazar_CBD_Site_1,CS-47,Motijheel_CBD_Site_1,6844.099999999999,369.97026595080973,154.02022873663583,Kawran_Bazar_CBD,Motijheel_CBD,routed
CS-25,Kawran_Bazar_CBD_Site_1,CS-48,Motijheel_CBD_Site_2,6844.099999999999,369.97026595080973,523.372989683262,Kawran_Bazar_CBD,Motijheel_CBD,routed
CS-25,Kawran_Bazar_CBD_Site_1,CS-49,Kamalapur_Railway_Site_1,7536.999999999999,369.97026595080973,268.36694973094154,Kawran_Bazar_CBD,Kamalapur_Railway,routed
CS-25,Kawran_Bazar_CBD_Site_1,CS-50,Kamalapur_Railway_Site_2,7536.999999999999,369.97026595080973,183.61956766698643,Kawran_Bazar_CBD,Kamalapur_Railway,routed
CS-25,Kawran_Bazar_CBD_Site_1,CS-51,Old_Dhaka_Lalbagh_Site_1,12808.5,369.97026595080973,545.5895924795998,Kawran_Bazar_CBD,Old_Dhaka_Lalbagh,routed
CS-25,Kawran_Bazar_CBD_Site_1,CS-52,Old_Dhaka_Lalbagh_Site_2,12808.5,369.97026595080973,209.0234518928121,Kawran_Bazar_CBD,Old_Dhaka_Lalbagh,routed
CS-25,Kawran_Bazar_CBD_Site_1,CS-53,Old_Dhaka_Sadarghat_Site_1,10080.9,369.97026595080973,232.38025140077238,Kawran_Bazar_CBD,Old_Dhaka_Sadarghat,routed
CS-25,Kawran_Bazar_CBD_Site_1,CS-54,Old_Dhaka_Sadarghat_Site_2,10080.9,369.97026595080973,465.183542888821,Kawran_Bazar_CBD,Old_Dhaka_Sadarghat,routed
CS-25,Kawran_Bazar_CBD_Site_1,CS-55,Sayedabad_Terminal_Site_1,8740.099999999999,369.97026595080973,475.68383234599094,Kawran_Bazar_CBD,Sayedabad_Terminal,routed
CS-25,Kawran_Bazar_CBD_Site_1,CS-56,Sayedabad_Terminal_Site_2,8740.099999999999,369.97026595080973,354.404933525487,Kawran_Bazar_CBD,Sayedabad_Terminal,routed
CS-25,Kawran_Bazar_CBD_Site_1,CS-57,Jatrabari_Flyover_Hub_Site_1,9830.499999999998,369.97026595080973,358.58247775190324,Kawran_Bazar_CBD,Jatrabari_Flyover_Hub,routed
CS-25,Kawran_Bazar_CBD_Site_1,CS-58,Jatrabari_Flyover_Hub_Site_2,9830.499999999998,369.97026595080973,310.18785958369136,Kawran_Bazar_CBD,Jatrabari_Flyover_Hub,routed
CS-26,Kawran_Bazar_CBD_Site_2,CS-01,Airport_Hub_Site_1,10481.599999999999,491.0807189387636,387.56933574644125,Kawran_Bazar_CBD,Airport_Hub,routed
CS-26,Kawran_Bazar_CBD_Site_2,CS-02,Airport_Hub_Site_2,10481.599999999999,491.0807189387636,506.34780845964383,Kawran_Bazar_CBD,Airport_Hub,routed
CS-26,Kawran_Bazar_CBD_Site_2,CS-03,Uttara_Sec3_Site_1,13275.3,491.0807189387636,443.31187101564313,Kawran_Bazar_CBD,Uttara_Sec3,routed
CS-26,Kawran_Bazar_CBD_Site_2,CS-04,Uttara_Sec3_Site_2,13275.3,491.0807189387636,131.83159473220599,Kawran_Bazar_CBD,Uttara_Sec3,routed
CS-26,Kawran_Bazar_CBD_Site_2,CS-05,Uttara_Sec11_Site_1,14380.0,491.0807189387636,521.1013425864372,Kawran_Bazar_CBD,Uttara_Sec11,routed
CS-26,Kawran_Bazar_CBD_Site_2,CS-06,Uttara_Sec11_Site_2,14380.0,491.0807189387636,444.3265930489434,Kawran_Bazar_CBD,Uttara_Sec11,routed
CS-26,Kawran_Bazar_CBD_Site_2,CS-07,Purbachal_300ft_Site_1,16556.5,491.0807189387636,491.45821785549737,Kawran_Bazar_CBD,Purbachal_300ft,routed
CS-26,Kawran_Bazar_CBD_Site_2,CS-08,Purbachal_300ft_Site_2,16556.5,491.0807189387636,486.0039816801295,Kawran_Bazar_CBD,Purbachal_300ft,routed
CS-26,Kawran_Bazar_CBD_Site_2,CS-09,Baridhara_Diplomatic_Site_1,7168.8,491.0807189387636,480.90203532465125,Kawran_Bazar_CBD,Baridhara_Diplomatic,routed
CS-26,Kawran_Bazar_CBD_Site_2,CS-10,Baridhara_Diplomatic_Site_2,7168.8,491.0807189387636,542.4794717225486,Kawran_Bazar_CBD,Baridhara_Diplomatic,routed
CS-26,Kawran_Bazar_CBD_Site_2,CS-11,Gulshan_2_Site_1,6222.7,491.0807189387636,492.9831332681502,Kawran_Bazar_CBD,Gulshan_2,routed
CS-26,Kawran_Bazar_CBD_Site_2,CS-12,Gulshan_2_Site_2,6222.7,491.0807189387636,259.1007612239219,Kawran_Bazar_CBD,Gulshan_2,routed
CS-26,Kawran_Bazar_CBD_Site_2,CS-13,Gulshan_1_Site_1,4822.0,491.0807189387636,557.8902441687196,Kawran_Bazar_CBD,Gulshan_1,routed
CS-26,Kawran_Bazar_CBD_Site_2,CS-14,Gulshan_1_Site_2,4500.6,491.0807189387636,425.1394136672309,Kawran_Bazar_CBD,Badda_Pragati_Sarani,routed
CS-26,Kawran_Bazar_CBD_Site_2,CS-15,Banani_11_Site_1,7328.299999999999,491.0807189387636,641.5582961789066,Kawran_Bazar_CBD,Banani_11,routed
CS-26,Kawran_Bazar_CBD_Site_2,CS-16,Banani_11_Site_2,7328.299999999999,491.0807189387636,487.73455572103404,Kawran_Bazar_CBD,Banani_11,routed
CS-26,Kawran_Bazar_CBD_Site_2,CS-17,Mohakhali_Terminal_Site_1,3230.7,491.0807189387636,274.0141386731775,Kawran_Bazar_CBD,Mohakhali_Terminal,routed
CS-26,Kawran_Bazar_CBD_Site_2,CS-18,Mohakhali_Terminal_Site_2,3230.7,491.0807189387636,667.4786340706916,Kawran_Bazar_CBD,Mohakhali_Terminal,routed
CS-26,Kawran_Bazar_CBD_Site_2,CS-19,Badda_Pragati_Sarani_Site_1,4500.6,491.0807189387636,376.98291121128,Kawran_Bazar_CBD,Badda_Pragati_Sarani,routed
CS-26,Kawran_Bazar_CBD_Site_2,CS-20,Badda_Pragati_Sarani_Site_2,4500.6,491.0807189387636,376.20287746857207,Kawran_Bazar_CBD,Badda_Pragati_Sarani,routed
CS-26,Kawran_Bazar_CBD_Site_2,CS-21,Hatirjheel_North_Site_1,2683.5,491.0807189387636,468.4064864979258,Kawran_Bazar_CBD,Hatirjheel_North,routed
CS-26,Kawran_Bazar_CBD_Site_2,CS-22,Hatirjheel_North_Site_2,2683.5,491.0807189387636,310.06191853650404,Kawran_Bazar_CBD,Hatirjheel_North,routed
CS-26,Kawran_Bazar_CBD_Site_2,CS-23,Tejgaon_Industrial_Site_1,1196.6,491.0807189387636,90.16608967047486,Kawran_Bazar_CBD,Tejgaon_Industrial,routed
CS-26,Kawran_Bazar_CBD_Site_2,CS-24,Tejgaon_Industrial_Site_2,1196.6,491.0807189387636,557.8967176144448,Kawran_Bazar_CBD,Tejgaon_Industrial,routed
CS-26,Kawran_Bazar_CBD_Site_2,CS-25,Kawran_Bazar_CBD_Site_1,0.0,491.0807189387636,369.97026595080973,Kawran_Bazar_CBD,Kawran_Bazar_CBD,same_road_node
CS-26,Kawran_Bazar_CBD_Site_2,CS-27,Farmgate_Hub_Site_1,2280.3999999999996,491.0807189387636,456.4519527664829,Kawran_Bazar_CBD,Farmgate_Hub,routed
CS-26,Kawran_Bazar_CBD_Site_2,CS-28,Farmgate_Hub_Site_2,2280.3999999999996,491.0807189387636,537.7862263087482,Kawran_Bazar_CBD,Farmgate_Hub,routed
CS-26,Kawran_Bazar_CBD_Site_2,CS-29,Dhanmondi_27_Site_1,3733.5999999999995,491.0807189387636,120.8257549786046,Kawran_Bazar_CBD,Dhanmondi_27,routed
CS-26,Kawran_Bazar_CBD_Site_2,CS-30,Dhanmondi_27_Site_2,3733.5999999999995,491.0807189387636,475.39463107740454,Kawran_Bazar_CBD,Dhanmondi_27,routed
CS-26,Kawran_Bazar_CBD_Site_2,CS-31,Dhanmondi_8A_Site_1,4389.7,491.0807189387636,616.0715403667175,Kawran_Bazar_CBD,Dhanmondi_8A,routed
CS-26,Kawran_Bazar_CBD_Site_2,CS-32,Dhanmondi_8A_Site_2,4389.7,491.0807189387636,411.70228464318944,Kawran_Bazar_CBD,Dhanmondi_8A,routed
CS-26,Kawran_Bazar_CBD_Site_2,CS-33,Shyamoli_Square_Site_1,6321.299999999999,491.0807189387636,470.0130841296087,Kawran_Bazar_CBD,Shyamoli_Square,routed
CS-26,Kawran_Bazar_CBD_Site_2,CS-34,Shyamoli_Square_Site_2,6321.299999999999,491.0807189387636,359.70204303201245,Kawran_Bazar_CBD,Shyamoli_Square,routed
CS-26,Kawran_Bazar_CBD_Site_2,CS-35,Mohammadpur_Townhall_Site_1,6334.2,491.0807189387636,369.96641661393016,Kawran_Bazar_CBD,Mohammadpur_Townhall,routed
CS-26,Kawran_Bazar_CBD_Site_2,CS-36,Mohammadpur_Townhall_Site_2,6334.2,491.0807189387636,532.4040986980325,Kawran_Bazar_CBD,Mohammadpur_Townhall,routed
CS-26,Kawran_Bazar_CBD_Site_2,CS-37,Mirpur_1_Site_1,8999.099999999999,491.0807189387636,443.88921478801524,Kawran_Bazar_CBD,Mirpur_1,routed
CS-26,Kawran_Bazar_CBD_Site_2,CS-38,Mirpur_1_Site_2,8999.099999999999,491.0807189387636,158.3147182012352,Kawran_Bazar_CBD,Mirpur_1,routed
CS-26,Kawran_Bazar_CBD_Site_2,CS-39,Mirpur_10_Circle_Site_1,7856.7,491.0807189387636,88.58928452209923,Kawran_Bazar_CBD,Mirpur_10_Circle,routed
CS-26,Kawran_Bazar_CBD_Site_2,CS-40,Mirpur_10_Circle_Site_2,7856.7,491.0807189387636,549.4653263343647,Kawran_Bazar_CBD,Mirpur_10_Circle,routed
CS-26,Kawran_Bazar_CBD_Site_2,CS-41,Mirpur_12_Site_1,9805.5,491.0807189387636,536.4117389493025,Kawran_Bazar_CBD,Mirpur_12,routed
CS-26,Kawran_Bazar_CBD_Site_2,CS-42,Mirpur_12_Site_2,9805.5,491.0807189387636,470.6049314333112,Kawran_Bazar_CBD,Mirpur_12,routed
CS-26,Kawran_Bazar_CBD_Site_2,CS-43,Gabtoli_Terminal_Site_1,8575.599999999999,491.0807189387636,419.1719209303812,Kawran_Bazar_CBD,Gabtoli_Terminal,routed
CS-26,Kawran_Bazar_CBD_Site_2,CS-44,Gabtoli_Terminal_Site_2,8575.599999999999,491.0807189387636,263.02616062219164,Kawran_Bazar_CBD,Gabtoli_Terminal,routed
CS-26,Kawran_Bazar_CBD_Site_2,CS-45,Shahbagh_Square_Site_1,4503.099999999999,491.0807189387636,620.452455049284,Kawran_Bazar_CBD,Shahbagh_Square,routed
CS-26,Kawran_Bazar_CBD_Site_2,CS-46,Shahbagh_Square_Site_2,4503.099999999999,491.0807189387636,149.4116807350283,Kawran_Bazar_CBD,Shahbagh_Square,routed
CS-26,Kawran_Bazar_CBD_Site_2,CS-47,Motijheel_CBD_Site_1,6844.099999999999,491.0807189387636,154.02022873663583,Kawran_Bazar_CBD,Motijheel_CBD,routed
CS-26,Kawran_Bazar_CBD_Site_2,CS-48,Motijheel_CBD_Site_2,6844.099999999999,491.0807189387636,523.372989683262,Kawran_Bazar_CBD,Motijheel_CBD,routed
CS-26,Kawran_Bazar_CBD_Site_2,CS-49,Kamalapur_Railway_Site_1,7536.999999999999,491.0807189387636,268.36694973094154,Kawran_Bazar_CBD,Kamalapur_Railway,routed
CS-26,Kawran_Bazar_CBD_Site_2,CS-50,Kamalapur_Railway_Site_2,7536.999999999999,491.0807189387636,183.61956766698643,Kawran_Bazar_CBD,Kamalapur_Railway,routed
CS-26,Kawran_Bazar_CBD_Site_2,CS-51,Old_Dhaka_Lalbagh_Site_1,12808.5,491.0807189387636,545.5895924795998,Kawran_Bazar_CBD,Old_Dhaka_Lalbagh,routed
CS-26,Kawran_Bazar_CBD_Site_2,CS-52,Old_Dhaka_Lalbagh_Site_2,12808.5,491.0807189387636,209.0234518928121,Kawran_Bazar_CBD,Old_Dhaka_Lalbagh,routed
CS-26,Kawran_Bazar_CBD_Site_2,CS-53,Old_Dhaka_Sadarghat_Site_1,10080.9,491.0807189387636,232.38025140077238,Kawran_Bazar_CBD,Old_Dhaka_Sadarghat,routed
CS-26,Kawran_Bazar_CBD_Site_2,CS-54,Old_Dhaka_Sadarghat_Site_2,10080.9,491.0807189387636,465.183542888821,Kawran_Bazar_CBD,Old_Dhaka_Sadarghat,routed
CS-26,Kawran_Bazar_CBD_Site_2,CS-55,Sayedabad_Terminal_Site_1,8740.099999999999,491.0807189387636,475.68383234599094,Kawran_Bazar_CBD,Sayedabad_Terminal,routed
CS-26,Kawran_Bazar_CBD_Site_2,CS-56,Sayedabad_Terminal_Site_2,8740.099999999999,491.0807189387636,354.404933525487,Kawran_Bazar_CBD,Sayedabad_Terminal,routed
CS-26,Kawran_Bazar_CBD_Site_2,CS-57,Jatrabari_Flyover_Hub_Site_1,9830.499999999998,491.0807189387636,358.58247775190324,Kawran_Bazar_CBD,Jatrabari_Flyover_Hub,routed
CS-26,Kawran_Bazar_CBD_Site_2,CS-58,Jatrabari_Flyover_Hub_Site_2,9830.499999999998,491.0807189387636,310.18785958369136,Kawran_Bazar_CBD,Jatrabari_Flyover_Hub,routed
CS-27,Farmgate_Hub_Site_1,CS-01,Airport_Hub_Site_1,10368.8,456.4519527664829,387.56933574644125,Farmgate_Hub,Airport_Hub,routed
CS-27,Farmgate_Hub_Site_1,CS-02,Airport_Hub_Site_2,10368.8,456.4519527664829,506.34780845964383,Farmgate_Hub,Airport_Hub,routed
CS-27,Farmgate_Hub_Site_1,CS-03,Uttara_Sec3_Site_1,13162.5,456.4519527664829,443.31187101564313,Farmgate_Hub,Uttara_Sec3,routed
CS-27,Farmgate_Hub_Site_1,CS-04,Uttara_Sec3_Site_2,13162.5,456.4519527664829,131.83159473220599,Farmgate_Hub,Uttara_Sec3,routed
CS-27,Farmgate_Hub_Site_1,CS-05,Uttara_Sec11_Site_1,14267.2,456.4519527664829,521.1013425864372,Farmgate_Hub,Uttara_Sec11,routed
CS-27,Farmgate_Hub_Site_1,CS-06,Uttara_Sec11_Site_2,14267.2,456.4519527664829,444.3265930489434,Farmgate_Hub,Uttara_Sec11,routed
CS-27,Farmgate_Hub_Site_1,CS-07,Purbachal_300ft_Site_1,16443.699999999997,456.4519527664829,491.45821785549737,Farmgate_Hub,Purbachal_300ft,routed
CS-27,Farmgate_Hub_Site_1,CS-08,Purbachal_300ft_Site_2,16443.699999999997,456.4519527664829,486.0039816801295,Farmgate_Hub,Purbachal_300ft,routed
CS-27,Farmgate_Hub_Site_1,CS-09,Baridhara_Diplomatic_Site_1,7056.0,456.4519527664829,480.90203532465125,Farmgate_Hub,Baridhara_Diplomatic,routed
CS-27,Farmgate_Hub_Site_1,CS-10,Baridhara_Diplomatic_Site_2,7056.0,456.4519527664829,542.4794717225486,Farmgate_Hub,Baridhara_Diplomatic,routed
CS-27,Farmgate_Hub_Site_1,CS-11,Gulshan_2_Site_1,6109.9,456.4519527664829,492.9831332681502,Farmgate_Hub,Gulshan_2,routed
CS-27,Farmgate_Hub_Site_1,CS-12,Gulshan_2_Site_2,6109.9,456.4519527664829,259.1007612239219,Farmgate_Hub,Gulshan_2,routed
CS-27,Farmgate_Hub_Site_1,CS-13,Gulshan_1_Site_1,4709.2,456.4519527664829,557.8902441687196,Farmgate_Hub,Gulshan_1,routed
CS-27,Farmgate_Hub_Site_1,CS-14,Gulshan_1_Site_2,4387.799999999999,456.4519527664829,425.1394136672309,Farmgate_Hub,Badda_Pragati_Sarani,routed
CS-27,Farmgate_Hub_Site_1,CS-15,Banani_11_Site_1,7215.5,456.4519527664829,641.5582961789066,Farmgate_Hub,Banani_11,routed
CS-27,Farmgate_Hub_Site_1,CS-16,Banani_11_Site_2,7215.5,456.4519527664829,487.73455572103404,Farmgate_Hub,Banani_11,routed
CS-27,Farmgate_Hub_Site_1,CS-17,Mohakhali_Terminal_Site_1,3117.8999999999996,456.4519527664829,274.0141386731775,Farmgate_Hub,Mohakhali_Terminal,routed
CS-27,Farmgate_Hub_Site_1,CS-18,Mohakhali_Terminal_Site_2,3117.8999999999996,456.4519527664829,667.4786340706916,Farmgate_Hub,Mohakhali_Terminal,routed
CS-27,Farmgate_Hub_Site_1,CS-19,Badda_Pragati_Sarani_Site_1,4387.799999999999,456.4519527664829,376.98291121128,Farmgate_Hub,Badda_Pragati_Sarani,routed
CS-27,Farmgate_Hub_Site_1,CS-20,Badda_Pragati_Sarani_Site_2,4387.799999999999,456.4519527664829,376.20287746857207,Farmgate_Hub,Badda_Pragati_Sarani,routed
CS-27,Farmgate_Hub_Site_1,CS-21,Hatirjheel_North_Site_1,2570.7,456.4519527664829,468.4064864979258,Farmgate_Hub,Hatirjheel_North,routed
CS-27,Farmgate_Hub_Site_1,CS-22,Hatirjheel_North_Site_2,2570.7,456.4519527664829,310.06191853650404,Farmgate_Hub,Hatirjheel_North,routed
CS-27,Farmgate_Hub_Site_1,CS-23,Tejgaon_Industrial_Site_1,1083.8,456.4519527664829,90.16608967047486,Farmgate_Hub,Tejgaon_Industrial,routed
CS-27,Farmgate_Hub_Site_1,CS-24,Tejgaon_Industrial_Site_2,1083.8,456.4519527664829,557.8967176144448,Farmgate_Hub,Tejgaon_Industrial,routed
CS-27,Farmgate_Hub_Site_1,CS-25,Kawran_Bazar_CBD_Site_1,2280.3999999999996,456.4519527664829,369.97026595080973,Farmgate_Hub,Kawran_Bazar_CBD,routed
CS-27,Farmgate_Hub_Site_1,CS-26,Kawran_Bazar_CBD_Site_2,2280.3999999999996,456.4519527664829,491.0807189387636,Farmgate_Hub,Kawran_Bazar_CBD,routed
CS-27,Farmgate_Hub_Site_1,CS-28,Farmgate_Hub_Site_2,0.0,456.4519527664829,537.7862263087482,Farmgate_Hub,Farmgate_Hub,same_road_node
CS-27,Farmgate_Hub_Site_1,CS-29,Dhanmondi_27_Site_1,1453.2,456.4519527664829,120.8257549786046,Farmgate_Hub,Dhanmondi_27,routed
CS-27,Farmgate_Hub_Site_1,CS-30,Dhanmondi_27_Site_2,1453.2,456.4519527664829,475.39463107740454,Farmgate_Hub,Dhanmondi_27,routed
CS-27,Farmgate_Hub_Site_1,CS-31,Dhanmondi_8A_Site_1,2109.3,456.4519527664829,616.0715403667175,Farmgate_Hub,Dhanmondi_8A,routed
CS-27,Farmgate_Hub_Site_1,CS-32,Dhanmondi_8A_Site_2,2109.3,456.4519527664829,411.70228464318944,Farmgate_Hub,Dhanmondi_8A,routed
CS-27,Farmgate_Hub_Site_1,CS-33,Shyamoli_Square_Site_1,4040.8999999999996,456.4519527664829,470.0130841296087,Farmgate_Hub,Shyamoli_Square,routed
CS-27,Farmgate_Hub_Site_1,CS-34,Shyamoli_Square_Site_2,4040.8999999999996,456.4519527664829,359.70204303201245,Farmgate_Hub,Shyamoli_Square,routed
CS-27,Farmgate_Hub_Site_1,CS-35,Mohammadpur_Townhall_Site_1,4053.8,456.4519527664829,369.96641661393016,Farmgate_Hub,Mohammadpur_Townhall,routed
CS-27,Farmgate_Hub_Site_1,CS-36,Mohammadpur_Townhall_Site_2,4053.8,456.4519527664829,532.4040986980325,Farmgate_Hub,Mohammadpur_Townhall,routed
CS-27,Farmgate_Hub_Site_1,CS-37,Mirpur_1_Site_1,6718.7,456.4519527664829,443.88921478801524,Farmgate_Hub,Mirpur_1,routed
CS-27,Farmgate_Hub_Site_1,CS-38,Mirpur_1_Site_2,6718.7,456.4519527664829,158.3147182012352,Farmgate_Hub,Mirpur_1,routed
CS-27,Farmgate_Hub_Site_1,CS-39,Mirpur_10_Circle_Site_1,7743.9,456.4519527664829,88.58928452209923,Farmgate_Hub,Mirpur_10_Circle,routed
CS-27,Farmgate_Hub_Site_1,CS-40,Mirpur_10_Circle_Site_2,7743.9,456.4519527664829,549.4653263343647,Farmgate_Hub,Mirpur_10_Circle,routed
CS-27,Farmgate_Hub_Site_1,CS-41,Mirpur_12_Site_1,9692.699999999999,456.4519527664829,536.4117389493025,Farmgate_Hub,Mirpur_12,routed
CS-27,Farmgate_Hub_Site_1,CS-42,Mirpur_12_Site_2,9692.699999999999,456.4519527664829,470.6049314333112,Farmgate_Hub,Mirpur_12,routed
CS-27,Farmgate_Hub_Site_1,CS-43,Gabtoli_Terminal_Site_1,6295.2,456.4519527664829,419.1719209303812,Farmgate_Hub,Gabtoli_Terminal,routed
CS-27,Farmgate_Hub_Site_1,CS-44,Gabtoli_Terminal_Site_2,6295.2,456.4519527664829,263.02616062219164,Farmgate_Hub,Gabtoli_Terminal,routed
CS-27,Farmgate_Hub_Site_1,CS-45,Shahbagh_Square_Site_1,2222.7,456.4519527664829,620.452455049284,Farmgate_Hub,Shahbagh_Square,routed
CS-27,Farmgate_Hub_Site_1,CS-46,Shahbagh_Square_Site_2,2222.7,456.4519527664829,149.4116807350283,Farmgate_Hub,Shahbagh_Square,routed
CS-27,Farmgate_Hub_Site_1,CS-47,Motijheel_CBD_Site_1,4563.7,456.4519527664829,154.02022873663583,Farmgate_Hub,Motijheel_CBD,routed
CS-27,Farmgate_Hub_Site_1,CS-48,Motijheel_CBD_Site_2,4563.7,456.4519527664829,523.372989683262,Farmgate_Hub,Motijheel_CBD,routed
CS-27,Farmgate_Hub_Site_1,CS-49,Kamalapur_Railway_Site_1,5256.599999999999,456.4519527664829,268.36694973094154,Farmgate_Hub,Kamalapur_Railway,routed
CS-27,Farmgate_Hub_Site_1,CS-50,Kamalapur_Railway_Site_2,5256.599999999999,456.4519527664829,183.61956766698643,Farmgate_Hub,Kamalapur_Railway,routed
CS-27,Farmgate_Hub_Site_1,CS-51,Old_Dhaka_Lalbagh_Site_1,10528.1,456.4519527664829,545.5895924795998,Farmgate_Hub,Old_Dhaka_Lalbagh,routed
CS-27,Farmgate_Hub_Site_1,CS-52,Old_Dhaka_Lalbagh_Site_2,10528.1,456.4519527664829,209.0234518928121,Farmgate_Hub,Old_Dhaka_Lalbagh,routed
CS-27,Farmgate_Hub_Site_1,CS-53,Old_Dhaka_Sadarghat_Site_1,7800.5,456.4519527664829,232.38025140077238,Farmgate_Hub,Old_Dhaka_Sadarghat,routed
CS-27,Farmgate_Hub_Site_1,CS-54,Old_Dhaka_Sadarghat_Site_2,7800.5,456.4519527664829,465.183542888821,Farmgate_Hub,Old_Dhaka_Sadarghat,routed
CS-27,Farmgate_Hub_Site_1,CS-55,Sayedabad_Terminal_Site_1,6459.7,456.4519527664829,475.68383234599094,Farmgate_Hub,Sayedabad_Terminal,routed
CS-27,Farmgate_Hub_Site_1,CS-56,Sayedabad_Terminal_Site_2,6459.7,456.4519527664829,354.404933525487,Farmgate_Hub,Sayedabad_Terminal,routed
CS-27,Farmgate_Hub_Site_1,CS-57,Jatrabari_Flyover_Hub_Site_1,7550.1,456.4519527664829,358.58247775190324,Farmgate_Hub,Jatrabari_Flyover_Hub,routed
CS-27,Farmgate_Hub_Site_1,CS-58,Jatrabari_Flyover_Hub_Site_2,7550.1,456.4519527664829,310.18785958369136,Farmgate_Hub,Jatrabari_Flyover_Hub,routed
CS-28,Farmgate_Hub_Site_2,CS-01,Airport_Hub_Site_1,10368.8,537.7862263087482,387.56933574644125,Farmgate_Hub,Airport_Hub,routed
CS-28,Farmgate_Hub_Site_2,CS-02,Airport_Hub_Site_2,10368.8,537.7862263087482,506.34780845964383,Farmgate_Hub,Airport_Hub,routed
CS-28,Farmgate_Hub_Site_2,CS-03,Uttara_Sec3_Site_1,13162.5,537.7862263087482,443.31187101564313,Farmgate_Hub,Uttara_Sec3,routed
CS-28,Farmgate_Hub_Site_2,CS-04,Uttara_Sec3_Site_2,13162.5,537.7862263087482,131.83159473220599,Farmgate_Hub,Uttara_Sec3,routed
CS-28,Farmgate_Hub_Site_2,CS-05,Uttara_Sec11_Site_1,14267.2,537.7862263087482,521.1013425864372,Farmgate_Hub,Uttara_Sec11,routed
CS-28,Farmgate_Hub_Site_2,CS-06,Uttara_Sec11_Site_2,14267.2,537.7862263087482,444.3265930489434,Farmgate_Hub,Uttara_Sec11,routed
CS-28,Farmgate_Hub_Site_2,CS-07,Purbachal_300ft_Site_1,16443.699999999997,537.7862263087482,491.45821785549737,Farmgate_Hub,Purbachal_300ft,routed
CS-28,Farmgate_Hub_Site_2,CS-08,Purbachal_300ft_Site_2,16443.699999999997,537.7862263087482,486.0039816801295,Farmgate_Hub,Purbachal_300ft,routed
CS-28,Farmgate_Hub_Site_2,CS-09,Baridhara_Diplomatic_Site_1,7056.0,537.7862263087482,480.90203532465125,Farmgate_Hub,Baridhara_Diplomatic,routed
CS-28,Farmgate_Hub_Site_2,CS-10,Baridhara_Diplomatic_Site_2,7056.0,537.7862263087482,542.4794717225486,Farmgate_Hub,Baridhara_Diplomatic,routed
CS-28,Farmgate_Hub_Site_2,CS-11,Gulshan_2_Site_1,6109.9,537.7862263087482,492.9831332681502,Farmgate_Hub,Gulshan_2,routed
CS-28,Farmgate_Hub_Site_2,CS-12,Gulshan_2_Site_2,6109.9,537.7862263087482,259.1007612239219,Farmgate_Hub,Gulshan_2,routed
CS-28,Farmgate_Hub_Site_2,CS-13,Gulshan_1_Site_1,4709.2,537.7862263087482,557.8902441687196,Farmgate_Hub,Gulshan_1,routed
CS-28,Farmgate_Hub_Site_2,CS-14,Gulshan_1_Site_2,4387.799999999999,537.7862263087482,425.1394136672309,Farmgate_Hub,Badda_Pragati_Sarani,routed
CS-28,Farmgate_Hub_Site_2,CS-15,Banani_11_Site_1,7215.5,537.7862263087482,641.5582961789066,Farmgate_Hub,Banani_11,routed
CS-28,Farmgate_Hub_Site_2,CS-16,Banani_11_Site_2,7215.5,537.7862263087482,487.73455572103404,Farmgate_Hub,Banani_11,routed
CS-28,Farmgate_Hub_Site_2,CS-17,Mohakhali_Terminal_Site_1,3117.8999999999996,537.7862263087482,274.0141386731775,Farmgate_Hub,Mohakhali_Terminal,routed
CS-28,Farmgate_Hub_Site_2,CS-18,Mohakhali_Terminal_Site_2,3117.8999999999996,537.7862263087482,667.4786340706916,Farmgate_Hub,Mohakhali_Terminal,routed
CS-28,Farmgate_Hub_Site_2,CS-19,Badda_Pragati_Sarani_Site_1,4387.799999999999,537.7862263087482,376.98291121128,Farmgate_Hub,Badda_Pragati_Sarani,routed
CS-28,Farmgate_Hub_Site_2,CS-20,Badda_Pragati_Sarani_Site_2,4387.799999999999,537.7862263087482,376.20287746857207,Farmgate_Hub,Badda_Pragati_Sarani,routed
CS-28,Farmgate_Hub_Site_2,CS-21,Hatirjheel_North_Site_1,2570.7,537.7862263087482,468.4064864979258,Farmgate_Hub,Hatirjheel_North,routed
CS-28,Farmgate_Hub_Site_2,CS-22,Hatirjheel_North_Site_2,2570.7,537.7862263087482,310.06191853650404,Farmgate_Hub,Hatirjheel_North,routed
CS-28,Farmgate_Hub_Site_2,CS-23,Tejgaon_Industrial_Site_1,1083.8,537.7862263087482,90.16608967047486,Farmgate_Hub,Tejgaon_Industrial,routed
CS-28,Farmgate_Hub_Site_2,CS-24,Tejgaon_Industrial_Site_2,1083.8,537.7862263087482,557.8967176144448,Farmgate_Hub,Tejgaon_Industrial,routed
CS-28,Farmgate_Hub_Site_2,CS-25,Kawran_Bazar_CBD_Site_1,2280.3999999999996,537.7862263087482,369.97026595080973,Farmgate_Hub,Kawran_Bazar_CBD,routed
CS-28,Farmgate_Hub_Site_2,CS-26,Kawran_Bazar_CBD_Site_2,2280.3999999999996,537.7862263087482,491.0807189387636,Farmgate_Hub,Kawran_Bazar_CBD,routed
CS-28,Farmgate_Hub_Site_2,CS-27,Farmgate_Hub_Site_1,0.0,537.7862263087482,456.4519527664829,Farmgate_Hub,Farmgate_Hub,same_road_node
CS-28,Farmgate_Hub_Site_2,CS-29,Dhanmondi_27_Site_1,1453.2,537.7862263087482,120.8257549786046,Farmgate_Hub,Dhanmondi_27,routed
CS-28,Farmgate_Hub_Site_2,CS-30,Dhanmondi_27_Site_2,1453.2,537.7862263087482,475.39463107740454,Farmgate_Hub,Dhanmondi_27,routed
CS-28,Farmgate_Hub_Site_2,CS-31,Dhanmondi_8A_Site_1,2109.3,537.7862263087482,616.0715403667175,Farmgate_Hub,Dhanmondi_8A,routed
CS-28,Farmgate_Hub_Site_2,CS-32,Dhanmondi_8A_Site_2,2109.3,537.7862263087482,411.70228464318944,Farmgate_Hub,Dhanmondi_8A,routed
CS-28,Farmgate_Hub_Site_2,CS-33,Shyamoli_Square_Site_1,4040.8999999999996,537.7862263087482,470.0130841296087,Farmgate_Hub,Shyamoli_Square,routed
CS-28,Farmgate_Hub_Site_2,CS-34,Shyamoli_Square_Site_2,4040.8999999999996,537.7862263087482,359.70204303201245,Farmgate_Hub,Shyamoli_Square,routed
CS-28,Farmgate_Hub_Site_2,CS-35,Mohammadpur_Townhall_Site_1,4053.8,537.7862263087482,369.96641661393016,Farmgate_Hub,Mohammadpur_Townhall,routed
CS-28,Farmgate_Hub_Site_2,CS-36,Mohammadpur_Townhall_Site_2,4053.8,537.7862263087482,532.4040986980325,Farmgate_Hub,Mohammadpur_Townhall,routed
CS-28,Farmgate_Hub_Site_2,CS-37,Mirpur_1_Site_1,6718.7,537.7862263087482,443.88921478801524,Farmgate_Hub,Mirpur_1,routed
CS-28,Farmgate_Hub_Site_2,CS-38,Mirpur_1_Site_2,6718.7,537.7862263087482,158.3147182012352,Farmgate_Hub,Mirpur_1,routed
CS-28,Farmgate_Hub_Site_2,CS-39,Mirpur_10_Circle_Site_1,7743.9,537.7862263087482,88.58928452209923,Farmgate_Hub,Mirpur_10_Circle,routed
CS-28,Farmgate_Hub_Site_2,CS-40,Mirpur_10_Circle_Site_2,7743.9,537.7862263087482,549.4653263343647,Farmgate_Hub,Mirpur_10_Circle,routed
CS-28,Farmgate_Hub_Site_2,CS-41,Mirpur_12_Site_1,9692.699999999999,537.7862263087482,536.4117389493025,Farmgate_Hub,Mirpur_12,routed
CS-28,Farmgate_Hub_Site_2,CS-42,Mirpur_12_Site_2,9692.699999999999,537.7862263087482,470.6049314333112,Farmgate_Hub,Mirpur_12,routed
CS-28,Farmgate_Hub_Site_2,CS-43,Gabtoli_Terminal_Site_1,6295.2,537.7862263087482,419.1719209303812,Farmgate_Hub,Gabtoli_Terminal,routed
CS-28,Farmgate_Hub_Site_2,CS-44,Gabtoli_Terminal_Site_2,6295.2,537.7862263087482,263.02616062219164,Farmgate_Hub,Gabtoli_Terminal,routed
CS-28,Farmgate_Hub_Site_2,CS-45,Shahbagh_Square_Site_1,2222.7,537.7862263087482,620.452455049284,Farmgate_Hub,Shahbagh_Square,routed
CS-28,Farmgate_Hub_Site_2,CS-46,Shahbagh_Square_Site_2,2222.7,537.7862263087482,149.4116807350283,Farmgate_Hub,Shahbagh_Square,routed
CS-28,Farmgate_Hub_Site_2,CS-47,Motijheel_CBD_Site_1,4563.7,537.7862263087482,154.02022873663583,Farmgate_Hub,Motijheel_CBD,routed
CS-28,Farmgate_Hub_Site_2,CS-48,Motijheel_CBD_Site_2,4563.7,537.7862263087482,523.372989683262,Farmgate_Hub,Motijheel_CBD,routed
CS-28,Farmgate_Hub_Site_2,CS-49,Kamalapur_Railway_Site_1,5256.599999999999,537.7862263087482,268.36694973094154,Farmgate_Hub,Kamalapur_Railway,routed
CS-28,Farmgate_Hub_Site_2,CS-50,Kamalapur_Railway_Site_2,5256.599999999999,537.7862263087482,183.61956766698643,Farmgate_Hub,Kamalapur_Railway,routed
CS-28,Farmgate_Hub_Site_2,CS-51,Old_Dhaka_Lalbagh_Site_1,10528.1,537.7862263087482,545.5895924795998,Farmgate_Hub,Old_Dhaka_Lalbagh,routed
CS-28,Farmgate_Hub_Site_2,CS-52,Old_Dhaka_Lalbagh_Site_2,10528.1,537.7862263087482,209.0234518928121,Farmgate_Hub,Old_Dhaka_Lalbagh,routed
CS-28,Farmgate_Hub_Site_2,CS-53,Old_Dhaka_Sadarghat_Site_1,7800.5,537.7862263087482,232.38025140077238,Farmgate_Hub,Old_Dhaka_Sadarghat,routed
CS-28,Farmgate_Hub_Site_2,CS-54,Old_Dhaka_Sadarghat_Site_2,7800.5,537.7862263087482,465.183542888821,Farmgate_Hub,Old_Dhaka_Sadarghat,routed
CS-28,Farmgate_Hub_Site_2,CS-55,Sayedabad_Terminal_Site_1,6459.7,537.7862263087482,475.68383234599094,Farmgate_Hub,Sayedabad_Terminal,routed
CS-28,Farmgate_Hub_Site_2,CS-56,Sayedabad_Terminal_Site_2,6459.7,537.7862263087482,354.404933525487,Farmgate_Hub,Sayedabad_Terminal,routed
CS-28,Farmgate_Hub_Site_2,CS-57,Jatrabari_Flyover_Hub_Site_1,7550.1,537.7862263087482,358.58247775190324,Farmgate_Hub,Jatrabari_Flyover_Hub,routed
CS-28,Farmgate_Hub_Site_2,CS-58,Jatrabari_Flyover_Hub_Site_2,7550.1,537.7862263087482,310.18785958369136,Farmgate_Hub,Jatrabari_Flyover_Hub,routed
CS-29,Dhanmondi_27_Site_1,CS-01,Airport_Hub_Site_1,11822.0,120.8257549786046,387.56933574644125,Dhanmondi_27,Airport_Hub,routed
CS-29,Dhanmondi_27_Site_1,CS-02,Airport_Hub_Site_2,11822.0,120.8257549786046,506.34780845964383,Dhanmondi_27,Airport_Hub,routed
CS-29,Dhanmondi_27_Site_1,CS-03,Uttara_Sec3_Site_1,14615.7,120.8257549786046,443.31187101564313,Dhanmondi_27,Uttara_Sec3,routed
CS-29,Dhanmondi_27_Site_1,CS-04,Uttara_Sec3_Site_2,14615.7,120.8257549786046,131.83159473220599,Dhanmondi_27,Uttara_Sec3,routed
CS-29,Dhanmondi_27_Site_1,CS-05,Uttara_Sec11_Site_1,15720.400000000001,120.8257549786046,521.1013425864372,Dhanmondi_27,Uttara_Sec11,routed
CS-29,Dhanmondi_27_Site_1,CS-06,Uttara_Sec11_Site_2,15720.400000000001,120.8257549786046,444.3265930489434,Dhanmondi_27,Uttara_Sec11,routed
CS-29,Dhanmondi_27_Site_1,CS-07,Purbachal_300ft_Site_1,17896.9,120.8257549786046,491.45821785549737,Dhanmondi_27,Purbachal_300ft,routed
CS-29,Dhanmondi_27_Site_1,CS-08,Purbachal_300ft_Site_2,17896.9,120.8257549786046,486.0039816801295,Dhanmondi_27,Purbachal_300ft,routed
CS-29,Dhanmondi_27_Site_1,CS-09,Baridhara_Diplomatic_Site_1,8509.2,120.8257549786046,480.90203532465125,Dhanmondi_27,Baridhara_Diplomatic,routed
CS-29,Dhanmondi_27_Site_1,CS-10,Baridhara_Diplomatic_Site_2,8509.2,120.8257549786046,542.4794717225486,Dhanmondi_27,Baridhara_Diplomatic,routed
CS-29,Dhanmondi_27_Site_1,CS-11,Gulshan_2_Site_1,7563.1,120.8257549786046,492.9831332681502,Dhanmondi_27,Gulshan_2,routed
CS-29,Dhanmondi_27_Site_1,CS-12,Gulshan_2_Site_2,7563.1,120.8257549786046,259.1007612239219,Dhanmondi_27,Gulshan_2,routed
CS-29,Dhanmondi_27_Site_1,CS-13,Gulshan_1_Site_1,6162.400000000001,120.8257549786046,557.8902441687196,Dhanmondi_27,Gulshan_1,routed
CS-29,Dhanmondi_27_Site_1,CS-14,Gulshan_1_Site_2,5841.0,120.8257549786046,425.1394136672309,Dhanmondi_27,Badda_Pragati_Sarani,routed
CS-29,Dhanmondi_27_Site_1,CS-15,Banani_11_Site_1,8668.7,120.8257549786046,641.5582961789066,Dhanmondi_27,Banani_11,routed
CS-29,Dhanmondi_27_Site_1,CS-16,Banani_11_Site_2,8668.7,120.8257549786046,487.73455572103404,Dhanmondi_27,Banani_11,routed
CS-29,Dhanmondi_27_Site_1,CS-17,Mohakhali_Terminal_Site_1,4571.1,120.8257549786046,274.0141386731775,Dhanmondi_27,Mohakhali_Terminal,routed
CS-29,Dhanmondi_27_Site_1,CS-18,Mohakhali_Terminal_Site_2,4571.1,120.8257549786046,667.4786340706916,Dhanmondi_27,Mohakhali_Terminal,routed
CS-29,Dhanmondi_27_Site_1,CS-19,Badda_Pragati_Sarani_Site_1,5841.0,120.8257549786046,376.98291121128,Dhanmondi_27,Badda_Pragati_Sarani,routed
CS-29,Dhanmondi_27_Site_1,CS-20,Badda_Pragati_Sarani_Site_2,5841.0,120.8257549786046,376.20287746857207,Dhanmondi_27,Badda_Pragati_Sarani,routed
CS-29,Dhanmondi_27_Site_1,CS-21,Hatirjheel_North_Site_1,4023.9,120.8257549786046,468.4064864979258,Dhanmondi_27,Hatirjheel_North,routed
CS-29,Dhanmondi_27_Site_1,CS-22,Hatirjheel_North_Site_2,4023.9,120.8257549786046,310.06191853650404,Dhanmondi_27,Hatirjheel_North,routed
CS-29,Dhanmondi_27_Site_1,CS-23,Tejgaon_Industrial_Site_1,2537.0,120.8257549786046,90.16608967047486,Dhanmondi_27,Tejgaon_Industrial,routed
CS-29,Dhanmondi_27_Site_1,CS-24,Tejgaon_Industrial_Site_2,2537.0,120.8257549786046,557.8967176144448,Dhanmondi_27,Tejgaon_Industrial,routed
CS-29,Dhanmondi_27_Site_1,CS-25,Kawran_Bazar_CBD_Site_1,3733.6,120.8257549786046,369.97026595080973,Dhanmondi_27,Kawran_Bazar_CBD,routed
CS-29,Dhanmondi_27_Site_1,CS-26,Kawran_Bazar_CBD_Site_2,3733.6,120.8257549786046,491.0807189387636,Dhanmondi_27,Kawran_Bazar_CBD,routed
CS-29,Dhanmondi_27_Site_1,CS-27,Farmgate_Hub_Site_1,1453.2,120.8257549786046,456.4519527664829,Dhanmondi_27,Farmgate_Hub,routed
CS-29,Dhanmondi_27_Site_1,CS-28,Farmgate_Hub_Site_2,1453.2,120.8257549786046,537.7862263087482,Dhanmondi_27,Farmgate_Hub,routed
CS-29,Dhanmondi_27_Site_1,CS-30,Dhanmondi_27_Site_2,0.0,120.8257549786046,475.39463107740454,Dhanmondi_27,Dhanmondi_27,same_road_node
CS-29,Dhanmondi_27_Site_1,CS-31,Dhanmondi_8A_Site_1,656.1,120.8257549786046,616.0715403667175,Dhanmondi_27,Dhanmondi_8A,routed
CS-29,Dhanmondi_27_Site_1,CS-32,Dhanmondi_8A_Site_2,656.1,120.8257549786046,411.70228464318944,Dhanmondi_27,Dhanmondi_8A,routed
CS-29,Dhanmondi_27_Site_1,CS-33,Shyamoli_Square_Site_1,2587.7,120.8257549786046,470.0130841296087,Dhanmondi_27,Shyamoli_Square,routed
CS-29,Dhanmondi_27_Site_1,CS-34,Shyamoli_Square_Site_2,2587.7,120.8257549786046,359.70204303201245,Dhanmondi_27,Shyamoli_Square,routed
CS-29,Dhanmondi_27_Site_1,CS-35,Mohammadpur_Townhall_Site_1,2600.6,120.8257549786046,369.96641661393016,Dhanmondi_27,Mohammadpur_Townhall,routed
CS-29,Dhanmondi_27_Site_1,CS-36,Mohammadpur_Townhall_Site_2,2600.6,120.8257549786046,532.4040986980325,Dhanmondi_27,Mohammadpur_Townhall,routed
CS-29,Dhanmondi_27_Site_1,CS-37,Mirpur_1_Site_1,5265.5,120.8257549786046,443.88921478801524,Dhanmondi_27,Mirpur_1,routed
CS-29,Dhanmondi_27_Site_1,CS-38,Mirpur_1_Site_2,5265.5,120.8257549786046,158.3147182012352,Dhanmondi_27,Mirpur_1,routed
CS-29,Dhanmondi_27_Site_1,CS-39,Mirpur_10_Circle_Site_1,7254.6,120.8257549786046,88.58928452209923,Dhanmondi_27,Mirpur_10_Circle,routed
CS-29,Dhanmondi_27_Site_1,CS-40,Mirpur_10_Circle_Site_2,7254.6,120.8257549786046,549.4653263343647,Dhanmondi_27,Mirpur_10_Circle,routed
CS-29,Dhanmondi_27_Site_1,CS-41,Mirpur_12_Site_1,9203.4,120.8257549786046,536.4117389493025,Dhanmondi_27,Mirpur_12,routed
CS-29,Dhanmondi_27_Site_1,CS-42,Mirpur_12_Site_2,9203.4,120.8257549786046,470.6049314333112,Dhanmondi_27,Mirpur_12,routed
CS-29,Dhanmondi_27_Site_1,CS-43,Gabtoli_Terminal_Site_1,4842.0,120.8257549786046,419.1719209303812,Dhanmondi_27,Gabtoli_Terminal,routed
CS-29,Dhanmondi_27_Site_1,CS-44,Gabtoli_Terminal_Site_2,4842.0,120.8257549786046,263.02616062219164,Dhanmondi_27,Gabtoli_Terminal,routed
CS-29,Dhanmondi_27_Site_1,CS-45,Shahbagh_Square_Site_1,3675.8999999999996,120.8257549786046,620.452455049284,Dhanmondi_27,Shahbagh_Square,routed
CS-29,Dhanmondi_27_Site_1,CS-46,Shahbagh_Square_Site_2,3675.8999999999996,120.8257549786046,149.4116807350283,Dhanmondi_27,Shahbagh_Square,routed
CS-29,Dhanmondi_27_Site_1,CS-47,Motijheel_CBD_Site_1,6016.9,120.8257549786046,154.02022873663583,Dhanmondi_27,Motijheel_CBD,routed
CS-29,Dhanmondi_27_Site_1,CS-48,Motijheel_CBD_Site_2,6016.9,120.8257549786046,523.372989683262,Dhanmondi_27,Motijheel_CBD,routed
CS-29,Dhanmondi_27_Site_1,CS-49,Kamalapur_Railway_Site_1,6709.799999999999,120.8257549786046,268.36694973094154,Dhanmondi_27,Kamalapur_Railway,routed
CS-29,Dhanmondi_27_Site_1,CS-50,Kamalapur_Railway_Site_2,6709.799999999999,120.8257549786046,183.61956766698643,Dhanmondi_27,Kamalapur_Railway,routed
CS-29,Dhanmondi_27_Site_1,CS-51,Old_Dhaka_Lalbagh_Site_1,11981.300000000001,120.8257549786046,545.5895924795998,Dhanmondi_27,Old_Dhaka_Lalbagh,routed
CS-29,Dhanmondi_27_Site_1,CS-52,Old_Dhaka_Lalbagh_Site_2,11981.300000000001,120.8257549786046,209.0234518928121,Dhanmondi_27,Old_Dhaka_Lalbagh,routed
CS-29,Dhanmondi_27_Site_1,CS-53,Old_Dhaka_Sadarghat_Site_1,9253.7,120.8257549786046,232.38025140077238,Dhanmondi_27,Old_Dhaka_Sadarghat,routed
CS-29,Dhanmondi_27_Site_1,CS-54,Old_Dhaka_Sadarghat_Site_2,9253.7,120.8257549786046,465.183542888821,Dhanmondi_27,Old_Dhaka_Sadarghat,routed
CS-29,Dhanmondi_27_Site_1,CS-55,Sayedabad_Terminal_Site_1,7912.9,120.8257549786046,475.68383234599094,Dhanmondi_27,Sayedabad_Terminal,routed
CS-29,Dhanmondi_27_Site_1,CS-56,Sayedabad_Terminal_Site_2,7912.9,120.8257549786046,354.404933525487,Dhanmondi_27,Sayedabad_Terminal,routed
CS-29,Dhanmondi_27_Site_1,CS-57,Jatrabari_Flyover_Hub_Site_1,9003.3,120.8257549786046,358.58247775190324,Dhanmondi_27,Jatrabari_Flyover_Hub,routed
CS-29,Dhanmondi_27_Site_1,CS-58,Jatrabari_Flyover_Hub_Site_2,9003.3,120.8257549786046,310.18785958369136,Dhanmondi_27,Jatrabari_Flyover_Hub,routed
CS-30,Dhanmondi_27_Site_2,CS-01,Airport_Hub_Site_1,11822.0,475.39463107740454,387.56933574644125,Dhanmondi_27,Airport_Hub,routed
CS-30,Dhanmondi_27_Site_2,CS-02,Airport_Hub_Site_2,11822.0,475.39463107740454,506.34780845964383,Dhanmondi_27,Airport_Hub,routed
CS-30,Dhanmondi_27_Site_2,CS-03,Uttara_Sec3_Site_1,14615.7,475.39463107740454,443.31187101564313,Dhanmondi_27,Uttara_Sec3,routed
CS-30,Dhanmondi_27_Site_2,CS-04,Uttara_Sec3_Site_2,14615.7,475.39463107740454,131.83159473220599,Dhanmondi_27,Uttara_Sec3,routed
CS-30,Dhanmondi_27_Site_2,CS-05,Uttara_Sec11_Site_1,15720.400000000001,475.39463107740454,521.1013425864372,Dhanmondi_27,Uttara_Sec11,routed
CS-30,Dhanmondi_27_Site_2,CS-06,Uttara_Sec11_Site_2,15720.400000000001,475.39463107740454,444.3265930489434,Dhanmondi_27,Uttara_Sec11,routed
CS-30,Dhanmondi_27_Site_2,CS-07,Purbachal_300ft_Site_1,17896.9,475.39463107740454,491.45821785549737,Dhanmondi_27,Purbachal_300ft,routed
CS-30,Dhanmondi_27_Site_2,CS-08,Purbachal_300ft_Site_2,17896.9,475.39463107740454,486.0039816801295,Dhanmondi_27,Purbachal_300ft,routed
CS-30,Dhanmondi_27_Site_2,CS-09,Baridhara_Diplomatic_Site_1,8509.2,475.39463107740454,480.90203532465125,Dhanmondi_27,Baridhara_Diplomatic,routed
CS-30,Dhanmondi_27_Site_2,CS-10,Baridhara_Diplomatic_Site_2,8509.2,475.39463107740454,542.4794717225486,Dhanmondi_27,Baridhara_Diplomatic,routed
CS-30,Dhanmondi_27_Site_2,CS-11,Gulshan_2_Site_1,7563.1,475.39463107740454,492.9831332681502,Dhanmondi_27,Gulshan_2,routed
CS-30,Dhanmondi_27_Site_2,CS-12,Gulshan_2_Site_2,7563.1,475.39463107740454,259.1007612239219,Dhanmondi_27,Gulshan_2,routed
CS-30,Dhanmondi_27_Site_2,CS-13,Gulshan_1_Site_1,6162.400000000001,475.39463107740454,557.8902441687196,Dhanmondi_27,Gulshan_1,routed
CS-30,Dhanmondi_27_Site_2,CS-14,Gulshan_1_Site_2,5841.0,475.39463107740454,425.1394136672309,Dhanmondi_27,Badda_Pragati_Sarani,routed
CS-30,Dhanmondi_27_Site_2,CS-15,Banani_11_Site_1,8668.7,475.39463107740454,641.5582961789066,Dhanmondi_27,Banani_11,routed
CS-30,Dhanmondi_27_Site_2,CS-16,Banani_11_Site_2,8668.7,475.39463107740454,487.73455572103404,Dhanmondi_27,Banani_11,routed
CS-30,Dhanmondi_27_Site_2,CS-17,Mohakhali_Terminal_Site_1,4571.1,475.39463107740454,274.0141386731775,Dhanmondi_27,Mohakhali_Terminal,routed
CS-30,Dhanmondi_27_Site_2,CS-18,Mohakhali_Terminal_Site_2,4571.1,475.39463107740454,667.4786340706916,Dhanmondi_27,Mohakhali_Terminal,routed
CS-30,Dhanmondi_27_Site_2,CS-19,Badda_Pragati_Sarani_Site_1,5841.0,475.39463107740454,376.98291121128,Dhanmondi_27,Badda_Pragati_Sarani,routed
CS-30,Dhanmondi_27_Site_2,CS-20,Badda_Pragati_Sarani_Site_2,5841.0,475.39463107740454,376.20287746857207,Dhanmondi_27,Badda_Pragati_Sarani,routed
CS-30,Dhanmondi_27_Site_2,CS-21,Hatirjheel_North_Site_1,4023.9,475.39463107740454,468.4064864979258,Dhanmondi_27,Hatirjheel_North,routed
CS-30,Dhanmondi_27_Site_2,CS-22,Hatirjheel_North_Site_2,4023.9,475.39463107740454,310.06191853650404,Dhanmondi_27,Hatirjheel_North,routed
CS-30,Dhanmondi_27_Site_2,CS-23,Tejgaon_Industrial_Site_1,2537.0,475.39463107740454,90.16608967047486,Dhanmondi_27,Tejgaon_Industrial,routed
CS-30,Dhanmondi_27_Site_2,CS-24,Tejgaon_Industrial_Site_2,2537.0,475.39463107740454,557.8967176144448,Dhanmondi_27,Tejgaon_Industrial,routed
CS-30,Dhanmondi_27_Site_2,CS-25,Kawran_Bazar_CBD_Site_1,3733.6,475.39463107740454,369.97026595080973,Dhanmondi_27,Kawran_Bazar_CBD,routed
CS-30,Dhanmondi_27_Site_2,CS-26,Kawran_Bazar_CBD_Site_2,3733.6,475.39463107740454,491.0807189387636,Dhanmondi_27,Kawran_Bazar_CBD,routed
CS-30,Dhanmondi_27_Site_2,CS-27,Farmgate_Hub_Site_1,1453.2,475.39463107740454,456.4519527664829,Dhanmondi_27,Farmgate_Hub,routed
CS-30,Dhanmondi_27_Site_2,CS-28,Farmgate_Hub_Site_2,1453.2,475.39463107740454,537.7862263087482,Dhanmondi_27,Farmgate_Hub,routed
CS-30,Dhanmondi_27_Site_2,CS-29,Dhanmondi_27_Site_1,0.0,475.39463107740454,120.8257549786046,Dhanmondi_27,Dhanmondi_27,same_road_node
CS-30,Dhanmondi_27_Site_2,CS-31,Dhanmondi_8A_Site_1,656.1,475.39463107740454,616.0715403667175,Dhanmondi_27,Dhanmondi_8A,routed
CS-30,Dhanmondi_27_Site_2,CS-32,Dhanmondi_8A_Site_2,656.1,475.39463107740454,411.70228464318944,Dhanmondi_27,Dhanmondi_8A,routed
CS-30,Dhanmondi_27_Site_2,CS-33,Shyamoli_Square_Site_1,2587.7,475.39463107740454,470.0130841296087,Dhanmondi_27,Shyamoli_Square,routed
CS-30,Dhanmondi_27_Site_2,CS-34,Shyamoli_Square_Site_2,2587.7,475.39463107740454,359.70204303201245,Dhanmondi_27,Shyamoli_Square,routed
CS-30,Dhanmondi_27_Site_2,CS-35,Mohammadpur_Townhall_Site_1,2600.6,475.39463107740454,369.96641661393016,Dhanmondi_27,Mohammadpur_Townhall,routed
CS-30,Dhanmondi_27_Site_2,CS-36,Mohammadpur_Townhall_Site_2,2600.6,475.39463107740454,532.4040986980325,Dhanmondi_27,Mohammadpur_Townhall,routed
CS-30,Dhanmondi_27_Site_2,CS-37,Mirpur_1_Site_1,5265.5,475.39463107740454,443.88921478801524,Dhanmondi_27,Mirpur_1,routed
CS-30,Dhanmondi_27_Site_2,CS-38,Mirpur_1_Site_2,5265.5,475.39463107740454,158.3147182012352,Dhanmondi_27,Mirpur_1,routed
CS-30,Dhanmondi_27_Site_2,CS-39,Mirpur_10_Circle_Site_1,7254.6,475.39463107740454,88.58928452209923,Dhanmondi_27,Mirpur_10_Circle,routed
CS-30,Dhanmondi_27_Site_2,CS-40,Mirpur_10_Circle_Site_2,7254.6,475.39463107740454,549.4653263343647,Dhanmondi_27,Mirpur_10_Circle,routed
CS-30,Dhanmondi_27_Site_2,CS-41,Mirpur_12_Site_1,9203.4,475.39463107740454,536.4117389493025,Dhanmondi_27,Mirpur_12,routed
CS-30,Dhanmondi_27_Site_2,CS-42,Mirpur_12_Site_2,9203.4,475.39463107740454,470.6049314333112,Dhanmondi_27,Mirpur_12,routed
CS-30,Dhanmondi_27_Site_2,CS-43,Gabtoli_Terminal_Site_1,4842.0,475.39463107740454,419.1719209303812,Dhanmondi_27,Gabtoli_Terminal,routed
CS-30,Dhanmondi_27_Site_2,CS-44,Gabtoli_Terminal_Site_2,4842.0,475.39463107740454,263.02616062219164,Dhanmondi_27,Gabtoli_Terminal,routed
CS-30,Dhanmondi_27_Site_2,CS-45,Shahbagh_Square_Site_1,3675.8999999999996,475.39463107740454,620.452455049284,Dhanmondi_27,Shahbagh_Square,routed
CS-30,Dhanmondi_27_Site_2,CS-46,Shahbagh_Square_Site_2,3675.8999999999996,475.39463107740454,149.4116807350283,Dhanmondi_27,Shahbagh_Square,routed
CS-30,Dhanmondi_27_Site_2,CS-47,Motijheel_CBD_Site_1,6016.9,475.39463107740454,154.02022873663583,Dhanmondi_27,Motijheel_CBD,routed
CS-30,Dhanmondi_27_Site_2,CS-48,Motijheel_CBD_Site_2,6016.9,475.39463107740454,523.372989683262,Dhanmondi_27,Motijheel_CBD,routed
CS-30,Dhanmondi_27_Site_2,CS-49,Kamalapur_Railway_Site_1,6709.799999999999,475.39463107740454,268.36694973094154,Dhanmondi_27,Kamalapur_Railway,routed
CS-30,Dhanmondi_27_Site_2,CS-50,Kamalapur_Railway_Site_2,6709.799999999999,475.39463107740454,183.61956766698643,Dhanmondi_27,Kamalapur_Railway,routed
CS-30,Dhanmondi_27_Site_2,CS-51,Old_Dhaka_Lalbagh_Site_1,11981.300000000001,475.39463107740454,545.5895924795998,Dhanmondi_27,Old_Dhaka_Lalbagh,routed
CS-30,Dhanmondi_27_Site_2,CS-52,Old_Dhaka_Lalbagh_Site_2,11981.300000000001,475.39463107740454,209.0234518928121,Dhanmondi_27,Old_Dhaka_Lalbagh,routed
CS-30,Dhanmondi_27_Site_2,CS-53,Old_Dhaka_Sadarghat_Site_1,9253.7,475.39463107740454,232.38025140077238,Dhanmondi_27,Old_Dhaka_Sadarghat,routed
CS-30,Dhanmondi_27_Site_2,CS-54,Old_Dhaka_Sadarghat_Site_2,9253.7,475.39463107740454,465.183542888821,Dhanmondi_27,Old_Dhaka_Sadarghat,routed
CS-30,Dhanmondi_27_Site_2,CS-55,Sayedabad_Terminal_Site_1,7912.9,475.39463107740454,475.68383234599094,Dhanmondi_27,Sayedabad_Terminal,routed
CS-30,Dhanmondi_27_Site_2,CS-56,Sayedabad_Terminal_Site_2,7912.9,475.39463107740454,354.404933525487,Dhanmondi_27,Sayedabad_Terminal,routed
CS-30,Dhanmondi_27_Site_2,CS-57,Jatrabari_Flyover_Hub_Site_1,9003.3,475.39463107740454,358.58247775190324,Dhanmondi_27,Jatrabari_Flyover_Hub,routed
CS-30,Dhanmondi_27_Site_2,CS-58,Jatrabari_Flyover_Hub_Site_2,9003.3,475.39463107740454,310.18785958369136,Dhanmondi_27,Jatrabari_Flyover_Hub,routed
CS-31,Dhanmondi_8A_Site_1,CS-01,Airport_Hub_Site_1,12478.1,616.0715403667175,387.56933574644125,Dhanmondi_8A,Airport_Hub,routed
CS-31,Dhanmondi_8A_Site_1,CS-02,Airport_Hub_Site_2,12478.1,616.0715403667175,506.34780845964383,Dhanmondi_8A,Airport_Hub,routed
CS-31,Dhanmondi_8A_Site_1,CS-03,Uttara_Sec3_Site_1,15271.8,616.0715403667175,443.31187101564313,Dhanmondi_8A,Uttara_Sec3,routed
CS-31,Dhanmondi_8A_Site_1,CS-04,Uttara_Sec3_Site_2,15271.8,616.0715403667175,131.83159473220599,Dhanmondi_8A,Uttara_Sec3,routed
CS-31,Dhanmondi_8A_Site_1,CS-05,Uttara_Sec11_Site_1,16376.5,616.0715403667175,521.1013425864372,Dhanmondi_8A,Uttara_Sec11,routed
CS-31,Dhanmondi_8A_Site_1,CS-06,Uttara_Sec11_Site_2,16376.5,616.0715403667175,444.3265930489434,Dhanmondi_8A,Uttara_Sec11,routed
CS-31,Dhanmondi_8A_Site_1,CS-07,Purbachal_300ft_Site_1,18553.0,616.0715403667175,491.45821785549737,Dhanmondi_8A,Purbachal_300ft,routed
CS-31,Dhanmondi_8A_Site_1,CS-08,Purbachal_300ft_Site_2,18553.0,616.0715403667175,486.0039816801295,Dhanmondi_8A,Purbachal_300ft,routed
CS-31,Dhanmondi_8A_Site_1,CS-09,Baridhara_Diplomatic_Site_1,9165.300000000001,616.0715403667175,480.90203532465125,Dhanmondi_8A,Baridhara_Diplomatic,routed
CS-31,Dhanmondi_8A_Site_1,CS-10,Baridhara_Diplomatic_Site_2,9165.300000000001,616.0715403667175,542.4794717225486,Dhanmondi_8A,Baridhara_Diplomatic,routed
CS-31,Dhanmondi_8A_Site_1,CS-11,Gulshan_2_Site_1,8219.2,616.0715403667175,492.9831332681502,Dhanmondi_8A,Gulshan_2,routed
CS-31,Dhanmondi_8A_Site_1,CS-12,Gulshan_2_Site_2,8219.2,616.0715403667175,259.1007612239219,Dhanmondi_8A,Gulshan_2,routed
CS-31,Dhanmondi_8A_Site_1,CS-13,Gulshan_1_Site_1,6818.500000000001,616.0715403667175,557.8902441687196,Dhanmondi_8A,Gulshan_1,routed
CS-31,Dhanmondi_8A_Site_1,CS-14,Gulshan_1_Site_2,6497.1,616.0715403667175,425.1394136672309,Dhanmondi_8A,Badda_Pragati_Sarani,routed
CS-31,Dhanmondi_8A_Site_1,CS-15,Banani_11_Site_1,9324.800000000001,616.0715403667175,641.5582961789066,Dhanmondi_8A,Banani_11,routed
CS-31,Dhanmondi_8A_Site_1,CS-16,Banani_11_Site_2,9324.800000000001,616.0715403667175,487.73455572103404,Dhanmondi_8A,Banani_11,routed
CS-31,Dhanmondi_8A_Site_1,CS-17,Mohakhali_Terminal_Site_1,5227.200000000001,616.0715403667175,274.0141386731775,Dhanmondi_8A,Mohakhali_Terminal,routed
CS-31,Dhanmondi_8A_Site_1,CS-18,Mohakhali_Terminal_Site_2,5227.200000000001,616.0715403667175,667.4786340706916,Dhanmondi_8A,Mohakhali_Terminal,routed
CS-31,Dhanmondi_8A_Site_1,CS-19,Badda_Pragati_Sarani_Site_1,6497.1,616.0715403667175,376.98291121128,Dhanmondi_8A,Badda_Pragati_Sarani,routed
CS-31,Dhanmondi_8A_Site_1,CS-20,Badda_Pragati_Sarani_Site_2,6497.1,616.0715403667175,376.20287746857207,Dhanmondi_8A,Badda_Pragati_Sarani,routed
CS-31,Dhanmondi_8A_Site_1,CS-21,Hatirjheel_North_Site_1,4680.0,616.0715403667175,468.4064864979258,Dhanmondi_8A,Hatirjheel_North,routed
CS-31,Dhanmondi_8A_Site_1,CS-22,Hatirjheel_North_Site_2,4680.0,616.0715403667175,310.06191853650404,Dhanmondi_8A,Hatirjheel_North,routed
CS-31,Dhanmondi_8A_Site_1,CS-23,Tejgaon_Industrial_Site_1,3193.1000000000004,616.0715403667175,90.16608967047486,Dhanmondi_8A,Tejgaon_Industrial,routed
CS-31,Dhanmondi_8A_Site_1,CS-24,Tejgaon_Industrial_Site_2,3193.1000000000004,616.0715403667175,557.8967176144448,Dhanmondi_8A,Tejgaon_Industrial,routed
CS-31,Dhanmondi_8A_Site_1,CS-25,Kawran_Bazar_CBD_Site_1,4389.700000000001,616.0715403667175,369.97026595080973,Dhanmondi_8A,Kawran_Bazar_CBD,routed
CS-31,Dhanmondi_8A_Site_1,CS-26,Kawran_Bazar_CBD_Site_2,4389.700000000001,616.0715403667175,491.0807189387636,Dhanmondi_8A,Kawran_Bazar_CBD,routed
CS-31,Dhanmondi_8A_Site_1,CS-27,Farmgate_Hub_Site_1,2109.3,616.0715403667175,456.4519527664829,Dhanmondi_8A,Farmgate_Hub,routed
CS-31,Dhanmondi_8A_Site_1,CS-28,Farmgate_Hub_Site_2,2109.3,616.0715403667175,537.7862263087482,Dhanmondi_8A,Farmgate_Hub,routed
CS-31,Dhanmondi_8A_Site_1,CS-29,Dhanmondi_27_Site_1,656.1,616.0715403667175,120.8257549786046,Dhanmondi_8A,Dhanmondi_27,routed
CS-31,Dhanmondi_8A_Site_1,CS-30,Dhanmondi_27_Site_2,656.1,616.0715403667175,475.39463107740454,Dhanmondi_8A,Dhanmondi_27,routed
CS-31,Dhanmondi_8A_Site_1,CS-32,Dhanmondi_8A_Site_2,0.0,616.0715403667175,411.70228464318944,Dhanmondi_8A,Dhanmondi_8A,same_road_node
CS-31,Dhanmondi_8A_Site_1,CS-33,Shyamoli_Square_Site_1,3243.7999999999997,616.0715403667175,470.0130841296087,Dhanmondi_8A,Shyamoli_Square,routed
CS-31,Dhanmondi_8A_Site_1,CS-34,Shyamoli_Square_Site_2,3243.7999999999997,616.0715403667175,359.70204303201245,Dhanmondi_8A,Shyamoli_Square,routed
CS-31,Dhanmondi_8A_Site_1,CS-35,Mohammadpur_Townhall_Site_1,1944.5,616.0715403667175,369.96641661393016,Dhanmondi_8A,Mohammadpur_Townhall,routed
CS-31,Dhanmondi_8A_Site_1,CS-36,Mohammadpur_Townhall_Site_2,1944.5,616.0715403667175,532.4040986980325,Dhanmondi_8A,Mohammadpur_Townhall,routed
CS-31,Dhanmondi_8A_Site_1,CS-37,Mirpur_1_Site_1,5921.6,616.0715403667175,443.88921478801524,Dhanmondi_8A,Mirpur_1,routed
CS-31,Dhanmondi_8A_Site_1,CS-38,Mirpur_1_Site_2,5921.6,616.0715403667175,158.3147182012352,Dhanmondi_8A,Mirpur_1,routed
CS-31,Dhanmondi_8A_Site_1,CS-39,Mirpur_10_Circle_Site_1,7910.700000000001,616.0715403667175,88.58928452209923,Dhanmondi_8A,Mirpur_10_Circle,routed
CS-31,Dhanmondi_8A_Site_1,CS-40,Mirpur_10_Circle_Site_2,7910.700000000001,616.0715403667175,549.4653263343647,Dhanmondi_8A,Mirpur_10_Circle,routed
CS-31,Dhanmondi_8A_Site_1,CS-41,Mirpur_12_Site_1,9859.5,616.0715403667175,536.4117389493025,Dhanmondi_8A,Mirpur_12,routed
CS-31,Dhanmondi_8A_Site_1,CS-42,Mirpur_12_Site_2,9859.5,616.0715403667175,470.6049314333112,Dhanmondi_8A,Mirpur_12,routed
CS-31,Dhanmondi_8A_Site_1,CS-43,Gabtoli_Terminal_Site_1,5498.1,616.0715403667175,419.1719209303812,Dhanmondi_8A,Gabtoli_Terminal,routed
CS-31,Dhanmondi_8A_Site_1,CS-44,Gabtoli_Terminal_Site_2,5498.1,616.0715403667175,263.02616062219164,Dhanmondi_8A,Gabtoli_Terminal,routed
CS-31,Dhanmondi_8A_Site_1,CS-45,Shahbagh_Square_Site_1,4332.0,616.0715403667175,620.452455049284,Dhanmondi_8A,Shahbagh_Square,routed
CS-31,Dhanmondi_8A_Site_1,CS-46,Shahbagh_Square_Site_2,4332.0,616.0715403667175,149.4116807350283,Dhanmondi_8A,Shahbagh_Square,routed
CS-31,Dhanmondi_8A_Site_1,CS-47,Motijheel_CBD_Site_1,6673.0,616.0715403667175,154.02022873663583,Dhanmondi_8A,Motijheel_CBD,routed
CS-31,Dhanmondi_8A_Site_1,CS-48,Motijheel_CBD_Site_2,6673.0,616.0715403667175,523.372989683262,Dhanmondi_8A,Motijheel_CBD,routed
CS-31,Dhanmondi_8A_Site_1,CS-49,Kamalapur_Railway_Site_1,7365.9,616.0715403667175,268.36694973094154,Dhanmondi_8A,Kamalapur_Railway,routed
CS-31,Dhanmondi_8A_Site_1,CS-50,Kamalapur_Railway_Site_2,7365.9,616.0715403667175,183.61956766698643,Dhanmondi_8A,Kamalapur_Railway,routed
CS-31,Dhanmondi_8A_Site_1,CS-51,Old_Dhaka_Lalbagh_Site_1,12637.4,616.0715403667175,545.5895924795998,Dhanmondi_8A,Old_Dhaka_Lalbagh,routed
CS-31,Dhanmondi_8A_Site_1,CS-52,Old_Dhaka_Lalbagh_Site_2,12637.4,616.0715403667175,209.0234518928121,Dhanmondi_8A,Old_Dhaka_Lalbagh,routed
CS-31,Dhanmondi_8A_Site_1,CS-53,Old_Dhaka_Sadarghat_Site_1,9909.8,616.0715403667175,232.38025140077238,Dhanmondi_8A,Old_Dhaka_Sadarghat,routed
CS-31,Dhanmondi_8A_Site_1,CS-54,Old_Dhaka_Sadarghat_Site_2,9909.8,616.0715403667175,465.183542888821,Dhanmondi_8A,Old_Dhaka_Sadarghat,routed
CS-31,Dhanmondi_8A_Site_1,CS-55,Sayedabad_Terminal_Site_1,8569.0,616.0715403667175,475.68383234599094,Dhanmondi_8A,Sayedabad_Terminal,routed
CS-31,Dhanmondi_8A_Site_1,CS-56,Sayedabad_Terminal_Site_2,8569.0,616.0715403667175,354.404933525487,Dhanmondi_8A,Sayedabad_Terminal,routed
CS-31,Dhanmondi_8A_Site_1,CS-57,Jatrabari_Flyover_Hub_Site_1,9659.4,616.0715403667175,358.58247775190324,Dhanmondi_8A,Jatrabari_Flyover_Hub,routed
CS-31,Dhanmondi_8A_Site_1,CS-58,Jatrabari_Flyover_Hub_Site_2,9659.4,616.0715403667175,310.18785958369136,Dhanmondi_8A,Jatrabari_Flyover_Hub,routed
CS-32,Dhanmondi_8A_Site_2,CS-01,Airport_Hub_Site_1,12478.1,411.70228464318944,387.56933574644125,Dhanmondi_8A,Airport_Hub,routed
CS-32,Dhanmondi_8A_Site_2,CS-02,Airport_Hub_Site_2,12478.1,411.70228464318944,506.34780845964383,Dhanmondi_8A,Airport_Hub,routed
CS-32,Dhanmondi_8A_Site_2,CS-03,Uttara_Sec3_Site_1,15271.8,411.70228464318944,443.31187101564313,Dhanmondi_8A,Uttara_Sec3,routed
CS-32,Dhanmondi_8A_Site_2,CS-04,Uttara_Sec3_Site_2,15271.8,411.70228464318944,131.83159473220599,Dhanmondi_8A,Uttara_Sec3,routed
CS-32,Dhanmondi_8A_Site_2,CS-05,Uttara_Sec11_Site_1,16376.5,411.70228464318944,521.1013425864372,Dhanmondi_8A,Uttara_Sec11,routed
CS-32,Dhanmondi_8A_Site_2,CS-06,Uttara_Sec11_Site_2,16376.5,411.70228464318944,444.3265930489434,Dhanmondi_8A,Uttara_Sec11,routed
CS-32,Dhanmondi_8A_Site_2,CS-07,Purbachal_300ft_Site_1,18553.0,411.70228464318944,491.45821785549737,Dhanmondi_8A,Purbachal_300ft,routed
CS-32,Dhanmondi_8A_Site_2,CS-08,Purbachal_300ft_Site_2,18553.0,411.70228464318944,486.0039816801295,Dhanmondi_8A,Purbachal_300ft,routed
CS-32,Dhanmondi_8A_Site_2,CS-09,Baridhara_Diplomatic_Site_1,9165.300000000001,411.70228464318944,480.90203532465125,Dhanmondi_8A,Baridhara_Diplomatic,routed
CS-32,Dhanmondi_8A_Site_2,CS-10,Baridhara_Diplomatic_Site_2,9165.300000000001,411.70228464318944,542.4794717225486,Dhanmondi_8A,Baridhara_Diplomatic,routed
CS-32,Dhanmondi_8A_Site_2,CS-11,Gulshan_2_Site_1,8219.2,411.70228464318944,492.9831332681502,Dhanmondi_8A,Gulshan_2,routed
CS-32,Dhanmondi_8A_Site_2,CS-12,Gulshan_2_Site_2,8219.2,411.70228464318944,259.1007612239219,Dhanmondi_8A,Gulshan_2,routed
CS-32,Dhanmondi_8A_Site_2,CS-13,Gulshan_1_Site_1,6818.500000000001,411.70228464318944,557.8902441687196,Dhanmondi_8A,Gulshan_1,routed
CS-32,Dhanmondi_8A_Site_2,CS-14,Gulshan_1_Site_2,6497.1,411.70228464318944,425.1394136672309,Dhanmondi_8A,Badda_Pragati_Sarani,routed
CS-32,Dhanmondi_8A_Site_2,CS-15,Banani_11_Site_1,9324.800000000001,411.70228464318944,641.5582961789066,Dhanmondi_8A,Banani_11,routed
CS-32,Dhanmondi_8A_Site_2,CS-16,Banani_11_Site_2,9324.800000000001,411.70228464318944,487.73455572103404,Dhanmondi_8A,Banani_11,routed
CS-32,Dhanmondi_8A_Site_2,CS-17,Mohakhali_Terminal_Site_1,5227.200000000001,411.70228464318944,274.0141386731775,Dhanmondi_8A,Mohakhali_Terminal,routed
CS-32,Dhanmondi_8A_Site_2,CS-18,Mohakhali_Terminal_Site_2,5227.200000000001,411.70228464318944,667.4786340706916,Dhanmondi_8A,Mohakhali_Terminal,routed
CS-32,Dhanmondi_8A_Site_2,CS-19,Badda_Pragati_Sarani_Site_1,6497.1,411.70228464318944,376.98291121128,Dhanmondi_8A,Badda_Pragati_Sarani,routed
CS-32,Dhanmondi_8A_Site_2,CS-20,Badda_Pragati_Sarani_Site_2,6497.1,411.70228464318944,376.20287746857207,Dhanmondi_8A,Badda_Pragati_Sarani,routed
CS-32,Dhanmondi_8A_Site_2,CS-21,Hatirjheel_North_Site_1,4680.0,411.70228464318944,468.4064864979258,Dhanmondi_8A,Hatirjheel_North,routed
CS-32,Dhanmondi_8A_Site_2,CS-22,Hatirjheel_North_Site_2,4680.0,411.70228464318944,310.06191853650404,Dhanmondi_8A,Hatirjheel_North,routed
CS-32,Dhanmondi_8A_Site_2,CS-23,Tejgaon_Industrial_Site_1,3193.1000000000004,411.70228464318944,90.16608967047486,Dhanmondi_8A,Tejgaon_Industrial,routed
CS-32,Dhanmondi_8A_Site_2,CS-24,Tejgaon_Industrial_Site_2,3193.1000000000004,411.70228464318944,557.8967176144448,Dhanmondi_8A,Tejgaon_Industrial,routed
CS-32,Dhanmondi_8A_Site_2,CS-25,Kawran_Bazar_CBD_Site_1,4389.700000000001,411.70228464318944,369.97026595080973,Dhanmondi_8A,Kawran_Bazar_CBD,routed
CS-32,Dhanmondi_8A_Site_2,CS-26,Kawran_Bazar_CBD_Site_2,4389.700000000001,411.70228464318944,491.0807189387636,Dhanmondi_8A,Kawran_Bazar_CBD,routed
CS-32,Dhanmondi_8A_Site_2,CS-27,Farmgate_Hub_Site_1,2109.3,411.70228464318944,456.4519527664829,Dhanmondi_8A,Farmgate_Hub,routed
CS-32,Dhanmondi_8A_Site_2,CS-28,Farmgate_Hub_Site_2,2109.3,411.70228464318944,537.7862263087482,Dhanmondi_8A,Farmgate_Hub,routed
CS-32,Dhanmondi_8A_Site_2,CS-29,Dhanmondi_27_Site_1,656.1,411.70228464318944,120.8257549786046,Dhanmondi_8A,Dhanmondi_27,routed
CS-32,Dhanmondi_8A_Site_2,CS-30,Dhanmondi_27_Site_2,656.1,411.70228464318944,475.39463107740454,Dhanmondi_8A,Dhanmondi_27,routed
CS-32,Dhanmondi_8A_Site_2,CS-31,Dhanmondi_8A_Site_1,0.0,411.70228464318944,616.0715403667175,Dhanmondi_8A,Dhanmondi_8A,same_road_node
CS-32,Dhanmondi_8A_Site_2,CS-33,Shyamoli_Square_Site_1,3243.7999999999997,411.70228464318944,470.0130841296087,Dhanmondi_8A,Shyamoli_Square,routed
CS-32,Dhanmondi_8A_Site_2,CS-34,Shyamoli_Square_Site_2,3243.7999999999997,411.70228464318944,359.70204303201245,Dhanmondi_8A,Shyamoli_Square,routed
CS-32,Dhanmondi_8A_Site_2,CS-35,Mohammadpur_Townhall_Site_1,1944.5,411.70228464318944,369.96641661393016,Dhanmondi_8A,Mohammadpur_Townhall,routed
CS-32,Dhanmondi_8A_Site_2,CS-36,Mohammadpur_Townhall_Site_2,1944.5,411.70228464318944,532.4040986980325,Dhanmondi_8A,Mohammadpur_Townhall,routed
CS-32,Dhanmondi_8A_Site_2,CS-37,Mirpur_1_Site_1,5921.6,411.70228464318944,443.88921478801524,Dhanmondi_8A,Mirpur_1,routed
CS-32,Dhanmondi_8A_Site_2,CS-38,Mirpur_1_Site_2,5921.6,411.70228464318944,158.3147182012352,Dhanmondi_8A,Mirpur_1,routed
CS-32,Dhanmondi_8A_Site_2,CS-39,Mirpur_10_Circle_Site_1,7910.700000000001,411.70228464318944,88.58928452209923,Dhanmondi_8A,Mirpur_10_Circle,routed
CS-32,Dhanmondi_8A_Site_2,CS-40,Mirpur_10_Circle_Site_2,7910.700000000001,411.70228464318944,549.4653263343647,Dhanmondi_8A,Mirpur_10_Circle,routed
CS-32,Dhanmondi_8A_Site_2,CS-41,Mirpur_12_Site_1,9859.5,411.70228464318944,536.4117389493025,Dhanmondi_8A,Mirpur_12,routed
CS-32,Dhanmondi_8A_Site_2,CS-42,Mirpur_12_Site_2,9859.5,411.70228464318944,470.6049314333112,Dhanmondi_8A,Mirpur_12,routed
CS-32,Dhanmondi_8A_Site_2,CS-43,Gabtoli_Terminal_Site_1,5498.1,411.70228464318944,419.1719209303812,Dhanmondi_8A,Gabtoli_Terminal,routed
CS-32,Dhanmondi_8A_Site_2,CS-44,Gabtoli_Terminal_Site_2,5498.1,411.70228464318944,263.02616062219164,Dhanmondi_8A,Gabtoli_Terminal,routed
CS-32,Dhanmondi_8A_Site_2,CS-45,Shahbagh_Square_Site_1,4332.0,411.70228464318944,620.452455049284,Dhanmondi_8A,Shahbagh_Square,routed
CS-32,Dhanmondi_8A_Site_2,CS-46,Shahbagh_Square_Site_2,4332.0,411.70228464318944,149.4116807350283,Dhanmondi_8A,Shahbagh_Square,routed
CS-32,Dhanmondi_8A_Site_2,CS-47,Motijheel_CBD_Site_1,6673.0,411.70228464318944,154.02022873663583,Dhanmondi_8A,Motijheel_CBD,routed
CS-32,Dhanmondi_8A_Site_2,CS-48,Motijheel_CBD_Site_2,6673.0,411.70228464318944,523.372989683262,Dhanmondi_8A,Motijheel_CBD,routed
CS-32,Dhanmondi_8A_Site_2,CS-49,Kamalapur_Railway_Site_1,7365.9,411.70228464318944,268.36694973094154,Dhanmondi_8A,Kamalapur_Railway,routed
CS-32,Dhanmondi_8A_Site_2,CS-50,Kamalapur_Railway_Site_2,7365.9,411.70228464318944,183.61956766698643,Dhanmondi_8A,Kamalapur_Railway,routed
CS-32,Dhanmondi_8A_Site_2,CS-51,Old_Dhaka_Lalbagh_Site_1,12637.4,411.70228464318944,545.5895924795998,Dhanmondi_8A,Old_Dhaka_Lalbagh,routed
CS-32,Dhanmondi_8A_Site_2,CS-52,Old_Dhaka_Lalbagh_Site_2,12637.4,411.70228464318944,209.0234518928121,Dhanmondi_8A,Old_Dhaka_Lalbagh,routed
CS-32,Dhanmondi_8A_Site_2,CS-53,Old_Dhaka_Sadarghat_Site_1,9909.8,411.70228464318944,232.38025140077238,Dhanmondi_8A,Old_Dhaka_Sadarghat,routed
CS-32,Dhanmondi_8A_Site_2,CS-54,Old_Dhaka_Sadarghat_Site_2,9909.8,411.70228464318944,465.183542888821,Dhanmondi_8A,Old_Dhaka_Sadarghat,routed
CS-32,Dhanmondi_8A_Site_2,CS-55,Sayedabad_Terminal_Site_1,8569.0,411.70228464318944,475.68383234599094,Dhanmondi_8A,Sayedabad_Terminal,routed
CS-32,Dhanmondi_8A_Site_2,CS-56,Sayedabad_Terminal_Site_2,8569.0,411.70228464318944,354.404933525487,Dhanmondi_8A,Sayedabad_Terminal,routed
CS-32,Dhanmondi_8A_Site_2,CS-57,Jatrabari_Flyover_Hub_Site_1,9659.4,411.70228464318944,358.58247775190324,Dhanmondi_8A,Jatrabari_Flyover_Hub,routed
CS-32,Dhanmondi_8A_Site_2,CS-58,Jatrabari_Flyover_Hub_Site_2,9659.4,411.70228464318944,310.18785958369136,Dhanmondi_8A,Jatrabari_Flyover_Hub,routed
CS-33,Shyamoli_Square_Site_1,CS-01,Airport_Hub_Site_1,14409.699999999999,470.0130841296087,387.56933574644125,Shyamoli_Square,Airport_Hub,routed
CS-33,Shyamoli_Square_Site_1,CS-02,Airport_Hub_Site_2,14409.699999999999,470.0130841296087,506.34780845964383,Shyamoli_Square,Airport_Hub,routed
CS-33,Shyamoli_Square_Site_1,CS-03,Uttara_Sec3_Site_1,17203.399999999998,470.0130841296087,443.31187101564313,Shyamoli_Square,Uttara_Sec3,routed
CS-33,Shyamoli_Square_Site_1,CS-04,Uttara_Sec3_Site_2,17203.399999999998,470.0130841296087,131.83159473220599,Shyamoli_Square,Uttara_Sec3,routed
CS-33,Shyamoli_Square_Site_1,CS-05,Uttara_Sec11_Site_1,18308.1,470.0130841296087,521.1013425864372,Shyamoli_Square,Uttara_Sec11,routed
CS-33,Shyamoli_Square_Site_1,CS-06,Uttara_Sec11_Site_2,18308.1,470.0130841296087,444.3265930489434,Shyamoli_Square,Uttara_Sec11,routed
CS-33,Shyamoli_Square_Site_1,CS-07,Purbachal_300ft_Site_1,20484.6,470.0130841296087,491.45821785549737,Shyamoli_Square,Purbachal_300ft,routed
CS-33,Shyamoli_Square_Site_1,CS-08,Purbachal_300ft_Site_2,20484.6,470.0130841296087,486.0039816801295,Shyamoli_Square,Purbachal_300ft,routed
CS-33,Shyamoli_Square_Site_1,CS-09,Baridhara_Diplomatic_Site_1,11096.9,470.0130841296087,480.90203532465125,Shyamoli_Square,Baridhara_Diplomatic,routed
CS-33,Shyamoli_Square_Site_1,CS-10,Baridhara_Diplomatic_Site_2,11096.9,470.0130841296087,542.4794717225486,Shyamoli_Square,Baridhara_Diplomatic,routed
CS-33,Shyamoli_Square_Site_1,CS-11,Gulshan_2_Site_1,10150.8,470.0130841296087,492.9831332681502,Shyamoli_Square,Gulshan_2,routed
CS-33,Shyamoli_Square_Site_1,CS-12,Gulshan_2_Site_2,10150.8,470.0130841296087,259.1007612239219,Shyamoli_Square,Gulshan_2,routed
CS-33,Shyamoli_Square_Site_1,CS-13,Gulshan_1_Site_1,8750.099999999999,470.0130841296087,557.8902441687196,Shyamoli_Square,Gulshan_1,routed
CS-33,Shyamoli_Square_Site_1,CS-14,Gulshan_1_Site_2,8428.7,470.0130841296087,425.1394136672309,Shyamoli_Square,Badda_Pragati_Sarani,routed
CS-33,Shyamoli_Square_Site_1,CS-15,Banani_11_Site_1,11256.4,470.0130841296087,641.5582961789066,Shyamoli_Square,Banani_11,routed
CS-33,Shyamoli_Square_Site_1,CS-16,Banani_11_Site_2,11256.4,470.0130841296087,487.73455572103404,Shyamoli_Square,Banani_11,routed
CS-33,Shyamoli_Square_Site_1,CS-17,Mohakhali_Terminal_Site_1,7158.799999999999,470.0130841296087,274.0141386731775,Shyamoli_Square,Mohakhali_Terminal,routed
CS-33,Shyamoli_Square_Site_1,CS-18,Mohakhali_Terminal_Site_2,7158.799999999999,470.0130841296087,667.4786340706916,Shyamoli_Square,Mohakhali_Terminal,routed
CS-33,Shyamoli_Square_Site_1,CS-19,Badda_Pragati_Sarani_Site_1,8428.7,470.0130841296087,376.98291121128,Shyamoli_Square,Badda_Pragati_Sarani,routed
CS-33,Shyamoli_Square_Site_1,CS-20,Badda_Pragati_Sarani_Site_2,8428.7,470.0130841296087,376.20287746857207,Shyamoli_Square,Badda_Pragati_Sarani,routed
CS-33,Shyamoli_Square_Site_1,CS-21,Hatirjheel_North_Site_1,6611.6,470.0130841296087,468.4064864979258,Shyamoli_Square,Hatirjheel_North,routed
CS-33,Shyamoli_Square_Site_1,CS-22,Hatirjheel_North_Site_2,6611.6,470.0130841296087,310.06191853650404,Shyamoli_Square,Hatirjheel_North,routed
CS-33,Shyamoli_Square_Site_1,CS-23,Tejgaon_Industrial_Site_1,5124.7,470.0130841296087,90.16608967047486,Shyamoli_Square,Tejgaon_Industrial,routed
CS-33,Shyamoli_Square_Site_1,CS-24,Tejgaon_Industrial_Site_2,5124.7,470.0130841296087,557.8967176144448,Shyamoli_Square,Tejgaon_Industrial,routed
CS-33,Shyamoli_Square_Site_1,CS-25,Kawran_Bazar_CBD_Site_1,6321.299999999999,470.0130841296087,369.97026595080973,Shyamoli_Square,Kawran_Bazar_CBD,routed
CS-33,Shyamoli_Square_Site_1,CS-26,Kawran_Bazar_CBD_Site_2,6321.299999999999,470.0130841296087,491.0807189387636,Shyamoli_Square,Kawran_Bazar_CBD,routed
CS-33,Shyamoli_Square_Site_1,CS-27,Farmgate_Hub_Site_1,4040.8999999999996,470.0130841296087,456.4519527664829,Shyamoli_Square,Farmgate_Hub,routed
CS-33,Shyamoli_Square_Site_1,CS-28,Farmgate_Hub_Site_2,4040.8999999999996,470.0130841296087,537.7862263087482,Shyamoli_Square,Farmgate_Hub,routed
CS-33,Shyamoli_Square_Site_1,CS-29,Dhanmondi_27_Site_1,2587.7,470.0130841296087,120.8257549786046,Shyamoli_Square,Dhanmondi_27,routed
CS-33,Shyamoli_Square_Site_1,CS-30,Dhanmondi_27_Site_2,2587.7,470.0130841296087,475.39463107740454,Shyamoli_Square,Dhanmondi_27,routed
CS-33,Shyamoli_Square_Site_1,CS-31,Dhanmondi_8A_Site_1,3243.7999999999997,470.0130841296087,616.0715403667175,Shyamoli_Square,Dhanmondi_8A,routed
CS-33,Shyamoli_Square_Site_1,CS-32,Dhanmondi_8A_Site_2,3243.7999999999997,470.0130841296087,411.70228464318944,Shyamoli_Square,Dhanmondi_8A,routed
CS-33,Shyamoli_Square_Site_1,CS-34,Shyamoli_Square_Site_2,0.0,470.0130841296087,359.70204303201245,Shyamoli_Square,Shyamoli_Square,same_road_node
CS-33,Shyamoli_Square_Site_1,CS-35,Mohammadpur_Townhall_Site_1,5188.299999999999,470.0130841296087,369.96641661393016,Shyamoli_Square,Mohammadpur_Townhall,routed
CS-33,Shyamoli_Square_Site_1,CS-36,Mohammadpur_Townhall_Site_2,5188.299999999999,470.0130841296087,532.4040986980325,Shyamoli_Square,Mohammadpur_Townhall,routed
CS-33,Shyamoli_Square_Site_1,CS-37,Mirpur_1_Site_1,2677.8,470.0130841296087,443.88921478801524,Shyamoli_Square,Mirpur_1,routed
CS-33,Shyamoli_Square_Site_1,CS-38,Mirpur_1_Site_2,2677.8,470.0130841296087,158.3147182012352,Shyamoli_Square,Mirpur_1,routed
CS-33,Shyamoli_Square_Site_1,CS-39,Mirpur_10_Circle_Site_1,4666.9,470.0130841296087,88.58928452209923,Shyamoli_Square,Mirpur_10_Circle,routed
CS-33,Shyamoli_Square_Site_1,CS-40,Mirpur_10_Circle_Site_2,4666.9,470.0130841296087,549.4653263343647,Shyamoli_Square,Mirpur_10_Circle,routed
CS-33,Shyamoli_Square_Site_1,CS-41,Mirpur_12_Site_1,6615.7,470.0130841296087,536.4117389493025,Shyamoli_Square,Mirpur_12,routed
CS-33,Shyamoli_Square_Site_1,CS-42,Mirpur_12_Site_2,6615.7,470.0130841296087,470.6049314333112,Shyamoli_Square,Mirpur_12,routed
CS-33,Shyamoli_Square_Site_1,CS-43,Gabtoli_Terminal_Site_1,2254.3,470.0130841296087,419.1719209303812,Shyamoli_Square,Gabtoli_Terminal,routed
CS-33,Shyamoli_Square_Site_1,CS-44,Gabtoli_Terminal_Site_2,2254.3,470.0130841296087,263.02616062219164,Shyamoli_Square,Gabtoli_Terminal,routed
CS-33,Shyamoli_Square_Site_1,CS-45,Shahbagh_Square_Site_1,6263.599999999999,470.0130841296087,620.452455049284,Shyamoli_Square,Shahbagh_Square,routed
CS-33,Shyamoli_Square_Site_1,CS-46,Shahbagh_Square_Site_2,6263.599999999999,470.0130841296087,149.4116807350283,Shyamoli_Square,Shahbagh_Square,routed
CS-33,Shyamoli_Square_Site_1,CS-47,Motijheel_CBD_Site_1,8604.599999999999,470.0130841296087,154.02022873663583,Shyamoli_Square,Motijheel_CBD,routed
CS-33,Shyamoli_Square_Site_1,CS-48,Motijheel_CBD_Site_2,8604.599999999999,470.0130841296087,523.372989683262,Shyamoli_Square,Motijheel_CBD,routed
CS-33,Shyamoli_Square_Site_1,CS-49,Kamalapur_Railway_Site_1,9297.499999999998,470.0130841296087,268.36694973094154,Shyamoli_Square,Kamalapur_Railway,routed
CS-33,Shyamoli_Square_Site_1,CS-50,Kamalapur_Railway_Site_2,9297.499999999998,470.0130841296087,183.61956766698643,Shyamoli_Square,Kamalapur_Railway,routed
CS-33,Shyamoli_Square_Site_1,CS-51,Old_Dhaka_Lalbagh_Site_1,14568.999999999998,470.0130841296087,545.5895924795998,Shyamoli_Square,Old_Dhaka_Lalbagh,routed
CS-33,Shyamoli_Square_Site_1,CS-52,Old_Dhaka_Lalbagh_Site_2,14568.999999999998,470.0130841296087,209.0234518928121,Shyamoli_Square,Old_Dhaka_Lalbagh,routed
CS-33,Shyamoli_Square_Site_1,CS-53,Old_Dhaka_Sadarghat_Site_1,11841.399999999998,470.0130841296087,232.38025140077238,Shyamoli_Square,Old_Dhaka_Sadarghat,routed
CS-33,Shyamoli_Square_Site_1,CS-54,Old_Dhaka_Sadarghat_Site_2,11841.399999999998,470.0130841296087,465.183542888821,Shyamoli_Square,Old_Dhaka_Sadarghat,routed
CS-33,Shyamoli_Square_Site_1,CS-55,Sayedabad_Terminal_Site_1,10500.599999999999,470.0130841296087,475.68383234599094,Shyamoli_Square,Sayedabad_Terminal,routed
CS-33,Shyamoli_Square_Site_1,CS-56,Sayedabad_Terminal_Site_2,10500.599999999999,470.0130841296087,354.404933525487,Shyamoli_Square,Sayedabad_Terminal,routed
CS-33,Shyamoli_Square_Site_1,CS-57,Jatrabari_Flyover_Hub_Site_1,11590.999999999998,470.0130841296087,358.58247775190324,Shyamoli_Square,Jatrabari_Flyover_Hub,routed
CS-33,Shyamoli_Square_Site_1,CS-58,Jatrabari_Flyover_Hub_Site_2,11590.999999999998,470.0130841296087,310.18785958369136,Shyamoli_Square,Jatrabari_Flyover_Hub,routed
CS-34,Shyamoli_Square_Site_2,CS-01,Airport_Hub_Site_1,14409.699999999999,359.70204303201245,387.56933574644125,Shyamoli_Square,Airport_Hub,routed
CS-34,Shyamoli_Square_Site_2,CS-02,Airport_Hub_Site_2,14409.699999999999,359.70204303201245,506.34780845964383,Shyamoli_Square,Airport_Hub,routed
CS-34,Shyamoli_Square_Site_2,CS-03,Uttara_Sec3_Site_1,17203.399999999998,359.70204303201245,443.31187101564313,Shyamoli_Square,Uttara_Sec3,routed
CS-34,Shyamoli_Square_Site_2,CS-04,Uttara_Sec3_Site_2,17203.399999999998,359.70204303201245,131.83159473220599,Shyamoli_Square,Uttara_Sec3,routed
CS-34,Shyamoli_Square_Site_2,CS-05,Uttara_Sec11_Site_1,18308.1,359.70204303201245,521.1013425864372,Shyamoli_Square,Uttara_Sec11,routed
CS-34,Shyamoli_Square_Site_2,CS-06,Uttara_Sec11_Site_2,18308.1,359.70204303201245,444.3265930489434,Shyamoli_Square,Uttara_Sec11,routed
CS-34,Shyamoli_Square_Site_2,CS-07,Purbachal_300ft_Site_1,20484.6,359.70204303201245,491.45821785549737,Shyamoli_Square,Purbachal_300ft,routed
CS-34,Shyamoli_Square_Site_2,CS-08,Purbachal_300ft_Site_2,20484.6,359.70204303201245,486.0039816801295,Shyamoli_Square,Purbachal_300ft,routed
CS-34,Shyamoli_Square_Site_2,CS-09,Baridhara_Diplomatic_Site_1,11096.9,359.70204303201245,480.90203532465125,Shyamoli_Square,Baridhara_Diplomatic,routed
CS-34,Shyamoli_Square_Site_2,CS-10,Baridhara_Diplomatic_Site_2,11096.9,359.70204303201245,542.4794717225486,Shyamoli_Square,Baridhara_Diplomatic,routed
CS-34,Shyamoli_Square_Site_2,CS-11,Gulshan_2_Site_1,10150.8,359.70204303201245,492.9831332681502,Shyamoli_Square,Gulshan_2,routed
CS-34,Shyamoli_Square_Site_2,CS-12,Gulshan_2_Site_2,10150.8,359.70204303201245,259.1007612239219,Shyamoli_Square,Gulshan_2,routed
CS-34,Shyamoli_Square_Site_2,CS-13,Gulshan_1_Site_1,8750.099999999999,359.70204303201245,557.8902441687196,Shyamoli_Square,Gulshan_1,routed
CS-34,Shyamoli_Square_Site_2,CS-14,Gulshan_1_Site_2,8428.7,359.70204303201245,425.1394136672309,Shyamoli_Square,Badda_Pragati_Sarani,routed
CS-34,Shyamoli_Square_Site_2,CS-15,Banani_11_Site_1,11256.4,359.70204303201245,641.5582961789066,Shyamoli_Square,Banani_11,routed
CS-34,Shyamoli_Square_Site_2,CS-16,Banani_11_Site_2,11256.4,359.70204303201245,487.73455572103404,Shyamoli_Square,Banani_11,routed
CS-34,Shyamoli_Square_Site_2,CS-17,Mohakhali_Terminal_Site_1,7158.799999999999,359.70204303201245,274.0141386731775,Shyamoli_Square,Mohakhali_Terminal,routed
CS-34,Shyamoli_Square_Site_2,CS-18,Mohakhali_Terminal_Site_2,7158.799999999999,359.70204303201245,667.4786340706916,Shyamoli_Square,Mohakhali_Terminal,routed
CS-34,Shyamoli_Square_Site_2,CS-19,Badda_Pragati_Sarani_Site_1,8428.7,359.70204303201245,376.98291121128,Shyamoli_Square,Badda_Pragati_Sarani,routed
CS-34,Shyamoli_Square_Site_2,CS-20,Badda_Pragati_Sarani_Site_2,8428.7,359.70204303201245,376.20287746857207,Shyamoli_Square,Badda_Pragati_Sarani,routed
CS-34,Shyamoli_Square_Site_2,CS-21,Hatirjheel_North_Site_1,6611.6,359.70204303201245,468.4064864979258,Shyamoli_Square,Hatirjheel_North,routed
CS-34,Shyamoli_Square_Site_2,CS-22,Hatirjheel_North_Site_2,6611.6,359.70204303201245,310.06191853650404,Shyamoli_Square,Hatirjheel_North,routed
CS-34,Shyamoli_Square_Site_2,CS-23,Tejgaon_Industrial_Site_1,5124.7,359.70204303201245,90.16608967047486,Shyamoli_Square,Tejgaon_Industrial,routed
CS-34,Shyamoli_Square_Site_2,CS-24,Tejgaon_Industrial_Site_2,5124.7,359.70204303201245,557.8967176144448,Shyamoli_Square,Tejgaon_Industrial,routed
CS-34,Shyamoli_Square_Site_2,CS-25,Kawran_Bazar_CBD_Site_1,6321.299999999999,359.70204303201245,369.97026595080973,Shyamoli_Square,Kawran_Bazar_CBD,routed
CS-34,Shyamoli_Square_Site_2,CS-26,Kawran_Bazar_CBD_Site_2,6321.299999999999,359.70204303201245,491.0807189387636,Shyamoli_Square,Kawran_Bazar_CBD,routed
CS-34,Shyamoli_Square_Site_2,CS-27,Farmgate_Hub_Site_1,4040.8999999999996,359.70204303201245,456.4519527664829,Shyamoli_Square,Farmgate_Hub,routed
CS-34,Shyamoli_Square_Site_2,CS-28,Farmgate_Hub_Site_2,4040.8999999999996,359.70204303201245,537.7862263087482,Shyamoli_Square,Farmgate_Hub,routed
CS-34,Shyamoli_Square_Site_2,CS-29,Dhanmondi_27_Site_1,2587.7,359.70204303201245,120.8257549786046,Shyamoli_Square,Dhanmondi_27,routed
CS-34,Shyamoli_Square_Site_2,CS-30,Dhanmondi_27_Site_2,2587.7,359.70204303201245,475.39463107740454,Shyamoli_Square,Dhanmondi_27,routed
CS-34,Shyamoli_Square_Site_2,CS-31,Dhanmondi_8A_Site_1,3243.7999999999997,359.70204303201245,616.0715403667175,Shyamoli_Square,Dhanmondi_8A,routed
CS-34,Shyamoli_Square_Site_2,CS-32,Dhanmondi_8A_Site_2,3243.7999999999997,359.70204303201245,411.70228464318944,Shyamoli_Square,Dhanmondi_8A,routed
CS-34,Shyamoli_Square_Site_2,CS-33,Shyamoli_Square_Site_1,0.0,359.70204303201245,470.0130841296087,Shyamoli_Square,Shyamoli_Square,same_road_node
CS-34,Shyamoli_Square_Site_2,CS-35,Mohammadpur_Townhall_Site_1,5188.299999999999,359.70204303201245,369.96641661393016,Shyamoli_Square,Mohammadpur_Townhall,routed
CS-34,Shyamoli_Square_Site_2,CS-36,Mohammadpur_Townhall_Site_2,5188.299999999999,359.70204303201245,532.4040986980325,Shyamoli_Square,Mohammadpur_Townhall,routed
CS-34,Shyamoli_Square_Site_2,CS-37,Mirpur_1_Site_1,2677.8,359.70204303201245,443.88921478801524,Shyamoli_Square,Mirpur_1,routed
CS-34,Shyamoli_Square_Site_2,CS-38,Mirpur_1_Site_2,2677.8,359.70204303201245,158.3147182012352,Shyamoli_Square,Mirpur_1,routed
CS-34,Shyamoli_Square_Site_2,CS-39,Mirpur_10_Circle_Site_1,4666.9,359.70204303201245,88.58928452209923,Shyamoli_Square,Mirpur_10_Circle,routed
CS-34,Shyamoli_Square_Site_2,CS-40,Mirpur_10_Circle_Site_2,4666.9,359.70204303201245,549.4653263343647,Shyamoli_Square,Mirpur_10_Circle,routed
CS-34,Shyamoli_Square_Site_2,CS-41,Mirpur_12_Site_1,6615.7,359.70204303201245,536.4117389493025,Shyamoli_Square,Mirpur_12,routed
CS-34,Shyamoli_Square_Site_2,CS-42,Mirpur_12_Site_2,6615.7,359.70204303201245,470.6049314333112,Shyamoli_Square,Mirpur_12,routed
CS-34,Shyamoli_Square_Site_2,CS-43,Gabtoli_Terminal_Site_1,2254.3,359.70204303201245,419.1719209303812,Shyamoli_Square,Gabtoli_Terminal,routed
CS-34,Shyamoli_Square_Site_2,CS-44,Gabtoli_Terminal_Site_2,2254.3,359.70204303201245,263.02616062219164,Shyamoli_Square,Gabtoli_Terminal,routed
CS-34,Shyamoli_Square_Site_2,CS-45,Shahbagh_Square_Site_1,6263.599999999999,359.70204303201245,620.452455049284,Shyamoli_Square,Shahbagh_Square,routed
CS-34,Shyamoli_Square_Site_2,CS-46,Shahbagh_Square_Site_2,6263.599999999999,359.70204303201245,149.4116807350283,Shyamoli_Square,Shahbagh_Square,routed
CS-34,Shyamoli_Square_Site_2,CS-47,Motijheel_CBD_Site_1,8604.599999999999,359.70204303201245,154.02022873663583,Shyamoli_Square,Motijheel_CBD,routed
CS-34,Shyamoli_Square_Site_2,CS-48,Motijheel_CBD_Site_2,8604.599999999999,359.70204303201245,523.372989683262,Shyamoli_Square,Motijheel_CBD,routed
CS-34,Shyamoli_Square_Site_2,CS-49,Kamalapur_Railway_Site_1,9297.499999999998,359.70204303201245,268.36694973094154,Shyamoli_Square,Kamalapur_Railway,routed
CS-34,Shyamoli_Square_Site_2,CS-50,Kamalapur_Railway_Site_2,9297.499999999998,359.70204303201245,183.61956766698643,Shyamoli_Square,Kamalapur_Railway,routed
CS-34,Shyamoli_Square_Site_2,CS-51,Old_Dhaka_Lalbagh_Site_1,14568.999999999998,359.70204303201245,545.5895924795998,Shyamoli_Square,Old_Dhaka_Lalbagh,routed
CS-34,Shyamoli_Square_Site_2,CS-52,Old_Dhaka_Lalbagh_Site_2,14568.999999999998,359.70204303201245,209.0234518928121,Shyamoli_Square,Old_Dhaka_Lalbagh,routed
CS-34,Shyamoli_Square_Site_2,CS-53,Old_Dhaka_Sadarghat_Site_1,11841.399999999998,359.70204303201245,232.38025140077238,Shyamoli_Square,Old_Dhaka_Sadarghat,routed
CS-34,Shyamoli_Square_Site_2,CS-54,Old_Dhaka_Sadarghat_Site_2,11841.399999999998,359.70204303201245,465.183542888821,Shyamoli_Square,Old_Dhaka_Sadarghat,routed
CS-34,Shyamoli_Square_Site_2,CS-55,Sayedabad_Terminal_Site_1,10500.599999999999,359.70204303201245,475.68383234599094,Shyamoli_Square,Sayedabad_Terminal,routed
CS-34,Shyamoli_Square_Site_2,CS-56,Sayedabad_Terminal_Site_2,10500.599999999999,359.70204303201245,354.404933525487,Shyamoli_Square,Sayedabad_Terminal,routed
CS-34,Shyamoli_Square_Site_2,CS-57,Jatrabari_Flyover_Hub_Site_1,11590.999999999998,359.70204303201245,358.58247775190324,Shyamoli_Square,Jatrabari_Flyover_Hub,routed
CS-34,Shyamoli_Square_Site_2,CS-58,Jatrabari_Flyover_Hub_Site_2,11590.999999999998,359.70204303201245,310.18785958369136,Shyamoli_Square,Jatrabari_Flyover_Hub,routed
CS-35,Mohammadpur_Townhall_Site_1,CS-01,Airport_Hub_Site_1,14422.6,369.96641661393016,387.56933574644125,Mohammadpur_Townhall,Airport_Hub,routed
CS-35,Mohammadpur_Townhall_Site_1,CS-02,Airport_Hub_Site_2,14422.6,369.96641661393016,506.34780845964383,Mohammadpur_Townhall,Airport_Hub,routed
CS-35,Mohammadpur_Townhall_Site_1,CS-03,Uttara_Sec3_Site_1,17216.3,369.96641661393016,443.31187101564313,Mohammadpur_Townhall,Uttara_Sec3,routed
CS-35,Mohammadpur_Townhall_Site_1,CS-04,Uttara_Sec3_Site_2,17216.3,369.96641661393016,131.83159473220599,Mohammadpur_Townhall,Uttara_Sec3,routed
CS-35,Mohammadpur_Townhall_Site_1,CS-05,Uttara_Sec11_Site_1,18321.0,369.96641661393016,521.1013425864372,Mohammadpur_Townhall,Uttara_Sec11,routed
CS-35,Mohammadpur_Townhall_Site_1,CS-06,Uttara_Sec11_Site_2,18321.0,369.96641661393016,444.3265930489434,Mohammadpur_Townhall,Uttara_Sec11,routed
CS-35,Mohammadpur_Townhall_Site_1,CS-07,Purbachal_300ft_Site_1,20497.5,369.96641661393016,491.45821785549737,Mohammadpur_Townhall,Purbachal_300ft,routed
CS-35,Mohammadpur_Townhall_Site_1,CS-08,Purbachal_300ft_Site_2,20497.5,369.96641661393016,486.0039816801295,Mohammadpur_Townhall,Purbachal_300ft,routed
CS-35,Mohammadpur_Townhall_Site_1,CS-09,Baridhara_Diplomatic_Site_1,11109.800000000001,369.96641661393016,480.90203532465125,Mohammadpur_Townhall,Baridhara_Diplomatic,routed
CS-35,Mohammadpur_Townhall_Site_1,CS-10,Baridhara_Diplomatic_Site_2,11109.800000000001,369.96641661393016,542.4794717225486,Mohammadpur_Townhall,Baridhara_Diplomatic,routed
CS-35,Mohammadpur_Townhall_Site_1,CS-11,Gulshan_2_Site_1,10163.7,369.96641661393016,492.9831332681502,Mohammadpur_Townhall,Gulshan_2,routed
CS-35,Mohammadpur_Townhall_Site_1,CS-12,Gulshan_2_Site_2,10163.7,369.96641661393016,259.1007612239219,Mohammadpur_Townhall,Gulshan_2,routed
CS-35,Mohammadpur_Townhall_Site_1,CS-13,Gulshan_1_Site_1,8763.0,369.96641661393016,557.8902441687196,Mohammadpur_Townhall,Gulshan_1,routed
CS-35,Mohammadpur_Townhall_Site_1,CS-14,Gulshan_1_Site_2,8441.6,369.96641661393016,425.1394136672309,Mohammadpur_Townhall,Badda_Pragati_Sarani,routed
CS-35,Mohammadpur_Townhall_Site_1,CS-15,Banani_11_Site_1,11269.300000000001,369.96641661393016,641.5582961789066,Mohammadpur_Townhall,Banani_11,routed
CS-35,Mohammadpur_Townhall_Site_1,CS-16,Banani_11_Site_2,11269.300000000001,369.96641661393016,487.73455572103404,Mohammadpur_Townhall,Banani_11,routed
CS-35,Mohammadpur_Townhall_Site_1,CS-17,Mohakhali_Terminal_Site_1,7171.700000000001,369.96641661393016,274.0141386731775,Mohammadpur_Townhall,Mohakhali_Terminal,routed
CS-35,Mohammadpur_Townhall_Site_1,CS-18,Mohakhali_Terminal_Site_2,7171.700000000001,369.96641661393016,667.4786340706916,Mohammadpur_Townhall,Mohakhali_Terminal,routed
CS-35,Mohammadpur_Townhall_Site_1,CS-19,Badda_Pragati_Sarani_Site_1,8441.6,369.96641661393016,376.98291121128,Mohammadpur_Townhall,Badda_Pragati_Sarani,routed
CS-35,Mohammadpur_Townhall_Site_1,CS-20,Badda_Pragati_Sarani_Site_2,8441.6,369.96641661393016,376.20287746857207,Mohammadpur_Townhall,Badda_Pragati_Sarani,routed
CS-35,Mohammadpur_Townhall_Site_1,CS-21,Hatirjheel_North_Site_1,6624.5,369.96641661393016,468.4064864979258,Mohammadpur_Townhall,Hatirjheel_North,routed
CS-35,Mohammadpur_Townhall_Site_1,CS-22,Hatirjheel_North_Site_2,6624.5,369.96641661393016,310.06191853650404,Mohammadpur_Townhall,Hatirjheel_North,routed
CS-35,Mohammadpur_Townhall_Site_1,CS-23,Tejgaon_Industrial_Site_1,5137.6,369.96641661393016,90.16608967047486,Mohammadpur_Townhall,Tejgaon_Industrial,routed
CS-35,Mohammadpur_Townhall_Site_1,CS-24,Tejgaon_Industrial_Site_2,5137.6,369.96641661393016,557.8967176144448,Mohammadpur_Townhall,Tejgaon_Industrial,routed
CS-35,Mohammadpur_Townhall_Site_1,CS-25,Kawran_Bazar_CBD_Site_1,6334.200000000001,369.96641661393016,369.97026595080973,Mohammadpur_Townhall,Kawran_Bazar_CBD,routed
CS-35,Mohammadpur_Townhall_Site_1,CS-26,Kawran_Bazar_CBD_Site_2,6334.200000000001,369.96641661393016,491.0807189387636,Mohammadpur_Townhall,Kawran_Bazar_CBD,routed
CS-35,Mohammadpur_Townhall_Site_1,CS-27,Farmgate_Hub_Site_1,4053.8,369.96641661393016,456.4519527664829,Mohammadpur_Townhall,Farmgate_Hub,routed
CS-35,Mohammadpur_Townhall_Site_1,CS-28,Farmgate_Hub_Site_2,4053.8,369.96641661393016,537.7862263087482,Mohammadpur_Townhall,Farmgate_Hub,routed
CS-35,Mohammadpur_Townhall_Site_1,CS-29,Dhanmondi_27_Site_1,2600.6,369.96641661393016,120.8257549786046,Mohammadpur_Townhall,Dhanmondi_27,routed
CS-35,Mohammadpur_Townhall_Site_1,CS-30,Dhanmondi_27_Site_2,2600.6,369.96641661393016,475.39463107740454,Mohammadpur_Townhall,Dhanmondi_27,routed
CS-35,Mohammadpur_Townhall_Site_1,CS-31,Dhanmondi_8A_Site_1,1944.5,369.96641661393016,616.0715403667175,Mohammadpur_Townhall,Dhanmondi_8A,routed
CS-35,Mohammadpur_Townhall_Site_1,CS-32,Dhanmondi_8A_Site_2,1944.5,369.96641661393016,411.70228464318944,Mohammadpur_Townhall,Dhanmondi_8A,routed
CS-35,Mohammadpur_Townhall_Site_1,CS-33,Shyamoli_Square_Site_1,5188.299999999999,369.96641661393016,470.0130841296087,Mohammadpur_Townhall,Shyamoli_Square,routed
CS-35,Mohammadpur_Townhall_Site_1,CS-34,Shyamoli_Square_Site_2,5188.299999999999,369.96641661393016,359.70204303201245,Mohammadpur_Townhall,Shyamoli_Square,routed
CS-35,Mohammadpur_Townhall_Site_1,CS-36,Mohammadpur_Townhall_Site_2,0.0,369.96641661393016,532.4040986980325,Mohammadpur_Townhall,Mohammadpur_Townhall,same_road_node
CS-35,Mohammadpur_Townhall_Site_1,CS-37,Mirpur_1_Site_1,7866.099999999999,369.96641661393016,443.88921478801524,Mohammadpur_Townhall,Mirpur_1,routed
CS-35,Mohammadpur_Townhall_Site_1,CS-38,Mirpur_1_Site_2,7866.099999999999,369.96641661393016,158.3147182012352,Mohammadpur_Townhall,Mirpur_1,routed
CS-35,Mohammadpur_Townhall_Site_1,CS-39,Mirpur_10_Circle_Site_1,9855.199999999999,369.96641661393016,88.58928452209923,Mohammadpur_Townhall,Mirpur_10_Circle,routed
CS-35,Mohammadpur_Townhall_Site_1,CS-40,Mirpur_10_Circle_Site_2,9855.199999999999,369.96641661393016,549.4653263343647,Mohammadpur_Townhall,Mirpur_10_Circle,routed
CS-35,Mohammadpur_Townhall_Site_1,CS-41,Mirpur_12_Site_1,11803.999999999998,369.96641661393016,536.4117389493025,Mohammadpur_Townhall,Mirpur_12,routed
CS-35,Mohammadpur_Townhall_Site_1,CS-42,Mirpur_12_Site_2,11803.999999999998,369.96641661393016,470.6049314333112,Mohammadpur_Townhall,Mirpur_12,routed
CS-35,Mohammadpur_Townhall_Site_1,CS-43,Gabtoli_Terminal_Site_1,7442.599999999999,369.96641661393016,419.1719209303812,Mohammadpur_Townhall,Gabtoli_Terminal,routed
CS-35,Mohammadpur_Townhall_Site_1,CS-44,Gabtoli_Terminal_Site_2,7442.599999999999,369.96641661393016,263.02616062219164,Mohammadpur_Townhall,Gabtoli_Terminal,routed
CS-35,Mohammadpur_Townhall_Site_1,CS-45,Shahbagh_Square_Site_1,6276.5,369.96641661393016,620.452455049284,Mohammadpur_Townhall,Shahbagh_Square,routed
CS-35,Mohammadpur_Townhall_Site_1,CS-46,Shahbagh_Square_Site_2,6276.5,369.96641661393016,149.4116807350283,Mohammadpur_Townhall,Shahbagh_Square,routed
CS-35,Mohammadpur_Townhall_Site_1,CS-47,Motijheel_CBD_Site_1,8617.5,369.96641661393016,154.02022873663583,Mohammadpur_Townhall,Motijheel_CBD,routed
CS-35,Mohammadpur_Townhall_Site_1,CS-48,Motijheel_CBD_Site_2,8617.5,369.96641661393016,523.372989683262,Mohammadpur_Townhall,Motijheel_CBD,routed
CS-35,Mohammadpur_Townhall_Site_1,CS-49,Kamalapur_Railway_Site_1,9310.4,369.96641661393016,268.36694973094154,Mohammadpur_Townhall,Kamalapur_Railway,routed
CS-35,Mohammadpur_Townhall_Site_1,CS-50,Kamalapur_Railway_Site_2,9310.4,369.96641661393016,183.61956766698643,Mohammadpur_Townhall,Kamalapur_Railway,routed
CS-35,Mohammadpur_Townhall_Site_1,CS-51,Old_Dhaka_Lalbagh_Site_1,14581.9,369.96641661393016,545.5895924795998,Mohammadpur_Townhall,Old_Dhaka_Lalbagh,routed
CS-35,Mohammadpur_Townhall_Site_1,CS-52,Old_Dhaka_Lalbagh_Site_2,14581.9,369.96641661393016,209.0234518928121,Mohammadpur_Townhall,Old_Dhaka_Lalbagh,routed
CS-35,Mohammadpur_Townhall_Site_1,CS-53,Old_Dhaka_Sadarghat_Site_1,11854.3,369.96641661393016,232.38025140077238,Mohammadpur_Townhall,Old_Dhaka_Sadarghat,routed
CS-35,Mohammadpur_Townhall_Site_1,CS-54,Old_Dhaka_Sadarghat_Site_2,11854.3,369.96641661393016,465.183542888821,Mohammadpur_Townhall,Old_Dhaka_Sadarghat,routed
CS-35,Mohammadpur_Townhall_Site_1,CS-55,Sayedabad_Terminal_Site_1,10513.5,369.96641661393016,475.68383234599094,Mohammadpur_Townhall,Sayedabad_Terminal,routed
CS-35,Mohammadpur_Townhall_Site_1,CS-56,Sayedabad_Terminal_Site_2,10513.5,369.96641661393016,354.404933525487,Mohammadpur_Townhall,Sayedabad_Terminal,routed
CS-35,Mohammadpur_Townhall_Site_1,CS-57,Jatrabari_Flyover_Hub_Site_1,11603.9,369.96641661393016,358.58247775190324,Mohammadpur_Townhall,Jatrabari_Flyover_Hub,routed
CS-35,Mohammadpur_Townhall_Site_1,CS-58,Jatrabari_Flyover_Hub_Site_2,11603.9,369.96641661393016,310.18785958369136,Mohammadpur_Townhall,Jatrabari_Flyover_Hub,routed
CS-36,Mohammadpur_Townhall_Site_2,CS-01,Airport_Hub_Site_1,14422.6,532.4040986980325,387.56933574644125,Mohammadpur_Townhall,Airport_Hub,routed
CS-36,Mohammadpur_Townhall_Site_2,CS-02,Airport_Hub_Site_2,14422.6,532.4040986980325,506.34780845964383,Mohammadpur_Townhall,Airport_Hub,routed
CS-36,Mohammadpur_Townhall_Site_2,CS-03,Uttara_Sec3_Site_1,17216.3,532.4040986980325,443.31187101564313,Mohammadpur_Townhall,Uttara_Sec3,routed
CS-36,Mohammadpur_Townhall_Site_2,CS-04,Uttara_Sec3_Site_2,17216.3,532.4040986980325,131.83159473220599,Mohammadpur_Townhall,Uttara_Sec3,routed
CS-36,Mohammadpur_Townhall_Site_2,CS-05,Uttara_Sec11_Site_1,18321.0,532.4040986980325,521.1013425864372,Mohammadpur_Townhall,Uttara_Sec11,routed
CS-36,Mohammadpur_Townhall_Site_2,CS-06,Uttara_Sec11_Site_2,18321.0,532.4040986980325,444.3265930489434,Mohammadpur_Townhall,Uttara_Sec11,routed
CS-36,Mohammadpur_Townhall_Site_2,CS-07,Purbachal_300ft_Site_1,20497.5,532.4040986980325,491.45821785549737,Mohammadpur_Townhall,Purbachal_300ft,routed
CS-36,Mohammadpur_Townhall_Site_2,CS-08,Purbachal_300ft_Site_2,20497.5,532.4040986980325,486.0039816801295,Mohammadpur_Townhall,Purbachal_300ft,routed
CS-36,Mohammadpur_Townhall_Site_2,CS-09,Baridhara_Diplomatic_Site_1,11109.800000000001,532.4040986980325,480.90203532465125,Mohammadpur_Townhall,Baridhara_Diplomatic,routed
CS-36,Mohammadpur_Townhall_Site_2,CS-10,Baridhara_Diplomatic_Site_2,11109.800000000001,532.4040986980325,542.4794717225486,Mohammadpur_Townhall,Baridhara_Diplomatic,routed
CS-36,Mohammadpur_Townhall_Site_2,CS-11,Gulshan_2_Site_1,10163.7,532.4040986980325,492.9831332681502,Mohammadpur_Townhall,Gulshan_2,routed
CS-36,Mohammadpur_Townhall_Site_2,CS-12,Gulshan_2_Site_2,10163.7,532.4040986980325,259.1007612239219,Mohammadpur_Townhall,Gulshan_2,routed
CS-36,Mohammadpur_Townhall_Site_2,CS-13,Gulshan_1_Site_1,8763.0,532.4040986980325,557.8902441687196,Mohammadpur_Townhall,Gulshan_1,routed
CS-36,Mohammadpur_Townhall_Site_2,CS-14,Gulshan_1_Site_2,8441.6,532.4040986980325,425.1394136672309,Mohammadpur_Townhall,Badda_Pragati_Sarani,routed
CS-36,Mohammadpur_Townhall_Site_2,CS-15,Banani_11_Site_1,11269.300000000001,532.4040986980325,641.5582961789066,Mohammadpur_Townhall,Banani_11,routed
CS-36,Mohammadpur_Townhall_Site_2,CS-16,Banani_11_Site_2,11269.300000000001,532.4040986980325,487.73455572103404,Mohammadpur_Townhall,Banani_11,routed
CS-36,Mohammadpur_Townhall_Site_2,CS-17,Mohakhali_Terminal_Site_1,7171.700000000001,532.4040986980325,274.0141386731775,Mohammadpur_Townhall,Mohakhali_Terminal,routed
CS-36,Mohammadpur_Townhall_Site_2,CS-18,Mohakhali_Terminal_Site_2,7171.700000000001,532.4040986980325,667.4786340706916,Mohammadpur_Townhall,Mohakhali_Terminal,routed
CS-36,Mohammadpur_Townhall_Site_2,CS-19,Badda_Pragati_Sarani_Site_1,8441.6,532.4040986980325,376.98291121128,Mohammadpur_Townhall,Badda_Pragati_Sarani,routed
CS-36,Mohammadpur_Townhall_Site_2,CS-20,Badda_Pragati_Sarani_Site_2,8441.6,532.4040986980325,376.20287746857207,Mohammadpur_Townhall,Badda_Pragati_Sarani,routed
CS-36,Mohammadpur_Townhall_Site_2,CS-21,Hatirjheel_North_Site_1,6624.5,532.4040986980325,468.4064864979258,Mohammadpur_Townhall,Hatirjheel_North,routed
CS-36,Mohammadpur_Townhall_Site_2,CS-22,Hatirjheel_North_Site_2,6624.5,532.4040986980325,310.06191853650404,Mohammadpur_Townhall,Hatirjheel_North,routed
CS-36,Mohammadpur_Townhall_Site_2,CS-23,Tejgaon_Industrial_Site_1,5137.6,532.4040986980325,90.16608967047486,Mohammadpur_Townhall,Tejgaon_Industrial,routed
CS-36,Mohammadpur_Townhall_Site_2,CS-24,Tejgaon_Industrial_Site_2,5137.6,532.4040986980325,557.8967176144448,Mohammadpur_Townhall,Tejgaon_Industrial,routed
CS-36,Mohammadpur_Townhall_Site_2,CS-25,Kawran_Bazar_CBD_Site_1,6334.200000000001,532.4040986980325,369.97026595080973,Mohammadpur_Townhall,Kawran_Bazar_CBD,routed
CS-36,Mohammadpur_Townhall_Site_2,CS-26,Kawran_Bazar_CBD_Site_2,6334.200000000001,532.4040986980325,491.0807189387636,Mohammadpur_Townhall,Kawran_Bazar_CBD,routed
CS-36,Mohammadpur_Townhall_Site_2,CS-27,Farmgate_Hub_Site_1,4053.8,532.4040986980325,456.4519527664829,Mohammadpur_Townhall,Farmgate_Hub,routed
CS-36,Mohammadpur_Townhall_Site_2,CS-28,Farmgate_Hub_Site_2,4053.8,532.4040986980325,537.7862263087482,Mohammadpur_Townhall,Farmgate_Hub,routed
CS-36,Mohammadpur_Townhall_Site_2,CS-29,Dhanmondi_27_Site_1,2600.6,532.4040986980325,120.8257549786046,Mohammadpur_Townhall,Dhanmondi_27,routed
CS-36,Mohammadpur_Townhall_Site_2,CS-30,Dhanmondi_27_Site_2,2600.6,532.4040986980325,475.39463107740454,Mohammadpur_Townhall,Dhanmondi_27,routed
CS-36,Mohammadpur_Townhall_Site_2,CS-31,Dhanmondi_8A_Site_1,1944.5,532.4040986980325,616.0715403667175,Mohammadpur_Townhall,Dhanmondi_8A,routed
CS-36,Mohammadpur_Townhall_Site_2,CS-32,Dhanmondi_8A_Site_2,1944.5,532.4040986980325,411.70228464318944,Mohammadpur_Townhall,Dhanmondi_8A,routed
CS-36,Mohammadpur_Townhall_Site_2,CS-33,Shyamoli_Square_Site_1,5188.299999999999,532.4040986980325,470.0130841296087,Mohammadpur_Townhall,Shyamoli_Square,routed
CS-36,Mohammadpur_Townhall_Site_2,CS-34,Shyamoli_Square_Site_2,5188.299999999999,532.4040986980325,359.70204303201245,Mohammadpur_Townhall,Shyamoli_Square,routed
CS-36,Mohammadpur_Townhall_Site_2,CS-35,Mohammadpur_Townhall_Site_1,0.0,532.4040986980325,369.96641661393016,Mohammadpur_Townhall,Mohammadpur_Townhall,same_road_node
CS-36,Mohammadpur_Townhall_Site_2,CS-37,Mirpur_1_Site_1,7866.099999999999,532.4040986980325,443.88921478801524,Mohammadpur_Townhall,Mirpur_1,routed
CS-36,Mohammadpur_Townhall_Site_2,CS-38,Mirpur_1_Site_2,7866.099999999999,532.4040986980325,158.3147182012352,Mohammadpur_Townhall,Mirpur_1,routed
CS-36,Mohammadpur_Townhall_Site_2,CS-39,Mirpur_10_Circle_Site_1,9855.199999999999,532.4040986980325,88.58928452209923,Mohammadpur_Townhall,Mirpur_10_Circle,routed
CS-36,Mohammadpur_Townhall_Site_2,CS-40,Mirpur_10_Circle_Site_2,9855.199999999999,532.4040986980325,549.4653263343647,Mohammadpur_Townhall,Mirpur_10_Circle,routed
CS-36,Mohammadpur_Townhall_Site_2,CS-41,Mirpur_12_Site_1,11803.999999999998,532.4040986980325,536.4117389493025,Mohammadpur_Townhall,Mirpur_12,routed
CS-36,Mohammadpur_Townhall_Site_2,CS-42,Mirpur_12_Site_2,11803.999999999998,532.4040986980325,470.6049314333112,Mohammadpur_Townhall,Mirpur_12,routed
CS-36,Mohammadpur_Townhall_Site_2,CS-43,Gabtoli_Terminal_Site_1,7442.599999999999,532.4040986980325,419.1719209303812,Mohammadpur_Townhall,Gabtoli_Terminal,routed
CS-36,Mohammadpur_Townhall_Site_2,CS-44,Gabtoli_Terminal_Site_2,7442.599999999999,532.4040986980325,263.02616062219164,Mohammadpur_Townhall,Gabtoli_Terminal,routed
CS-36,Mohammadpur_Townhall_Site_2,CS-45,Shahbagh_Square_Site_1,6276.5,532.4040986980325,620.452455049284,Mohammadpur_Townhall,Shahbagh_Square,routed
CS-36,Mohammadpur_Townhall_Site_2,CS-46,Shahbagh_Square_Site_2,6276.5,532.4040986980325,149.4116807350283,Mohammadpur_Townhall,Shahbagh_Square,routed
CS-36,Mohammadpur_Townhall_Site_2,CS-47,Motijheel_CBD_Site_1,8617.5,532.4040986980325,154.02022873663583,Mohammadpur_Townhall,Motijheel_CBD,routed
CS-36,Mohammadpur_Townhall_Site_2,CS-48,Motijheel_CBD_Site_2,8617.5,532.4040986980325,523.372989683262,Mohammadpur_Townhall,Motijheel_CBD,routed
CS-36,Mohammadpur_Townhall_Site_2,CS-49,Kamalapur_Railway_Site_1,9310.4,532.4040986980325,268.36694973094154,Mohammadpur_Townhall,Kamalapur_Railway,routed
CS-36,Mohammadpur_Townhall_Site_2,CS-50,Kamalapur_Railway_Site_2,9310.4,532.4040986980325,183.61956766698643,Mohammadpur_Townhall,Kamalapur_Railway,routed
CS-36,Mohammadpur_Townhall_Site_2,CS-51,Old_Dhaka_Lalbagh_Site_1,14581.9,532.4040986980325,545.5895924795998,Mohammadpur_Townhall,Old_Dhaka_Lalbagh,routed
CS-36,Mohammadpur_Townhall_Site_2,CS-52,Old_Dhaka_Lalbagh_Site_2,14581.9,532.4040986980325,209.0234518928121,Mohammadpur_Townhall,Old_Dhaka_Lalbagh,routed
CS-36,Mohammadpur_Townhall_Site_2,CS-53,Old_Dhaka_Sadarghat_Site_1,11854.3,532.4040986980325,232.38025140077238,Mohammadpur_Townhall,Old_Dhaka_Sadarghat,routed
CS-36,Mohammadpur_Townhall_Site_2,CS-54,Old_Dhaka_Sadarghat_Site_2,11854.3,532.4040986980325,465.183542888821,Mohammadpur_Townhall,Old_Dhaka_Sadarghat,routed
CS-36,Mohammadpur_Townhall_Site_2,CS-55,Sayedabad_Terminal_Site_1,10513.5,532.4040986980325,475.68383234599094,Mohammadpur_Townhall,Sayedabad_Terminal,routed
CS-36,Mohammadpur_Townhall_Site_2,CS-56,Sayedabad_Terminal_Site_2,10513.5,532.4040986980325,354.404933525487,Mohammadpur_Townhall,Sayedabad_Terminal,routed
CS-36,Mohammadpur_Townhall_Site_2,CS-57,Jatrabari_Flyover_Hub_Site_1,11603.9,532.4040986980325,358.58247775190324,Mohammadpur_Townhall,Jatrabari_Flyover_Hub,routed
CS-36,Mohammadpur_Townhall_Site_2,CS-58,Jatrabari_Flyover_Hub_Site_2,11603.9,532.4040986980325,310.18785958369136,Mohammadpur_Townhall,Jatrabari_Flyover_Hub,routed
CS-37,Mirpur_1_Site_1,CS-01,Airport_Hub_Site_1,13866.0,443.88921478801524,387.56933574644125,Mirpur_1,Airport_Hub,routed
CS-37,Mirpur_1_Site_1,CS-02,Airport_Hub_Site_2,13866.0,443.88921478801524,506.34780845964383,Mirpur_1,Airport_Hub,routed
CS-37,Mirpur_1_Site_1,CS-03,Uttara_Sec3_Site_1,16659.7,443.88921478801524,443.31187101564313,Mirpur_1,Uttara_Sec3,routed
CS-37,Mirpur_1_Site_1,CS-04,Uttara_Sec3_Site_2,16659.7,443.88921478801524,131.83159473220599,Mirpur_1,Uttara_Sec3,routed
CS-37,Mirpur_1_Site_1,CS-05,Uttara_Sec11_Site_1,17764.4,443.88921478801524,521.1013425864372,Mirpur_1,Uttara_Sec11,routed
CS-37,Mirpur_1_Site_1,CS-06,Uttara_Sec11_Site_2,17764.4,443.88921478801524,444.3265930489434,Mirpur_1,Uttara_Sec11,routed
CS-37,Mirpur_1_Site_1,CS-07,Purbachal_300ft_Site_1,19940.9,443.88921478801524,491.45821785549737,Mirpur_1,Purbachal_300ft,routed
CS-37,Mirpur_1_Site_1,CS-08,Purbachal_300ft_Site_2,19940.9,443.88921478801524,486.0039816801295,Mirpur_1,Purbachal_300ft,routed
CS-37,Mirpur_1_Site_1,CS-09,Baridhara_Diplomatic_Site_1,10553.2,443.88921478801524,480.90203532465125,Mirpur_1,Baridhara_Diplomatic,routed
CS-37,Mirpur_1_Site_1,CS-10,Baridhara_Diplomatic_Site_2,10553.2,443.88921478801524,542.4794717225486,Mirpur_1,Baridhara_Diplomatic,routed
CS-37,Mirpur_1_Site_1,CS-11,Gulshan_2_Site_1,9607.1,443.88921478801524,492.9831332681502,Mirpur_1,Gulshan_2,routed
CS-37,Mirpur_1_Site_1,CS-12,Gulshan_2_Site_2,9607.1,443.88921478801524,259.1007612239219,Mirpur_1,Gulshan_2,routed
CS-37,Mirpur_1_Site_1,CS-13,Gulshan_1_Site_1,8206.4,443.88921478801524,557.8902441687196,Mirpur_1,Gulshan_1,routed
CS-37,Mirpur_1_Site_1,CS-14,Gulshan_1_Site_2,9217.5,443.88921478801524,425.1394136672309,Mirpur_1,Badda_Pragati_Sarani,routed
CS-37,Mirpur_1_Site_1,CS-15,Banani_11_Site_1,10712.7,443.88921478801524,641.5582961789066,Mirpur_1,Banani_11,routed
CS-37,Mirpur_1_Site_1,CS-16,Banani_11_Site_2,10712.7,443.88921478801524,487.73455572103404,Mirpur_1,Banani_11,routed
CS-37,Mirpur_1_Site_1,CS-17,Mohakhali_Terminal_Site_1,6615.1,443.88921478801524,274.0141386731775,Mirpur_1,Mohakhali_Terminal,routed
CS-37,Mirpur_1_Site_1,CS-18,Mohakhali_Terminal_Site_2,6615.1,443.88921478801524,667.4786340706916,Mirpur_1,Mohakhali_Terminal,routed
CS-37,Mirpur_1_Site_1,CS-19,Badda_Pragati_Sarani_Site_1,9217.5,443.88921478801524,376.98291121128,Mirpur_1,Badda_Pragati_Sarani,routed
CS-37,Mirpur_1_Site_1,CS-20,Badda_Pragati_Sarani_Site_2,9217.5,443.88921478801524,376.20287746857207,Mirpur_1,Badda_Pragati_Sarani,routed
CS-37,Mirpur_1_Site_1,CS-21,Hatirjheel_North_Site_1,9289.4,443.88921478801524,468.4064864979258,Mirpur_1,Hatirjheel_North,routed
CS-37,Mirpur_1_Site_1,CS-22,Hatirjheel_North_Site_2,9289.4,443.88921478801524,310.06191853650404,Mirpur_1,Hatirjheel_North,routed
CS-37,Mirpur_1_Site_1,CS-23,Tejgaon_Industrial_Site_1,7802.5,443.88921478801524,90.16608967047486,Mirpur_1,Tejgaon_Industrial,routed
CS-37,Mirpur_1_Site_1,CS-24,Tejgaon_Industrial_Site_2,7802.5,443.88921478801524,557.8967176144448,Mirpur_1,Tejgaon_Industrial,routed
CS-37,Mirpur_1_Site_1,CS-25,Kawran_Bazar_CBD_Site_1,8999.1,443.88921478801524,369.97026595080973,Mirpur_1,Kawran_Bazar_CBD,routed
CS-37,Mirpur_1_Site_1,CS-26,Kawran_Bazar_CBD_Site_2,8999.1,443.88921478801524,491.0807189387636,Mirpur_1,Kawran_Bazar_CBD,routed
CS-37,Mirpur_1_Site_1,CS-27,Farmgate_Hub_Site_1,6718.7,443.88921478801524,456.4519527664829,Mirpur_1,Farmgate_Hub,routed
CS-37,Mirpur_1_Site_1,CS-28,Farmgate_Hub_Site_2,6718.7,443.88921478801524,537.7862263087482,Mirpur_1,Farmgate_Hub,routed
CS-37,Mirpur_1_Site_1,CS-29,Dhanmondi_27_Site_1,5265.5,443.88921478801524,120.8257549786046,Mirpur_1,Dhanmondi_27,routed
CS-37,Mirpur_1_Site_1,CS-30,Dhanmondi_27_Site_2,5265.5,443.88921478801524,475.39463107740454,Mirpur_1,Dhanmondi_27,routed
CS-37,Mirpur_1_Site_1,CS-31,Dhanmondi_8A_Site_1,5921.6,443.88921478801524,616.0715403667175,Mirpur_1,Dhanmondi_8A,routed
CS-37,Mirpur_1_Site_1,CS-32,Dhanmondi_8A_Site_2,5921.6,443.88921478801524,411.70228464318944,Mirpur_1,Dhanmondi_8A,routed
CS-37,Mirpur_1_Site_1,CS-33,Shyamoli_Square_Site_1,2677.8,443.88921478801524,470.0130841296087,Mirpur_1,Shyamoli_Square,routed
CS-37,Mirpur_1_Site_1,CS-34,Shyamoli_Square_Site_2,2677.8,443.88921478801524,359.70204303201245,Mirpur_1,Shyamoli_Square,routed
CS-37,Mirpur_1_Site_1,CS-35,Mohammadpur_Townhall_Site_1,7866.1,443.88921478801524,369.96641661393016,Mirpur_1,Mohammadpur_Townhall,routed
CS-37,Mirpur_1_Site_1,CS-36,Mohammadpur_Townhall_Site_2,7866.1,443.88921478801524,532.4040986980325,Mirpur_1,Mohammadpur_Townhall,routed
CS-37,Mirpur_1_Site_1,CS-38,Mirpur_1_Site_2,0.0,443.88921478801524,158.3147182012352,Mirpur_1,Mirpur_1,same_road_node
CS-37,Mirpur_1_Site_1,CS-39,Mirpur_10_Circle_Site_1,1989.1,443.88921478801524,88.58928452209923,Mirpur_1,Mirpur_10_Circle,routed
CS-37,Mirpur_1_Site_1,CS-40,Mirpur_10_Circle_Site_2,1989.1,443.88921478801524,549.4653263343647,Mirpur_1,Mirpur_10_Circle,routed
CS-37,Mirpur_1_Site_1,CS-41,Mirpur_12_Site_1,3937.8999999999996,443.88921478801524,536.4117389493025,Mirpur_1,Mirpur_12,routed
CS-37,Mirpur_1_Site_1,CS-42,Mirpur_12_Site_2,3937.8999999999996,443.88921478801524,470.6049314333112,Mirpur_1,Mirpur_12,routed
CS-37,Mirpur_1_Site_1,CS-43,Gabtoli_Terminal_Site_1,4932.1,443.88921478801524,419.1719209303812,Mirpur_1,Gabtoli_Terminal,routed
CS-37,Mirpur_1_Site_1,CS-44,Gabtoli_Terminal_Site_2,4932.1,443.88921478801524,263.02616062219164,Mirpur_1,Gabtoli_Terminal,routed
CS-37,Mirpur_1_Site_1,CS-45,Shahbagh_Square_Site_1,8941.4,443.88921478801524,620.452455049284,Mirpur_1,Shahbagh_Square,routed
CS-37,Mirpur_1_Site_1,CS-46,Shahbagh_Square_Site_2,8941.4,443.88921478801524,149.4116807350283,Mirpur_1,Shahbagh_Square,routed
CS-37,Mirpur_1_Site_1,CS-47,Motijheel_CBD_Site_1,11282.4,443.88921478801524,154.02022873663583,Mirpur_1,Motijheel_CBD,routed
CS-37,Mirpur_1_Site_1,CS-48,Motijheel_CBD_Site_2,11282.4,443.88921478801524,523.372989683262,Mirpur_1,Motijheel_CBD,routed
CS-37,Mirpur_1_Site_1,CS-49,Kamalapur_Railway_Site_1,11975.3,443.88921478801524,268.36694973094154,Mirpur_1,Kamalapur_Railway,routed
CS-37,Mirpur_1_Site_1,CS-50,Kamalapur_Railway_Site_2,11975.3,443.88921478801524,183.61956766698643,Mirpur_1,Kamalapur_Railway,routed
CS-37,Mirpur_1_Site_1,CS-51,Old_Dhaka_Lalbagh_Site_1,17246.8,443.88921478801524,545.5895924795998,Mirpur_1,Old_Dhaka_Lalbagh,routed
CS-37,Mirpur_1_Site_1,CS-52,Old_Dhaka_Lalbagh_Site_2,17246.8,443.88921478801524,209.0234518928121,Mirpur_1,Old_Dhaka_Lalbagh,routed
CS-37,Mirpur_1_Site_1,CS-53,Old_Dhaka_Sadarghat_Site_1,14519.2,443.88921478801524,232.38025140077238,Mirpur_1,Old_Dhaka_Sadarghat,routed
CS-37,Mirpur_1_Site_1,CS-54,Old_Dhaka_Sadarghat_Site_2,14519.2,443.88921478801524,465.183542888821,Mirpur_1,Old_Dhaka_Sadarghat,routed
CS-37,Mirpur_1_Site_1,CS-55,Sayedabad_Terminal_Site_1,13178.4,443.88921478801524,475.68383234599094,Mirpur_1,Sayedabad_Terminal,routed
CS-37,Mirpur_1_Site_1,CS-56,Sayedabad_Terminal_Site_2,13178.4,443.88921478801524,354.404933525487,Mirpur_1,Sayedabad_Terminal,routed
CS-37,Mirpur_1_Site_1,CS-57,Jatrabari_Flyover_Hub_Site_1,14268.8,443.88921478801524,358.58247775190324,Mirpur_1,Jatrabari_Flyover_Hub,routed
CS-37,Mirpur_1_Site_1,CS-58,Jatrabari_Flyover_Hub_Site_2,14268.8,443.88921478801524,310.18785958369136,Mirpur_1,Jatrabari_Flyover_Hub,routed
CS-38,Mirpur_1_Site_2,CS-01,Airport_Hub_Site_1,13866.0,158.3147182012352,387.56933574644125,Mirpur_1,Airport_Hub,routed
CS-38,Mirpur_1_Site_2,CS-02,Airport_Hub_Site_2,13866.0,158.3147182012352,506.34780845964383,Mirpur_1,Airport_Hub,routed
CS-38,Mirpur_1_Site_2,CS-03,Uttara_Sec3_Site_1,16659.7,158.3147182012352,443.31187101564313,Mirpur_1,Uttara_Sec3,routed
CS-38,Mirpur_1_Site_2,CS-04,Uttara_Sec3_Site_2,16659.7,158.3147182012352,131.83159473220599,Mirpur_1,Uttara_Sec3,routed
CS-38,Mirpur_1_Site_2,CS-05,Uttara_Sec11_Site_1,17764.4,158.3147182012352,521.1013425864372,Mirpur_1,Uttara_Sec11,routed
CS-38,Mirpur_1_Site_2,CS-06,Uttara_Sec11_Site_2,17764.4,158.3147182012352,444.3265930489434,Mirpur_1,Uttara_Sec11,routed
CS-38,Mirpur_1_Site_2,CS-07,Purbachal_300ft_Site_1,19940.9,158.3147182012352,491.45821785549737,Mirpur_1,Purbachal_300ft,routed
CS-38,Mirpur_1_Site_2,CS-08,Purbachal_300ft_Site_2,19940.9,158.3147182012352,486.0039816801295,Mirpur_1,Purbachal_300ft,routed
CS-38,Mirpur_1_Site_2,CS-09,Baridhara_Diplomatic_Site_1,10553.2,158.3147182012352,480.90203532465125,Mirpur_1,Baridhara_Diplomatic,routed
CS-38,Mirpur_1_Site_2,CS-10,Baridhara_Diplomatic_Site_2,10553.2,158.3147182012352,542.4794717225486,Mirpur_1,Baridhara_Diplomatic,routed
CS-38,Mirpur_1_Site_2,CS-11,Gulshan_2_Site_1,9607.1,158.3147182012352,492.9831332681502,Mirpur_1,Gulshan_2,routed
CS-38,Mirpur_1_Site_2,CS-12,Gulshan_2_Site_2,9607.1,158.3147182012352,259.1007612239219,Mirpur_1,Gulshan_2,routed
CS-38,Mirpur_1_Site_2,CS-13,Gulshan_1_Site_1,8206.4,158.3147182012352,557.8902441687196,Mirpur_1,Gulshan_1,routed
CS-38,Mirpur_1_Site_2,CS-14,Gulshan_1_Site_2,9217.5,158.3147182012352,425.1394136672309,Mirpur_1,Badda_Pragati_Sarani,routed
CS-38,Mirpur_1_Site_2,CS-15,Banani_11_Site_1,10712.7,158.3147182012352,641.5582961789066,Mirpur_1,Banani_11,routed
CS-38,Mirpur_1_Site_2,CS-16,Banani_11_Site_2,10712.7,158.3147182012352,487.73455572103404,Mirpur_1,Banani_11,routed
CS-38,Mirpur_1_Site_2,CS-17,Mohakhali_Terminal_Site_1,6615.1,158.3147182012352,274.0141386731775,Mirpur_1,Mohakhali_Terminal,routed
CS-38,Mirpur_1_Site_2,CS-18,Mohakhali_Terminal_Site_2,6615.1,158.3147182012352,667.4786340706916,Mirpur_1,Mohakhali_Terminal,routed
CS-38,Mirpur_1_Site_2,CS-19,Badda_Pragati_Sarani_Site_1,9217.5,158.3147182012352,376.98291121128,Mirpur_1,Badda_Pragati_Sarani,routed
CS-38,Mirpur_1_Site_2,CS-20,Badda_Pragati_Sarani_Site_2,9217.5,158.3147182012352,376.20287746857207,Mirpur_1,Badda_Pragati_Sarani,routed
CS-38,Mirpur_1_Site_2,CS-21,Hatirjheel_North_Site_1,9289.4,158.3147182012352,468.4064864979258,Mirpur_1,Hatirjheel_North,routed
CS-38,Mirpur_1_Site_2,CS-22,Hatirjheel_North_Site_2,9289.4,158.3147182012352,310.06191853650404,Mirpur_1,Hatirjheel_North,routed
CS-38,Mirpur_1_Site_2,CS-23,Tejgaon_Industrial_Site_1,7802.5,158.3147182012352,90.16608967047486,Mirpur_1,Tejgaon_Industrial,routed
CS-38,Mirpur_1_Site_2,CS-24,Tejgaon_Industrial_Site_2,7802.5,158.3147182012352,557.8967176144448,Mirpur_1,Tejgaon_Industrial,routed
CS-38,Mirpur_1_Site_2,CS-25,Kawran_Bazar_CBD_Site_1,8999.1,158.3147182012352,369.97026595080973,Mirpur_1,Kawran_Bazar_CBD,routed
CS-38,Mirpur_1_Site_2,CS-26,Kawran_Bazar_CBD_Site_2,8999.1,158.3147182012352,491.0807189387636,Mirpur_1,Kawran_Bazar_CBD,routed
CS-38,Mirpur_1_Site_2,CS-27,Farmgate_Hub_Site_1,6718.7,158.3147182012352,456.4519527664829,Mirpur_1,Farmgate_Hub,routed
CS-38,Mirpur_1_Site_2,CS-28,Farmgate_Hub_Site_2,6718.7,158.3147182012352,537.7862263087482,Mirpur_1,Farmgate_Hub,routed
CS-38,Mirpur_1_Site_2,CS-29,Dhanmondi_27_Site_1,5265.5,158.3147182012352,120.8257549786046,Mirpur_1,Dhanmondi_27,routed
CS-38,Mirpur_1_Site_2,CS-30,Dhanmondi_27_Site_2,5265.5,158.3147182012352,475.39463107740454,Mirpur_1,Dhanmondi_27,routed
CS-38,Mirpur_1_Site_2,CS-31,Dhanmondi_8A_Site_1,5921.6,158.3147182012352,616.0715403667175,Mirpur_1,Dhanmondi_8A,routed
CS-38,Mirpur_1_Site_2,CS-32,Dhanmondi_8A_Site_2,5921.6,158.3147182012352,411.70228464318944,Mirpur_1,Dhanmondi_8A,routed
CS-38,Mirpur_1_Site_2,CS-33,Shyamoli_Square_Site_1,2677.8,158.3147182012352,470.0130841296087,Mirpur_1,Shyamoli_Square,routed
CS-38,Mirpur_1_Site_2,CS-34,Shyamoli_Square_Site_2,2677.8,158.3147182012352,359.70204303201245,Mirpur_1,Shyamoli_Square,routed
CS-38,Mirpur_1_Site_2,CS-35,Mohammadpur_Townhall_Site_1,7866.1,158.3147182012352,369.96641661393016,Mirpur_1,Mohammadpur_Townhall,routed
CS-38,Mirpur_1_Site_2,CS-36,Mohammadpur_Townhall_Site_2,7866.1,158.3147182012352,532.4040986980325,Mirpur_1,Mohammadpur_Townhall,routed
CS-38,Mirpur_1_Site_2,CS-37,Mirpur_1_Site_1,0.0,158.3147182012352,443.88921478801524,Mirpur_1,Mirpur_1,same_road_node
CS-38,Mirpur_1_Site_2,CS-39,Mirpur_10_Circle_Site_1,1989.1,158.3147182012352,88.58928452209923,Mirpur_1,Mirpur_10_Circle,routed
CS-38,Mirpur_1_Site_2,CS-40,Mirpur_10_Circle_Site_2,1989.1,158.3147182012352,549.4653263343647,Mirpur_1,Mirpur_10_Circle,routed
CS-38,Mirpur_1_Site_2,CS-41,Mirpur_12_Site_1,3937.8999999999996,158.3147182012352,536.4117389493025,Mirpur_1,Mirpur_12,routed
CS-38,Mirpur_1_Site_2,CS-42,Mirpur_12_Site_2,3937.8999999999996,158.3147182012352,470.6049314333112,Mirpur_1,Mirpur_12,routed
CS-38,Mirpur_1_Site_2,CS-43,Gabtoli_Terminal_Site_1,4932.1,158.3147182012352,419.1719209303812,Mirpur_1,Gabtoli_Terminal,routed
CS-38,Mirpur_1_Site_2,CS-44,Gabtoli_Terminal_Site_2,4932.1,158.3147182012352,263.02616062219164,Mirpur_1,Gabtoli_Terminal,routed
CS-38,Mirpur_1_Site_2,CS-45,Shahbagh_Square_Site_1,8941.4,158.3147182012352,620.452455049284,Mirpur_1,Shahbagh_Square,routed
CS-38,Mirpur_1_Site_2,CS-46,Shahbagh_Square_Site_2,8941.4,158.3147182012352,149.4116807350283,Mirpur_1,Shahbagh_Square,routed
CS-38,Mirpur_1_Site_2,CS-47,Motijheel_CBD_Site_1,11282.4,158.3147182012352,154.02022873663583,Mirpur_1,Motijheel_CBD,routed
CS-38,Mirpur_1_Site_2,CS-48,Motijheel_CBD_Site_2,11282.4,158.3147182012352,523.372989683262,Mirpur_1,Motijheel_CBD,routed
CS-38,Mirpur_1_Site_2,CS-49,Kamalapur_Railway_Site_1,11975.3,158.3147182012352,268.36694973094154,Mirpur_1,Kamalapur_Railway,routed
CS-38,Mirpur_1_Site_2,CS-50,Kamalapur_Railway_Site_2,11975.3,158.3147182012352,183.61956766698643,Mirpur_1,Kamalapur_Railway,routed
CS-38,Mirpur_1_Site_2,CS-51,Old_Dhaka_Lalbagh_Site_1,17246.8,158.3147182012352,545.5895924795998,Mirpur_1,Old_Dhaka_Lalbagh,routed
CS-38,Mirpur_1_Site_2,CS-52,Old_Dhaka_Lalbagh_Site_2,17246.8,158.3147182012352,209.0234518928121,Mirpur_1,Old_Dhaka_Lalbagh,routed
CS-38,Mirpur_1_Site_2,CS-53,Old_Dhaka_Sadarghat_Site_1,14519.2,158.3147182012352,232.38025140077238,Mirpur_1,Old_Dhaka_Sadarghat,routed
CS-38,Mirpur_1_Site_2,CS-54,Old_Dhaka_Sadarghat_Site_2,14519.2,158.3147182012352,465.183542888821,Mirpur_1,Old_Dhaka_Sadarghat,routed
CS-38,Mirpur_1_Site_2,CS-55,Sayedabad_Terminal_Site_1,13178.4,158.3147182012352,475.68383234599094,Mirpur_1,Sayedabad_Terminal,routed
CS-38,Mirpur_1_Site_2,CS-56,Sayedabad_Terminal_Site_2,13178.4,158.3147182012352,354.404933525487,Mirpur_1,Sayedabad_Terminal,routed
CS-38,Mirpur_1_Site_2,CS-57,Jatrabari_Flyover_Hub_Site_1,14268.8,158.3147182012352,358.58247775190324,Mirpur_1,Jatrabari_Flyover_Hub,routed
CS-38,Mirpur_1_Site_2,CS-58,Jatrabari_Flyover_Hub_Site_2,14268.8,158.3147182012352,310.18785958369136,Mirpur_1,Jatrabari_Flyover_Hub,routed
CS-39,Mirpur_10_Circle_Site_1,CS-01,Airport_Hub_Site_1,11876.9,88.58928452209923,387.56933574644125,Mirpur_10_Circle,Airport_Hub,routed
CS-39,Mirpur_10_Circle_Site_1,CS-02,Airport_Hub_Site_2,11876.9,88.58928452209923,506.34780845964383,Mirpur_10_Circle,Airport_Hub,routed
CS-39,Mirpur_10_Circle_Site_1,CS-03,Uttara_Sec3_Site_1,14670.599999999999,88.58928452209923,443.31187101564313,Mirpur_10_Circle,Uttara_Sec3,routed
CS-39,Mirpur_10_Circle_Site_1,CS-04,Uttara_Sec3_Site_2,14670.599999999999,88.58928452209923,131.83159473220599,Mirpur_10_Circle,Uttara_Sec3,routed
CS-39,Mirpur_10_Circle_Site_1,CS-05,Uttara_Sec11_Site_1,15775.3,88.58928452209923,521.1013425864372,Mirpur_10_Circle,Uttara_Sec11,routed
CS-39,Mirpur_10_Circle_Site_1,CS-06,Uttara_Sec11_Site_2,15775.3,88.58928452209923,444.3265930489434,Mirpur_10_Circle,Uttara_Sec11,routed
CS-39,Mirpur_10_Circle_Site_1,CS-07,Purbachal_300ft_Site_1,17951.8,88.58928452209923,491.45821785549737,Mirpur_10_Circle,Purbachal_300ft,routed
CS-39,Mirpur_10_Circle_Site_1,CS-08,Purbachal_300ft_Site_2,17951.8,88.58928452209923,486.0039816801295,Mirpur_10_Circle,Purbachal_300ft,routed
CS-39,Mirpur_10_Circle_Site_1,CS-09,Baridhara_Diplomatic_Site_1,8564.1,88.58928452209923,480.90203532465125,Mirpur_10_Circle,Baridhara_Diplomatic,routed
CS-39,Mirpur_10_Circle_Site_1,CS-10,Baridhara_Diplomatic_Site_2,8564.1,88.58928452209923,542.4794717225486,Mirpur_10_Circle,Baridhara_Diplomatic,routed
CS-39,Mirpur_10_Circle_Site_1,CS-11,Gulshan_2_Site_1,7618.0,88.58928452209923,492.9831332681502,Mirpur_10_Circle,Gulshan_2,routed
CS-39,Mirpur_10_Circle_Site_1,CS-12,Gulshan_2_Site_2,7618.0,88.58928452209923,259.1007612239219,Mirpur_10_Circle,Gulshan_2,routed
CS-39,Mirpur_10_Circle_Site_1,CS-13,Gulshan_1_Site_1,6217.3,88.58928452209923,557.8902441687196,Mirpur_10_Circle,Gulshan_1,routed
CS-39,Mirpur_10_Circle_Site_1,CS-14,Gulshan_1_Site_2,7228.400000000001,88.58928452209923,425.1394136672309,Mirpur_10_Circle,Badda_Pragati_Sarani,routed
CS-39,Mirpur_10_Circle_Site_1,CS-15,Banani_11_Site_1,8723.6,88.58928452209923,641.5582961789066,Mirpur_10_Circle,Banani_11,routed
CS-39,Mirpur_10_Circle_Site_1,CS-16,Banani_11_Site_2,8723.6,88.58928452209923,487.73455572103404,Mirpur_10_Circle,Banani_11,routed
CS-39,Mirpur_10_Circle_Site_1,CS-17,Mohakhali_Terminal_Site_1,4626.0,88.58928452209923,274.0141386731775,Mirpur_10_Circle,Mohakhali_Terminal,routed
CS-39,Mirpur_10_Circle_Site_1,CS-18,Mohakhali_Terminal_Site_2,4626.0,88.58928452209923,667.4786340706916,Mirpur_10_Circle,Mohakhali_Terminal,routed
CS-39,Mirpur_10_Circle_Site_1,CS-19,Badda_Pragati_Sarani_Site_1,7228.400000000001,88.58928452209923,376.98291121128,Mirpur_10_Circle,Badda_Pragati_Sarani,routed
CS-39,Mirpur_10_Circle_Site_1,CS-20,Badda_Pragati_Sarani_Site_2,7228.400000000001,88.58928452209923,376.20287746857207,Mirpur_10_Circle,Badda_Pragati_Sarani,routed
CS-39,Mirpur_10_Circle_Site_1,CS-21,Hatirjheel_North_Site_1,8147.0,88.58928452209923,468.4064864979258,Mirpur_10_Circle,Hatirjheel_North,routed
CS-39,Mirpur_10_Circle_Site_1,CS-22,Hatirjheel_North_Site_2,8147.0,88.58928452209923,310.06191853650404,Mirpur_10_Circle,Hatirjheel_North,routed
CS-39,Mirpur_10_Circle_Site_1,CS-23,Tejgaon_Industrial_Site_1,6660.1,88.58928452209923,90.16608967047486,Mirpur_10_Circle,Tejgaon_Industrial,routed
CS-39,Mirpur_10_Circle_Site_1,CS-24,Tejgaon_Industrial_Site_2,6660.1,88.58928452209923,557.8967176144448,Mirpur_10_Circle,Tejgaon_Industrial,routed
CS-39,Mirpur_10_Circle_Site_1,CS-25,Kawran_Bazar_CBD_Site_1,7856.700000000001,88.58928452209923,369.97026595080973,Mirpur_10_Circle,Kawran_Bazar_CBD,routed
CS-39,Mirpur_10_Circle_Site_1,CS-26,Kawran_Bazar_CBD_Site_2,7856.700000000001,88.58928452209923,491.0807189387636,Mirpur_10_Circle,Kawran_Bazar_CBD,routed
CS-39,Mirpur_10_Circle_Site_1,CS-27,Farmgate_Hub_Site_1,7743.900000000001,88.58928452209923,456.4519527664829,Mirpur_10_Circle,Farmgate_Hub,routed
CS-39,Mirpur_10_Circle_Site_1,CS-28,Farmgate_Hub_Site_2,7743.900000000001,88.58928452209923,537.7862263087482,Mirpur_10_Circle,Farmgate_Hub,routed
CS-39,Mirpur_10_Circle_Site_1,CS-29,Dhanmondi_27_Site_1,7254.599999999999,88.58928452209923,120.8257549786046,Mirpur_10_Circle,Dhanmondi_27,routed
CS-39,Mirpur_10_Circle_Site_1,CS-30,Dhanmondi_27_Site_2,7254.599999999999,88.58928452209923,475.39463107740454,Mirpur_10_Circle,Dhanmondi_27,routed
CS-39,Mirpur_10_Circle_Site_1,CS-31,Dhanmondi_8A_Site_1,7910.7,88.58928452209923,616.0715403667175,Mirpur_10_Circle,Dhanmondi_8A,routed
CS-39,Mirpur_10_Circle_Site_1,CS-32,Dhanmondi_8A_Site_2,7910.7,88.58928452209923,411.70228464318944,Mirpur_10_Circle,Dhanmondi_8A,routed
CS-39,Mirpur_10_Circle_Site_1,CS-33,Shyamoli_Square_Site_1,4666.9,88.58928452209923,470.0130841296087,Mirpur_10_Circle,Shyamoli_Square,routed
CS-39,Mirpur_10_Circle_Site_1,CS-34,Shyamoli_Square_Site_2,4666.9,88.58928452209923,359.70204303201245,Mirpur_10_Circle,Shyamoli_Square,routed
CS-39,Mirpur_10_Circle_Site_1,CS-35,Mohammadpur_Townhall_Site_1,9855.2,88.58928452209923,369.96641661393016,Mirpur_10_Circle,Mohammadpur_Townhall,routed
CS-39,Mirpur_10_Circle_Site_1,CS-36,Mohammadpur_Townhall_Site_2,9855.2,88.58928452209923,532.4040986980325,Mirpur_10_Circle,Mohammadpur_Townhall,routed
CS-39,Mirpur_10_Circle_Site_1,CS-37,Mirpur_1_Site_1,1989.1,88.58928452209923,443.88921478801524,Mirpur_10_Circle,Mirpur_1,routed
CS-39,Mirpur_10_Circle_Site_1,CS-38,Mirpur_1_Site_2,1989.1,88.58928452209923,158.3147182012352,Mirpur_10_Circle,Mirpur_1,routed
CS-39,Mirpur_10_Circle_Site_1,CS-40,Mirpur_10_Circle_Site_2,0.0,88.58928452209923,549.4653263343647,Mirpur_10_Circle,Mirpur_10_Circle,same_road_node
CS-39,Mirpur_10_Circle_Site_1,CS-41,Mirpur_12_Site_1,1948.8,88.58928452209923,536.4117389493025,Mirpur_10_Circle,Mirpur_12,routed
CS-39,Mirpur_10_Circle_Site_1,CS-42,Mirpur_12_Site_2,1948.8,88.58928452209923,470.6049314333112,Mirpur_10_Circle,Mirpur_12,routed
CS-39,Mirpur_10_Circle_Site_1,CS-43,Gabtoli_Terminal_Site_1,6921.2,88.58928452209923,419.1719209303812,Mirpur_10_Circle,Gabtoli_Terminal,routed
CS-39,Mirpur_10_Circle_Site_1,CS-44,Gabtoli_Terminal_Site_2,6921.2,88.58928452209923,263.02616062219164,Mirpur_10_Circle,Gabtoli_Terminal,routed
CS-39,Mirpur_10_Circle_Site_1,CS-45,Shahbagh_Square_Site_1,9966.6,88.58928452209923,620.452455049284,Mirpur_10_Circle,Shahbagh_Square,routed
CS-39,Mirpur_10_Circle_Site_1,CS-46,Shahbagh_Square_Site_2,9966.6,88.58928452209923,149.4116807350283,Mirpur_10_Circle,Shahbagh_Square,routed
CS-39,Mirpur_10_Circle_Site_1,CS-47,Motijheel_CBD_Site_1,12307.6,88.58928452209923,154.02022873663583,Mirpur_10_Circle,Motijheel_CBD,routed
CS-39,Mirpur_10_Circle_Site_1,CS-48,Motijheel_CBD_Site_2,12307.6,88.58928452209923,523.372989683262,Mirpur_10_Circle,Motijheel_CBD,routed
CS-39,Mirpur_10_Circle_Site_1,CS-49,Kamalapur_Railway_Site_1,13000.5,88.58928452209923,268.36694973094154,Mirpur_10_Circle,Kamalapur_Railway,routed
CS-39,Mirpur_10_Circle_Site_1,CS-50,Kamalapur_Railway_Site_2,13000.5,88.58928452209923,183.61956766698643,Mirpur_10_Circle,Kamalapur_Railway,routed
CS-39,Mirpur_10_Circle_Site_1,CS-51,Old_Dhaka_Lalbagh_Site_1,18272.0,88.58928452209923,545.5895924795998,Mirpur_10_Circle,Old_Dhaka_Lalbagh,routed
CS-39,Mirpur_10_Circle_Site_1,CS-52,Old_Dhaka_Lalbagh_Site_2,18272.0,88.58928452209923,209.0234518928121,Mirpur_10_Circle,Old_Dhaka_Lalbagh,routed
CS-39,Mirpur_10_Circle_Site_1,CS-53,Old_Dhaka_Sadarghat_Site_1,15544.400000000001,88.58928452209923,232.38025140077238,Mirpur_10_Circle,Old_Dhaka_Sadarghat,routed
CS-39,Mirpur_10_Circle_Site_1,CS-54,Old_Dhaka_Sadarghat_Site_2,15544.400000000001,88.58928452209923,465.183542888821,Mirpur_10_Circle,Old_Dhaka_Sadarghat,routed
CS-39,Mirpur_10_Circle_Site_1,CS-55,Sayedabad_Terminal_Site_1,14203.6,88.58928452209923,475.68383234599094,Mirpur_10_Circle,Sayedabad_Terminal,routed
CS-39,Mirpur_10_Circle_Site_1,CS-56,Sayedabad_Terminal_Site_2,14203.6,88.58928452209923,354.404933525487,Mirpur_10_Circle,Sayedabad_Terminal,routed
CS-39,Mirpur_10_Circle_Site_1,CS-57,Jatrabari_Flyover_Hub_Site_1,15294.0,88.58928452209923,358.58247775190324,Mirpur_10_Circle,Jatrabari_Flyover_Hub,routed
CS-39,Mirpur_10_Circle_Site_1,CS-58,Jatrabari_Flyover_Hub_Site_2,15294.0,88.58928452209923,310.18785958369136,Mirpur_10_Circle,Jatrabari_Flyover_Hub,routed
CS-40,Mirpur_10_Circle_Site_2,CS-01,Airport_Hub_Site_1,11876.9,549.4653263343647,387.56933574644125,Mirpur_10_Circle,Airport_Hub,routed
CS-40,Mirpur_10_Circle_Site_2,CS-02,Airport_Hub_Site_2,11876.9,549.4653263343647,506.34780845964383,Mirpur_10_Circle,Airport_Hub,routed
CS-40,Mirpur_10_Circle_Site_2,CS-03,Uttara_Sec3_Site_1,14670.599999999999,549.4653263343647,443.31187101564313,Mirpur_10_Circle,Uttara_Sec3,routed
CS-40,Mirpur_10_Circle_Site_2,CS-04,Uttara_Sec3_Site_2,14670.599999999999,549.4653263343647,131.83159473220599,Mirpur_10_Circle,Uttara_Sec3,routed
CS-40,Mirpur_10_Circle_Site_2,CS-05,Uttara_Sec11_Site_1,15775.3,549.4653263343647,521.1013425864372,Mirpur_10_Circle,Uttara_Sec11,routed
CS-40,Mirpur_10_Circle_Site_2,CS-06,Uttara_Sec11_Site_2,15775.3,549.4653263343647,444.3265930489434,Mirpur_10_Circle,Uttara_Sec11,routed
CS-40,Mirpur_10_Circle_Site_2,CS-07,Purbachal_300ft_Site_1,17951.8,549.4653263343647,491.45821785549737,Mirpur_10_Circle,Purbachal_300ft,routed
CS-40,Mirpur_10_Circle_Site_2,CS-08,Purbachal_300ft_Site_2,17951.8,549.4653263343647,486.0039816801295,Mirpur_10_Circle,Purbachal_300ft,routed
CS-40,Mirpur_10_Circle_Site_2,CS-09,Baridhara_Diplomatic_Site_1,8564.1,549.4653263343647,480.90203532465125,Mirpur_10_Circle,Baridhara_Diplomatic,routed
CS-40,Mirpur_10_Circle_Site_2,CS-10,Baridhara_Diplomatic_Site_2,8564.1,549.4653263343647,542.4794717225486,Mirpur_10_Circle,Baridhara_Diplomatic,routed
CS-40,Mirpur_10_Circle_Site_2,CS-11,Gulshan_2_Site_1,7618.0,549.4653263343647,492.9831332681502,Mirpur_10_Circle,Gulshan_2,routed
CS-40,Mirpur_10_Circle_Site_2,CS-12,Gulshan_2_Site_2,7618.0,549.4653263343647,259.1007612239219,Mirpur_10_Circle,Gulshan_2,routed
CS-40,Mirpur_10_Circle_Site_2,CS-13,Gulshan_1_Site_1,6217.3,549.4653263343647,557.8902441687196,Mirpur_10_Circle,Gulshan_1,routed
CS-40,Mirpur_10_Circle_Site_2,CS-14,Gulshan_1_Site_2,7228.400000000001,549.4653263343647,425.1394136672309,Mirpur_10_Circle,Badda_Pragati_Sarani,routed
CS-40,Mirpur_10_Circle_Site_2,CS-15,Banani_11_Site_1,8723.6,549.4653263343647,641.5582961789066,Mirpur_10_Circle,Banani_11,routed
CS-40,Mirpur_10_Circle_Site_2,CS-16,Banani_11_Site_2,8723.6,549.4653263343647,487.73455572103404,Mirpur_10_Circle,Banani_11,routed
CS-40,Mirpur_10_Circle_Site_2,CS-17,Mohakhali_Terminal_Site_1,4626.0,549.4653263343647,274.0141386731775,Mirpur_10_Circle,Mohakhali_Terminal,routed
CS-40,Mirpur_10_Circle_Site_2,CS-18,Mohakhali_Terminal_Site_2,4626.0,549.4653263343647,667.4786340706916,Mirpur_10_Circle,Mohakhali_Terminal,routed
CS-40,Mirpur_10_Circle_Site_2,CS-19,Badda_Pragati_Sarani_Site_1,7228.400000000001,549.4653263343647,376.98291121128,Mirpur_10_Circle,Badda_Pragati_Sarani,routed
CS-40,Mirpur_10_Circle_Site_2,CS-20,Badda_Pragati_Sarani_Site_2,7228.400000000001,549.4653263343647,376.20287746857207,Mirpur_10_Circle,Badda_Pragati_Sarani,routed
CS-40,Mirpur_10_Circle_Site_2,CS-21,Hatirjheel_North_Site_1,8147.0,549.4653263343647,468.4064864979258,Mirpur_10_Circle,Hatirjheel_North,routed
CS-40,Mirpur_10_Circle_Site_2,CS-22,Hatirjheel_North_Site_2,8147.0,549.4653263343647,310.06191853650404,Mirpur_10_Circle,Hatirjheel_North,routed
CS-40,Mirpur_10_Circle_Site_2,CS-23,Tejgaon_Industrial_Site_1,6660.1,549.4653263343647,90.16608967047486,Mirpur_10_Circle,Tejgaon_Industrial,routed
CS-40,Mirpur_10_Circle_Site_2,CS-24,Tejgaon_Industrial_Site_2,6660.1,549.4653263343647,557.8967176144448,Mirpur_10_Circle,Tejgaon_Industrial,routed
CS-40,Mirpur_10_Circle_Site_2,CS-25,Kawran_Bazar_CBD_Site_1,7856.700000000001,549.4653263343647,369.97026595080973,Mirpur_10_Circle,Kawran_Bazar_CBD,routed
CS-40,Mirpur_10_Circle_Site_2,CS-26,Kawran_Bazar_CBD_Site_2,7856.700000000001,549.4653263343647,491.0807189387636,Mirpur_10_Circle,Kawran_Bazar_CBD,routed
CS-40,Mirpur_10_Circle_Site_2,CS-27,Farmgate_Hub_Site_1,7743.900000000001,549.4653263343647,456.4519527664829,Mirpur_10_Circle,Farmgate_Hub,routed
CS-40,Mirpur_10_Circle_Site_2,CS-28,Farmgate_Hub_Site_2,7743.900000000001,549.4653263343647,537.7862263087482,Mirpur_10_Circle,Farmgate_Hub,routed
CS-40,Mirpur_10_Circle_Site_2,CS-29,Dhanmondi_27_Site_1,7254.599999999999,549.4653263343647,120.8257549786046,Mirpur_10_Circle,Dhanmondi_27,routed
CS-40,Mirpur_10_Circle_Site_2,CS-30,Dhanmondi_27_Site_2,7254.599999999999,549.4653263343647,475.39463107740454,Mirpur_10_Circle,Dhanmondi_27,routed
CS-40,Mirpur_10_Circle_Site_2,CS-31,Dhanmondi_8A_Site_1,7910.7,549.4653263343647,616.0715403667175,Mirpur_10_Circle,Dhanmondi_8A,routed
CS-40,Mirpur_10_Circle_Site_2,CS-32,Dhanmondi_8A_Site_2,7910.7,549.4653263343647,411.70228464318944,Mirpur_10_Circle,Dhanmondi_8A,routed
CS-40,Mirpur_10_Circle_Site_2,CS-33,Shyamoli_Square_Site_1,4666.9,549.4653263343647,470.0130841296087,Mirpur_10_Circle,Shyamoli_Square,routed
CS-40,Mirpur_10_Circle_Site_2,CS-34,Shyamoli_Square_Site_2,4666.9,549.4653263343647,359.70204303201245,Mirpur_10_Circle,Shyamoli_Square,routed
CS-40,Mirpur_10_Circle_Site_2,CS-35,Mohammadpur_Townhall_Site_1,9855.2,549.4653263343647,369.96641661393016,Mirpur_10_Circle,Mohammadpur_Townhall,routed
CS-40,Mirpur_10_Circle_Site_2,CS-36,Mohammadpur_Townhall_Site_2,9855.2,549.4653263343647,532.4040986980325,Mirpur_10_Circle,Mohammadpur_Townhall,routed
CS-40,Mirpur_10_Circle_Site_2,CS-37,Mirpur_1_Site_1,1989.1,549.4653263343647,443.88921478801524,Mirpur_10_Circle,Mirpur_1,routed
CS-40,Mirpur_10_Circle_Site_2,CS-38,Mirpur_1_Site_2,1989.1,549.4653263343647,158.3147182012352,Mirpur_10_Circle,Mirpur_1,routed
CS-40,Mirpur_10_Circle_Site_2,CS-39,Mirpur_10_Circle_Site_1,0.0,549.4653263343647,88.58928452209923,Mirpur_10_Circle,Mirpur_10_Circle,same_road_node
CS-40,Mirpur_10_Circle_Site_2,CS-41,Mirpur_12_Site_1,1948.8,549.4653263343647,536.4117389493025,Mirpur_10_Circle,Mirpur_12,routed
CS-40,Mirpur_10_Circle_Site_2,CS-42,Mirpur_12_Site_2,1948.8,549.4653263343647,470.6049314333112,Mirpur_10_Circle,Mirpur_12,routed
CS-40,Mirpur_10_Circle_Site_2,CS-43,Gabtoli_Terminal_Site_1,6921.2,549.4653263343647,419.1719209303812,Mirpur_10_Circle,Gabtoli_Terminal,routed
CS-40,Mirpur_10_Circle_Site_2,CS-44,Gabtoli_Terminal_Site_2,6921.2,549.4653263343647,263.02616062219164,Mirpur_10_Circle,Gabtoli_Terminal,routed
CS-40,Mirpur_10_Circle_Site_2,CS-45,Shahbagh_Square_Site_1,9966.6,549.4653263343647,620.452455049284,Mirpur_10_Circle,Shahbagh_Square,routed
CS-40,Mirpur_10_Circle_Site_2,CS-46,Shahbagh_Square_Site_2,9966.6,549.4653263343647,149.4116807350283,Mirpur_10_Circle,Shahbagh_Square,routed
CS-40,Mirpur_10_Circle_Site_2,CS-47,Motijheel_CBD_Site_1,12307.6,549.4653263343647,154.02022873663583,Mirpur_10_Circle,Motijheel_CBD,routed
CS-40,Mirpur_10_Circle_Site_2,CS-48,Motijheel_CBD_Site_2,12307.6,549.4653263343647,523.372989683262,Mirpur_10_Circle,Motijheel_CBD,routed
CS-40,Mirpur_10_Circle_Site_2,CS-49,Kamalapur_Railway_Site_1,13000.5,549.4653263343647,268.36694973094154,Mirpur_10_Circle,Kamalapur_Railway,routed
CS-40,Mirpur_10_Circle_Site_2,CS-50,Kamalapur_Railway_Site_2,13000.5,549.4653263343647,183.61956766698643,Mirpur_10_Circle,Kamalapur_Railway,routed
CS-40,Mirpur_10_Circle_Site_2,CS-51,Old_Dhaka_Lalbagh_Site_1,18272.0,549.4653263343647,545.5895924795998,Mirpur_10_Circle,Old_Dhaka_Lalbagh,routed
CS-40,Mirpur_10_Circle_Site_2,CS-52,Old_Dhaka_Lalbagh_Site_2,18272.0,549.4653263343647,209.0234518928121,Mirpur_10_Circle,Old_Dhaka_Lalbagh,routed
CS-40,Mirpur_10_Circle_Site_2,CS-53,Old_Dhaka_Sadarghat_Site_1,15544.400000000001,549.4653263343647,232.38025140077238,Mirpur_10_Circle,Old_Dhaka_Sadarghat,routed
CS-40,Mirpur_10_Circle_Site_2,CS-54,Old_Dhaka_Sadarghat_Site_2,15544.400000000001,549.4653263343647,465.183542888821,Mirpur_10_Circle,Old_Dhaka_Sadarghat,routed
CS-40,Mirpur_10_Circle_Site_2,CS-55,Sayedabad_Terminal_Site_1,14203.6,549.4653263343647,475.68383234599094,Mirpur_10_Circle,Sayedabad_Terminal,routed
CS-40,Mirpur_10_Circle_Site_2,CS-56,Sayedabad_Terminal_Site_2,14203.6,549.4653263343647,354.404933525487,Mirpur_10_Circle,Sayedabad_Terminal,routed
CS-40,Mirpur_10_Circle_Site_2,CS-57,Jatrabari_Flyover_Hub_Site_1,15294.0,549.4653263343647,358.58247775190324,Mirpur_10_Circle,Jatrabari_Flyover_Hub,routed
CS-40,Mirpur_10_Circle_Site_2,CS-58,Jatrabari_Flyover_Hub_Site_2,15294.0,549.4653263343647,310.18785958369136,Mirpur_10_Circle,Jatrabari_Flyover_Hub,routed
CS-41,Mirpur_12_Site_1,CS-01,Airport_Hub_Site_1,13825.7,536.4117389493025,387.56933574644125,Mirpur_12,Airport_Hub,routed
CS-41,Mirpur_12_Site_1,CS-02,Airport_Hub_Site_2,13825.7,536.4117389493025,506.34780845964383,Mirpur_12,Airport_Hub,routed
CS-41,Mirpur_12_Site_1,CS-03,Uttara_Sec3_Site_1,16619.4,536.4117389493025,443.31187101564313,Mirpur_12,Uttara_Sec3,routed
CS-41,Mirpur_12_Site_1,CS-04,Uttara_Sec3_Site_2,16619.4,536.4117389493025,131.83159473220599,Mirpur_12,Uttara_Sec3,routed
CS-41,Mirpur_12_Site_1,CS-05,Uttara_Sec11_Site_1,17724.100000000002,536.4117389493025,521.1013425864372,Mirpur_12,Uttara_Sec11,routed
CS-41,Mirpur_12_Site_1,CS-06,Uttara_Sec11_Site_2,17724.100000000002,536.4117389493025,444.3265930489434,Mirpur_12,Uttara_Sec11,routed
CS-41,Mirpur_12_Site_1,CS-07,Purbachal_300ft_Site_1,19900.6,536.4117389493025,491.45821785549737,Mirpur_12,Purbachal_300ft,routed
CS-41,Mirpur_12_Site_1,CS-08,Purbachal_300ft_Site_2,19900.6,536.4117389493025,486.0039816801295,Mirpur_12,Purbachal_300ft,routed
CS-41,Mirpur_12_Site_1,CS-09,Baridhara_Diplomatic_Site_1,10512.900000000001,536.4117389493025,480.90203532465125,Mirpur_12,Baridhara_Diplomatic,routed
CS-41,Mirpur_12_Site_1,CS-10,Baridhara_Diplomatic_Site_2,10512.900000000001,536.4117389493025,542.4794717225486,Mirpur_12,Baridhara_Diplomatic,routed
CS-41,Mirpur_12_Site_1,CS-11,Gulshan_2_Site_1,9566.800000000001,536.4117389493025,492.9831332681502,Mirpur_12,Gulshan_2,routed
CS-41,Mirpur_12_Site_1,CS-12,Gulshan_2_Site_2,9566.800000000001,536.4117389493025,259.1007612239219,Mirpur_12,Gulshan_2,routed
CS-41,Mirpur_12_Site_1,CS-13,Gulshan_1_Site_1,8166.1,536.4117389493025,557.8902441687196,Mirpur_12,Gulshan_1,routed
CS-41,Mirpur_12_Site_1,CS-14,Gulshan_1_Site_2,9177.2,536.4117389493025,425.1394136672309,Mirpur_12,Badda_Pragati_Sarani,routed
CS-41,Mirpur_12_Site_1,CS-15,Banani_11_Site_1,10672.400000000001,536.4117389493025,641.5582961789066,Mirpur_12,Banani_11,routed
CS-41,Mirpur_12_Site_1,CS-16,Banani_11_Site_2,10672.400000000001,536.4117389493025,487.73455572103404,Mirpur_12,Banani_11,routed
CS-41,Mirpur_12_Site_1,CS-17,Mohakhali_Terminal_Site_1,6574.8,536.4117389493025,274.0141386731775,Mirpur_12,Mohakhali_Terminal,routed
CS-41,Mirpur_12_Site_1,CS-18,Mohakhali_Terminal_Site_2,6574.8,536.4117389493025,667.4786340706916,Mirpur_12,Mohakhali_Terminal,routed
CS-41,Mirpur_12_Site_1,CS-19,Badda_Pragati_Sarani_Site_1,9177.2,536.4117389493025,376.98291121128,Mirpur_12,Badda_Pragati_Sarani,routed
CS-41,Mirpur_12_Site_1,CS-20,Badda_Pragati_Sarani_Site_2,9177.2,536.4117389493025,376.20287746857207,Mirpur_12,Badda_Pragati_Sarani,routed
CS-41,Mirpur_12_Site_1,CS-21,Hatirjheel_North_Site_1,10095.8,536.4117389493025,468.4064864979258,Mirpur_12,Hatirjheel_North,routed
CS-41,Mirpur_12_Site_1,CS-22,Hatirjheel_North_Site_2,10095.8,536.4117389493025,310.06191853650404,Mirpur_12,Hatirjheel_North,routed
CS-41,Mirpur_12_Site_1,CS-23,Tejgaon_Industrial_Site_1,8608.9,536.4117389493025,90.16608967047486,Mirpur_12,Tejgaon_Industrial,routed
CS-41,Mirpur_12_Site_1,CS-24,Tejgaon_Industrial_Site_2,8608.9,536.4117389493025,557.8967176144448,Mirpur_12,Tejgaon_Industrial,routed
CS-41,Mirpur_12_Site_1,CS-25,Kawran_Bazar_CBD_Site_1,9805.5,536.4117389493025,369.97026595080973,Mirpur_12,Kawran_Bazar_CBD,routed
CS-41,Mirpur_12_Site_1,CS-26,Kawran_Bazar_CBD_Site_2,9805.5,536.4117389493025,491.0807189387636,Mirpur_12,Kawran_Bazar_CBD,routed
CS-41,Mirpur_12_Site_1,CS-27,Farmgate_Hub_Site_1,9692.699999999999,536.4117389493025,456.4519527664829,Mirpur_12,Farmgate_Hub,routed
CS-41,Mirpur_12_Site_1,CS-28,Farmgate_Hub_Site_2,9692.699999999999,536.4117389493025,537.7862263087482,Mirpur_12,Farmgate_Hub,routed
CS-41,Mirpur_12_Site_1,CS-29,Dhanmondi_27_Site_1,9203.4,536.4117389493025,120.8257549786046,Mirpur_12,Dhanmondi_27,routed
CS-41,Mirpur_12_Site_1,CS-30,Dhanmondi_27_Site_2,9203.4,536.4117389493025,475.39463107740454,Mirpur_12,Dhanmondi_27,routed
CS-41,Mirpur_12_Site_1,CS-31,Dhanmondi_8A_Site_1,9859.5,536.4117389493025,616.0715403667175,Mirpur_12,Dhanmondi_8A,routed
CS-41,Mirpur_12_Site_1,CS-32,Dhanmondi_8A_Site_2,9859.5,536.4117389493025,411.70228464318944,Mirpur_12,Dhanmondi_8A,routed
CS-41,Mirpur_12_Site_1,CS-33,Shyamoli_Square_Site_1,6615.7,536.4117389493025,470.0130841296087,Mirpur_12,Shyamoli_Square,routed
CS-41,Mirpur_12_Site_1,CS-34,Shyamoli_Square_Site_2,6615.7,536.4117389493025,359.70204303201245,Mirpur_12,Shyamoli_Square,routed
CS-41,Mirpur_12_Site_1,CS-35,Mohammadpur_Townhall_Site_1,11804.0,536.4117389493025,369.96641661393016,Mirpur_12,Mohammadpur_Townhall,routed
CS-41,Mirpur_12_Site_1,CS-36,Mohammadpur_Townhall_Site_2,11804.0,536.4117389493025,532.4040986980325,Mirpur_12,Mohammadpur_Townhall,routed
CS-41,Mirpur_12_Site_1,CS-37,Mirpur_1_Site_1,3937.8999999999996,536.4117389493025,443.88921478801524,Mirpur_12,Mirpur_1,routed
CS-41,Mirpur_12_Site_1,CS-38,Mirpur_1_Site_2,3937.8999999999996,536.4117389493025,158.3147182012352,Mirpur_12,Mirpur_1,routed
CS-41,Mirpur_12_Site_1,CS-39,Mirpur_10_Circle_Site_1,1948.8,536.4117389493025,88.58928452209923,Mirpur_12,Mirpur_10_Circle,routed
CS-41,Mirpur_12_Site_1,CS-40,Mirpur_10_Circle_Site_2,1948.8,536.4117389493025,549.4653263343647,Mirpur_12,Mirpur_10_Circle,routed
CS-41,Mirpur_12_Site_1,CS-42,Mirpur_12_Site_2,0.0,536.4117389493025,470.6049314333112,Mirpur_12,Mirpur_12,same_road_node
CS-41,Mirpur_12_Site_1,CS-43,Gabtoli_Terminal_Site_1,8870.0,536.4117389493025,419.1719209303812,Mirpur_12,Gabtoli_Terminal,routed
CS-41,Mirpur_12_Site_1,CS-44,Gabtoli_Terminal_Site_2,8870.0,536.4117389493025,263.02616062219164,Mirpur_12,Gabtoli_Terminal,routed
CS-41,Mirpur_12_Site_1,CS-45,Shahbagh_Square_Site_1,11915.399999999998,536.4117389493025,620.452455049284,Mirpur_12,Shahbagh_Square,routed
CS-41,Mirpur_12_Site_1,CS-46,Shahbagh_Square_Site_2,11915.399999999998,536.4117389493025,149.4116807350283,Mirpur_12,Shahbagh_Square,routed
CS-41,Mirpur_12_Site_1,CS-47,Motijheel_CBD_Site_1,14256.399999999998,536.4117389493025,154.02022873663583,Mirpur_12,Motijheel_CBD,routed
CS-41,Mirpur_12_Site_1,CS-48,Motijheel_CBD_Site_2,14256.399999999998,536.4117389493025,523.372989683262,Mirpur_12,Motijheel_CBD,routed
CS-41,Mirpur_12_Site_1,CS-49,Kamalapur_Railway_Site_1,14949.299999999997,536.4117389493025,268.36694973094154,Mirpur_12,Kamalapur_Railway,routed
CS-41,Mirpur_12_Site_1,CS-50,Kamalapur_Railway_Site_2,14949.299999999997,536.4117389493025,183.61956766698643,Mirpur_12,Kamalapur_Railway,routed
CS-41,Mirpur_12_Site_1,CS-51,Old_Dhaka_Lalbagh_Site_1,20220.799999999996,536.4117389493025,545.5895924795998,Mirpur_12,Old_Dhaka_Lalbagh,routed
CS-41,Mirpur_12_Site_1,CS-52,Old_Dhaka_Lalbagh_Site_2,20220.799999999996,536.4117389493025,209.0234518928121,Mirpur_12,Old_Dhaka_Lalbagh,routed
CS-41,Mirpur_12_Site_1,CS-53,Old_Dhaka_Sadarghat_Site_1,17493.199999999997,536.4117389493025,232.38025140077238,Mirpur_12,Old_Dhaka_Sadarghat,routed
CS-41,Mirpur_12_Site_1,CS-54,Old_Dhaka_Sadarghat_Site_2,17493.199999999997,536.4117389493025,465.183542888821,Mirpur_12,Old_Dhaka_Sadarghat,routed
CS-41,Mirpur_12_Site_1,CS-55,Sayedabad_Terminal_Site_1,16152.399999999998,536.4117389493025,475.68383234599094,Mirpur_12,Sayedabad_Terminal,routed
CS-41,Mirpur_12_Site_1,CS-56,Sayedabad_Terminal_Site_2,16152.399999999998,536.4117389493025,354.404933525487,Mirpur_12,Sayedabad_Terminal,routed
CS-41,Mirpur_12_Site_1,CS-57,Jatrabari_Flyover_Hub_Site_1,17242.8,536.4117389493025,358.58247775190324,Mirpur_12,Jatrabari_Flyover_Hub,routed
CS-41,Mirpur_12_Site_1,CS-58,Jatrabari_Flyover_Hub_Site_2,17242.8,536.4117389493025,310.18785958369136,Mirpur_12,Jatrabari_Flyover_Hub,routed
CS-42,Mirpur_12_Site_2,CS-01,Airport_Hub_Site_1,13825.7,470.6049314333112,387.56933574644125,Mirpur_12,Airport_Hub,routed
CS-42,Mirpur_12_Site_2,CS-02,Airport_Hub_Site_2,13825.7,470.6049314333112,506.34780845964383,Mirpur_12,Airport_Hub,routed
CS-42,Mirpur_12_Site_2,CS-03,Uttara_Sec3_Site_1,16619.4,470.6049314333112,443.31187101564313,Mirpur_12,Uttara_Sec3,routed
CS-42,Mirpur_12_Site_2,CS-04,Uttara_Sec3_Site_2,16619.4,470.6049314333112,131.83159473220599,Mirpur_12,Uttara_Sec3,routed
CS-42,Mirpur_12_Site_2,CS-05,Uttara_Sec11_Site_1,17724.100000000002,470.6049314333112,521.1013425864372,Mirpur_12,Uttara_Sec11,routed
CS-42,Mirpur_12_Site_2,CS-06,Uttara_Sec11_Site_2,17724.100000000002,470.6049314333112,444.3265930489434,Mirpur_12,Uttara_Sec11,routed
CS-42,Mirpur_12_Site_2,CS-07,Purbachal_300ft_Site_1,19900.6,470.6049314333112,491.45821785549737,Mirpur_12,Purbachal_300ft,routed
CS-42,Mirpur_12_Site_2,CS-08,Purbachal_300ft_Site_2,19900.6,470.6049314333112,486.0039816801295,Mirpur_12,Purbachal_300ft,routed
CS-42,Mirpur_12_Site_2,CS-09,Baridhara_Diplomatic_Site_1,10512.900000000001,470.6049314333112,480.90203532465125,Mirpur_12,Baridhara_Diplomatic,routed
CS-42,Mirpur_12_Site_2,CS-10,Baridhara_Diplomatic_Site_2,10512.900000000001,470.6049314333112,542.4794717225486,Mirpur_12,Baridhara_Diplomatic,routed
CS-42,Mirpur_12_Site_2,CS-11,Gulshan_2_Site_1,9566.800000000001,470.6049314333112,492.9831332681502,Mirpur_12,Gulshan_2,routed
CS-42,Mirpur_12_Site_2,CS-12,Gulshan_2_Site_2,9566.800000000001,470.6049314333112,259.1007612239219,Mirpur_12,Gulshan_2,routed
CS-42,Mirpur_12_Site_2,CS-13,Gulshan_1_Site_1,8166.1,470.6049314333112,557.8902441687196,Mirpur_12,Gulshan_1,routed
CS-42,Mirpur_12_Site_2,CS-14,Gulshan_1_Site_2,9177.2,470.6049314333112,425.1394136672309,Mirpur_12,Badda_Pragati_Sarani,routed
CS-42,Mirpur_12_Site_2,CS-15,Banani_11_Site_1,10672.400000000001,470.6049314333112,641.5582961789066,Mirpur_12,Banani_11,routed
CS-42,Mirpur_12_Site_2,CS-16,Banani_11_Site_2,10672.400000000001,470.6049314333112,487.73455572103404,Mirpur_12,Banani_11,routed
CS-42,Mirpur_12_Site_2,CS-17,Mohakhali_Terminal_Site_1,6574.8,470.6049314333112,274.0141386731775,Mirpur_12,Mohakhali_Terminal,routed
CS-42,Mirpur_12_Site_2,CS-18,Mohakhali_Terminal_Site_2,6574.8,470.6049314333112,667.4786340706916,Mirpur_12,Mohakhali_Terminal,routed
CS-42,Mirpur_12_Site_2,CS-19,Badda_Pragati_Sarani_Site_1,9177.2,470.6049314333112,376.98291121128,Mirpur_12,Badda_Pragati_Sarani,routed
CS-42,Mirpur_12_Site_2,CS-20,Badda_Pragati_Sarani_Site_2,9177.2,470.6049314333112,376.20287746857207,Mirpur_12,Badda_Pragati_Sarani,routed
CS-42,Mirpur_12_Site_2,CS-21,Hatirjheel_North_Site_1,10095.8,470.6049314333112,468.4064864979258,Mirpur_12,Hatirjheel_North,routed
CS-42,Mirpur_12_Site_2,CS-22,Hatirjheel_North_Site_2,10095.8,470.6049314333112,310.06191853650404,Mirpur_12,Hatirjheel_North,routed
CS-42,Mirpur_12_Site_2,CS-23,Tejgaon_Industrial_Site_1,8608.9,470.6049314333112,90.16608967047486,Mirpur_12,Tejgaon_Industrial,routed
CS-42,Mirpur_12_Site_2,CS-24,Tejgaon_Industrial_Site_2,8608.9,470.6049314333112,557.8967176144448,Mirpur_12,Tejgaon_Industrial,routed
CS-42,Mirpur_12_Site_2,CS-25,Kawran_Bazar_CBD_Site_1,9805.5,470.6049314333112,369.97026595080973,Mirpur_12,Kawran_Bazar_CBD,routed
CS-42,Mirpur_12_Site_2,CS-26,Kawran_Bazar_CBD_Site_2,9805.5,470.6049314333112,491.0807189387636,Mirpur_12,Kawran_Bazar_CBD,routed
CS-42,Mirpur_12_Site_2,CS-27,Farmgate_Hub_Site_1,9692.699999999999,470.6049314333112,456.4519527664829,Mirpur_12,Farmgate_Hub,routed
CS-42,Mirpur_12_Site_2,CS-28,Farmgate_Hub_Site_2,9692.699999999999,470.6049314333112,537.7862263087482,Mirpur_12,Farmgate_Hub,routed
CS-42,Mirpur_12_Site_2,CS-29,Dhanmondi_27_Site_1,9203.4,470.6049314333112,120.8257549786046,Mirpur_12,Dhanmondi_27,routed
CS-42,Mirpur_12_Site_2,CS-30,Dhanmondi_27_Site_2,9203.4,470.6049314333112,475.39463107740454,Mirpur_12,Dhanmondi_27,routed
CS-42,Mirpur_12_Site_2,CS-31,Dhanmondi_8A_Site_1,9859.5,470.6049314333112,616.0715403667175,Mirpur_12,Dhanmondi_8A,routed
CS-42,Mirpur_12_Site_2,CS-32,Dhanmondi_8A_Site_2,9859.5,470.6049314333112,411.70228464318944,Mirpur_12,Dhanmondi_8A,routed
CS-42,Mirpur_12_Site_2,CS-33,Shyamoli_Square_Site_1,6615.7,470.6049314333112,470.0130841296087,Mirpur_12,Shyamoli_Square,routed
CS-42,Mirpur_12_Site_2,CS-34,Shyamoli_Square_Site_2,6615.7,470.6049314333112,359.70204303201245,Mirpur_12,Shyamoli_Square,routed
CS-42,Mirpur_12_Site_2,CS-35,Mohammadpur_Townhall_Site_1,11804.0,470.6049314333112,369.96641661393016,Mirpur_12,Mohammadpur_Townhall,routed
CS-42,Mirpur_12_Site_2,CS-36,Mohammadpur_Townhall_Site_2,11804.0,470.6049314333112,532.4040986980325,Mirpur_12,Mohammadpur_Townhall,routed
CS-42,Mirpur_12_Site_2,CS-37,Mirpur_1_Site_1,3937.8999999999996,470.6049314333112,443.88921478801524,Mirpur_12,Mirpur_1,routed
CS-42,Mirpur_12_Site_2,CS-38,Mirpur_1_Site_2,3937.8999999999996,470.6049314333112,158.3147182012352,Mirpur_12,Mirpur_1,routed
CS-42,Mirpur_12_Site_2,CS-39,Mirpur_10_Circle_Site_1,1948.8,470.6049314333112,88.58928452209923,Mirpur_12,Mirpur_10_Circle,routed
CS-42,Mirpur_12_Site_2,CS-40,Mirpur_10_Circle_Site_2,1948.8,470.6049314333112,549.4653263343647,Mirpur_12,Mirpur_10_Circle,routed
CS-42,Mirpur_12_Site_2,CS-41,Mirpur_12_Site_1,0.0,470.6049314333112,536.4117389493025,Mirpur_12,Mirpur_12,same_road_node
CS-42,Mirpur_12_Site_2,CS-43,Gabtoli_Terminal_Site_1,8870.0,470.6049314333112,419.1719209303812,Mirpur_12,Gabtoli_Terminal,routed
CS-42,Mirpur_12_Site_2,CS-44,Gabtoli_Terminal_Site_2,8870.0,470.6049314333112,263.02616062219164,Mirpur_12,Gabtoli_Terminal,routed
CS-42,Mirpur_12_Site_2,CS-45,Shahbagh_Square_Site_1,11915.399999999998,470.6049314333112,620.452455049284,Mirpur_12,Shahbagh_Square,routed
CS-42,Mirpur_12_Site_2,CS-46,Shahbagh_Square_Site_2,11915.399999999998,470.6049314333112,149.4116807350283,Mirpur_12,Shahbagh_Square,routed
CS-42,Mirpur_12_Site_2,CS-47,Motijheel_CBD_Site_1,14256.399999999998,470.6049314333112,154.02022873663583,Mirpur_12,Motijheel_CBD,routed
CS-42,Mirpur_12_Site_2,CS-48,Motijheel_CBD_Site_2,14256.399999999998,470.6049314333112,523.372989683262,Mirpur_12,Motijheel_CBD,routed
CS-42,Mirpur_12_Site_2,CS-49,Kamalapur_Railway_Site_1,14949.299999999997,470.6049314333112,268.36694973094154,Mirpur_12,Kamalapur_Railway,routed
CS-42,Mirpur_12_Site_2,CS-50,Kamalapur_Railway_Site_2,14949.299999999997,470.6049314333112,183.61956766698643,Mirpur_12,Kamalapur_Railway,routed
CS-42,Mirpur_12_Site_2,CS-51,Old_Dhaka_Lalbagh_Site_1,20220.799999999996,470.6049314333112,545.5895924795998,Mirpur_12,Old_Dhaka_Lalbagh,routed
CS-42,Mirpur_12_Site_2,CS-52,Old_Dhaka_Lalbagh_Site_2,20220.799999999996,470.6049314333112,209.0234518928121,Mirpur_12,Old_Dhaka_Lalbagh,routed
CS-42,Mirpur_12_Site_2,CS-53,Old_Dhaka_Sadarghat_Site_1,17493.199999999997,470.6049314333112,232.38025140077238,Mirpur_12,Old_Dhaka_Sadarghat,routed
CS-42,Mirpur_12_Site_2,CS-54,Old_Dhaka_Sadarghat_Site_2,17493.199999999997,470.6049314333112,465.183542888821,Mirpur_12,Old_Dhaka_Sadarghat,routed
CS-42,Mirpur_12_Site_2,CS-55,Sayedabad_Terminal_Site_1,16152.399999999998,470.6049314333112,475.68383234599094,Mirpur_12,Sayedabad_Terminal,routed
CS-42,Mirpur_12_Site_2,CS-56,Sayedabad_Terminal_Site_2,16152.399999999998,470.6049314333112,354.404933525487,Mirpur_12,Sayedabad_Terminal,routed
CS-42,Mirpur_12_Site_2,CS-57,Jatrabari_Flyover_Hub_Site_1,17242.8,470.6049314333112,358.58247775190324,Mirpur_12,Jatrabari_Flyover_Hub,routed
CS-42,Mirpur_12_Site_2,CS-58,Jatrabari_Flyover_Hub_Site_2,17242.8,470.6049314333112,310.18785958369136,Mirpur_12,Jatrabari_Flyover_Hub,routed
CS-43,Gabtoli_Terminal_Site_1,CS-01,Airport_Hub_Site_1,16664.0,419.1719209303812,387.56933574644125,Gabtoli_Terminal,Airport_Hub,routed
CS-43,Gabtoli_Terminal_Site_1,CS-02,Airport_Hub_Site_2,16664.0,419.1719209303812,506.34780845964383,Gabtoli_Terminal,Airport_Hub,routed
CS-43,Gabtoli_Terminal_Site_1,CS-03,Uttara_Sec3_Site_1,19457.7,419.1719209303812,443.31187101564313,Gabtoli_Terminal,Uttara_Sec3,routed
CS-43,Gabtoli_Terminal_Site_1,CS-04,Uttara_Sec3_Site_2,19457.7,419.1719209303812,131.83159473220599,Gabtoli_Terminal,Uttara_Sec3,routed
CS-43,Gabtoli_Terminal_Site_1,CS-05,Uttara_Sec11_Site_1,20562.4,419.1719209303812,521.1013425864372,Gabtoli_Terminal,Uttara_Sec11,routed
CS-43,Gabtoli_Terminal_Site_1,CS-06,Uttara_Sec11_Site_2,20562.4,419.1719209303812,444.3265930489434,Gabtoli_Terminal,Uttara_Sec11,routed
CS-43,Gabtoli_Terminal_Site_1,CS-07,Purbachal_300ft_Site_1,22738.9,419.1719209303812,491.45821785549737,Gabtoli_Terminal,Purbachal_300ft,routed
CS-43,Gabtoli_Terminal_Site_1,CS-08,Purbachal_300ft_Site_2,22738.9,419.1719209303812,486.0039816801295,Gabtoli_Terminal,Purbachal_300ft,routed
CS-43,Gabtoli_Terminal_Site_1,CS-09,Baridhara_Diplomatic_Site_1,13351.2,419.1719209303812,480.90203532465125,Gabtoli_Terminal,Baridhara_Diplomatic,routed
CS-43,Gabtoli_Terminal_Site_1,CS-10,Baridhara_Diplomatic_Site_2,13351.2,419.1719209303812,542.4794717225486,Gabtoli_Terminal,Baridhara_Diplomatic,routed
CS-43,Gabtoli_Terminal_Site_1,CS-11,Gulshan_2_Site_1,12405.1,419.1719209303812,492.9831332681502,Gabtoli_Terminal,Gulshan_2,routed
CS-43,Gabtoli_Terminal_Site_1,CS-12,Gulshan_2_Site_2,12405.1,419.1719209303812,259.1007612239219,Gabtoli_Terminal,Gulshan_2,routed
CS-43,Gabtoli_Terminal_Site_1,CS-13,Gulshan_1_Site_1,11004.4,419.1719209303812,557.8902441687196,Gabtoli_Terminal,Gulshan_1,routed
CS-43,Gabtoli_Terminal_Site_1,CS-14,Gulshan_1_Site_2,10683.0,419.1719209303812,425.1394136672309,Gabtoli_Terminal,Badda_Pragati_Sarani,routed
CS-43,Gabtoli_Terminal_Site_1,CS-15,Banani_11_Site_1,13510.7,419.1719209303812,641.5582961789066,Gabtoli_Terminal,Banani_11,routed
CS-43,Gabtoli_Terminal_Site_1,CS-16,Banani_11_Site_2,13510.7,419.1719209303812,487.73455572103404,Gabtoli_Terminal,Banani_11,routed
CS-43,Gabtoli_Terminal_Site_1,CS-17,Mohakhali_Terminal_Site_1,9413.1,419.1719209303812,274.0141386731775,Gabtoli_Terminal,Mohakhali_Terminal,routed
CS-43,Gabtoli_Terminal_Site_1,CS-18,Mohakhali_Terminal_Site_2,9413.1,419.1719209303812,667.4786340706916,Gabtoli_Terminal,Mohakhali_Terminal,routed
CS-43,Gabtoli_Terminal_Site_1,CS-19,Badda_Pragati_Sarani_Site_1,10683.0,419.1719209303812,376.98291121128,Gabtoli_Terminal,Badda_Pragati_Sarani,routed
CS-43,Gabtoli_Terminal_Site_1,CS-20,Badda_Pragati_Sarani_Site_2,10683.0,419.1719209303812,376.20287746857207,Gabtoli_Terminal,Badda_Pragati_Sarani,routed
CS-43,Gabtoli_Terminal_Site_1,CS-21,Hatirjheel_North_Site_1,8865.9,419.1719209303812,468.4064864979258,Gabtoli_Terminal,Hatirjheel_North,routed
CS-43,Gabtoli_Terminal_Site_1,CS-22,Hatirjheel_North_Site_2,8865.9,419.1719209303812,310.06191853650404,Gabtoli_Terminal,Hatirjheel_North,routed
CS-43,Gabtoli_Terminal_Site_1,CS-23,Tejgaon_Industrial_Site_1,7379.0,419.1719209303812,90.16608967047486,Gabtoli_Terminal,Tejgaon_Industrial,routed
CS-43,Gabtoli_Terminal_Site_1,CS-24,Tejgaon_Industrial_Site_2,7379.0,419.1719209303812,557.8967176144448,Gabtoli_Terminal,Tejgaon_Industrial,routed
CS-43,Gabtoli_Terminal_Site_1,CS-25,Kawran_Bazar_CBD_Site_1,8575.6,419.1719209303812,369.97026595080973,Gabtoli_Terminal,Kawran_Bazar_CBD,routed
CS-43,Gabtoli_Terminal_Site_1,CS-26,Kawran_Bazar_CBD_Site_2,8575.6,419.1719209303812,491.0807189387636,Gabtoli_Terminal,Kawran_Bazar_CBD,routed
CS-43,Gabtoli_Terminal_Site_1,CS-27,Farmgate_Hub_Site_1,6295.2,419.1719209303812,456.4519527664829,Gabtoli_Terminal,Farmgate_Hub,routed
CS-43,Gabtoli_Terminal_Site_1,CS-28,Farmgate_Hub_Site_2,6295.2,419.1719209303812,537.7862263087482,Gabtoli_Terminal,Farmgate_Hub,routed
CS-43,Gabtoli_Terminal_Site_1,CS-29,Dhanmondi_27_Site_1,4842.0,419.1719209303812,120.8257549786046,Gabtoli_Terminal,Dhanmondi_27,routed
CS-43,Gabtoli_Terminal_Site_1,CS-30,Dhanmondi_27_Site_2,4842.0,419.1719209303812,475.39463107740454,Gabtoli_Terminal,Dhanmondi_27,routed
CS-43,Gabtoli_Terminal_Site_1,CS-31,Dhanmondi_8A_Site_1,5498.1,419.1719209303812,616.0715403667175,Gabtoli_Terminal,Dhanmondi_8A,routed
CS-43,Gabtoli_Terminal_Site_1,CS-32,Dhanmondi_8A_Site_2,5498.1,419.1719209303812,411.70228464318944,Gabtoli_Terminal,Dhanmondi_8A,routed
CS-43,Gabtoli_Terminal_Site_1,CS-33,Shyamoli_Square_Site_1,2254.3,419.1719209303812,470.0130841296087,Gabtoli_Terminal,Shyamoli_Square,routed
CS-43,Gabtoli_Terminal_Site_1,CS-34,Shyamoli_Square_Site_2,2254.3,419.1719209303812,359.70204303201245,Gabtoli_Terminal,Shyamoli_Square,routed
CS-43,Gabtoli_Terminal_Site_1,CS-35,Mohammadpur_Townhall_Site_1,7442.6,419.1719209303812,369.96641661393016,Gabtoli_Terminal,Mohammadpur_Townhall,routed
CS-43,Gabtoli_Terminal_Site_1,CS-36,Mohammadpur_Townhall_Site_2,7442.6,419.1719209303812,532.4040986980325,Gabtoli_Terminal,Mohammadpur_Townhall,routed
CS-43,Gabtoli_Terminal_Site_1,CS-37,Mirpur_1_Site_1,4932.1,419.1719209303812,443.88921478801524,Gabtoli_Terminal,Mirpur_1,routed
CS-43,Gabtoli_Terminal_Site_1,CS-38,Mirpur_1_Site_2,4932.1,419.1719209303812,158.3147182012352,Gabtoli_Terminal,Mirpur_1,routed
CS-43,Gabtoli_Terminal_Site_1,CS-39,Mirpur_10_Circle_Site_1,6921.200000000001,419.1719209303812,88.58928452209923,Gabtoli_Terminal,Mirpur_10_Circle,routed
CS-43,Gabtoli_Terminal_Site_1,CS-40,Mirpur_10_Circle_Site_2,6921.200000000001,419.1719209303812,549.4653263343647,Gabtoli_Terminal,Mirpur_10_Circle,routed
CS-43,Gabtoli_Terminal_Site_1,CS-41,Mirpur_12_Site_1,8870.0,419.1719209303812,536.4117389493025,Gabtoli_Terminal,Mirpur_12,routed
CS-43,Gabtoli_Terminal_Site_1,CS-42,Mirpur_12_Site_2,8870.0,419.1719209303812,470.6049314333112,Gabtoli_Terminal,Mirpur_12,routed
CS-43,Gabtoli_Terminal_Site_1,CS-44,Gabtoli_Terminal_Site_2,0.0,419.1719209303812,263.02616062219164,Gabtoli_Terminal,Gabtoli_Terminal,same_road_node
CS-43,Gabtoli_Terminal_Site_1,CS-45,Shahbagh_Square_Site_1,8517.9,419.1719209303812,620.452455049284,Gabtoli_Terminal,Shahbagh_Square,routed
CS-43,Gabtoli_Terminal_Site_1,CS-46,Shahbagh_Square_Site_2,8517.9,419.1719209303812,149.4116807350283,Gabtoli_Terminal,Shahbagh_Square,routed
CS-43,Gabtoli_Terminal_Site_1,CS-47,Motijheel_CBD_Site_1,10858.9,419.1719209303812,154.02022873663583,Gabtoli_Terminal,Motijheel_CBD,routed
CS-43,Gabtoli_Terminal_Site_1,CS-48,Motijheel_CBD_Site_2,10858.9,419.1719209303812,523.372989683262,Gabtoli_Terminal,Motijheel_CBD,routed
CS-43,Gabtoli_Terminal_Site_1,CS-49,Kamalapur_Railway_Site_1,11551.8,419.1719209303812,268.36694973094154,Gabtoli_Terminal,Kamalapur_Railway,routed
CS-43,Gabtoli_Terminal_Site_1,CS-50,Kamalapur_Railway_Site_2,11551.8,419.1719209303812,183.61956766698643,Gabtoli_Terminal,Kamalapur_Railway,routed
CS-43,Gabtoli_Terminal_Site_1,CS-51,Old_Dhaka_Lalbagh_Site_1,16823.3,419.1719209303812,545.5895924795998,Gabtoli_Terminal,Old_Dhaka_Lalbagh,routed
CS-43,Gabtoli_Terminal_Site_1,CS-52,Old_Dhaka_Lalbagh_Site_2,16823.3,419.1719209303812,209.0234518928121,Gabtoli_Terminal,Old_Dhaka_Lalbagh,routed
CS-43,Gabtoli_Terminal_Site_1,CS-53,Old_Dhaka_Sadarghat_Site_1,14095.7,419.1719209303812,232.38025140077238,Gabtoli_Terminal,Old_Dhaka_Sadarghat,routed
CS-43,Gabtoli_Terminal_Site_1,CS-54,Old_Dhaka_Sadarghat_Site_2,14095.7,419.1719209303812,465.183542888821,Gabtoli_Terminal,Old_Dhaka_Sadarghat,routed
CS-43,Gabtoli_Terminal_Site_1,CS-55,Sayedabad_Terminal_Site_1,12754.9,419.1719209303812,475.68383234599094,Gabtoli_Terminal,Sayedabad_Terminal,routed
CS-43,Gabtoli_Terminal_Site_1,CS-56,Sayedabad_Terminal_Site_2,12754.9,419.1719209303812,354.404933525487,Gabtoli_Terminal,Sayedabad_Terminal,routed
CS-43,Gabtoli_Terminal_Site_1,CS-57,Jatrabari_Flyover_Hub_Site_1,13845.3,419.1719209303812,358.58247775190324,Gabtoli_Terminal,Jatrabari_Flyover_Hub,routed
CS-43,Gabtoli_Terminal_Site_1,CS-58,Jatrabari_Flyover_Hub_Site_2,13845.3,419.1719209303812,310.18785958369136,Gabtoli_Terminal,Jatrabari_Flyover_Hub,routed
CS-44,Gabtoli_Terminal_Site_2,CS-01,Airport_Hub_Site_1,16664.0,263.02616062219164,387.56933574644125,Gabtoli_Terminal,Airport_Hub,routed
CS-44,Gabtoli_Terminal_Site_2,CS-02,Airport_Hub_Site_2,16664.0,263.02616062219164,506.34780845964383,Gabtoli_Terminal,Airport_Hub,routed
CS-44,Gabtoli_Terminal_Site_2,CS-03,Uttara_Sec3_Site_1,19457.7,263.02616062219164,443.31187101564313,Gabtoli_Terminal,Uttara_Sec3,routed
CS-44,Gabtoli_Terminal_Site_2,CS-04,Uttara_Sec3_Site_2,19457.7,263.02616062219164,131.83159473220599,Gabtoli_Terminal,Uttara_Sec3,routed
CS-44,Gabtoli_Terminal_Site_2,CS-05,Uttara_Sec11_Site_1,20562.4,263.02616062219164,521.1013425864372,Gabtoli_Terminal,Uttara_Sec11,routed
CS-44,Gabtoli_Terminal_Site_2,CS-06,Uttara_Sec11_Site_2,20562.4,263.02616062219164,444.3265930489434,Gabtoli_Terminal,Uttara_Sec11,routed
CS-44,Gabtoli_Terminal_Site_2,CS-07,Purbachal_300ft_Site_1,22738.9,263.02616062219164,491.45821785549737,Gabtoli_Terminal,Purbachal_300ft,routed
CS-44,Gabtoli_Terminal_Site_2,CS-08,Purbachal_300ft_Site_2,22738.9,263.02616062219164,486.0039816801295,Gabtoli_Terminal,Purbachal_300ft,routed
CS-44,Gabtoli_Terminal_Site_2,CS-09,Baridhara_Diplomatic_Site_1,13351.2,263.02616062219164,480.90203532465125,Gabtoli_Terminal,Baridhara_Diplomatic,routed
CS-44,Gabtoli_Terminal_Site_2,CS-10,Baridhara_Diplomatic_Site_2,13351.2,263.02616062219164,542.4794717225486,Gabtoli_Terminal,Baridhara_Diplomatic,routed
CS-44,Gabtoli_Terminal_Site_2,CS-11,Gulshan_2_Site_1,12405.1,263.02616062219164,492.9831332681502,Gabtoli_Terminal,Gulshan_2,routed
CS-44,Gabtoli_Terminal_Site_2,CS-12,Gulshan_2_Site_2,12405.1,263.02616062219164,259.1007612239219,Gabtoli_Terminal,Gulshan_2,routed
CS-44,Gabtoli_Terminal_Site_2,CS-13,Gulshan_1_Site_1,11004.4,263.02616062219164,557.8902441687196,Gabtoli_Terminal,Gulshan_1,routed
CS-44,Gabtoli_Terminal_Site_2,CS-14,Gulshan_1_Site_2,10683.0,263.02616062219164,425.1394136672309,Gabtoli_Terminal,Badda_Pragati_Sarani,routed
CS-44,Gabtoli_Terminal_Site_2,CS-15,Banani_11_Site_1,13510.7,263.02616062219164,641.5582961789066,Gabtoli_Terminal,Banani_11,routed
CS-44,Gabtoli_Terminal_Site_2,CS-16,Banani_11_Site_2,13510.7,263.02616062219164,487.73455572103404,Gabtoli_Terminal,Banani_11,routed
CS-44,Gabtoli_Terminal_Site_2,CS-17,Mohakhali_Terminal_Site_1,9413.1,263.02616062219164,274.0141386731775,Gabtoli_Terminal,Mohakhali_Terminal,routed
CS-44,Gabtoli_Terminal_Site_2,CS-18,Mohakhali_Terminal_Site_2,9413.1,263.02616062219164,667.4786340706916,Gabtoli_Terminal,Mohakhali_Terminal,routed
CS-44,Gabtoli_Terminal_Site_2,CS-19,Badda_Pragati_Sarani_Site_1,10683.0,263.02616062219164,376.98291121128,Gabtoli_Terminal,Badda_Pragati_Sarani,routed
CS-44,Gabtoli_Terminal_Site_2,CS-20,Badda_Pragati_Sarani_Site_2,10683.0,263.02616062219164,376.20287746857207,Gabtoli_Terminal,Badda_Pragati_Sarani,routed
CS-44,Gabtoli_Terminal_Site_2,CS-21,Hatirjheel_North_Site_1,8865.9,263.02616062219164,468.4064864979258,Gabtoli_Terminal,Hatirjheel_North,routed
CS-44,Gabtoli_Terminal_Site_2,CS-22,Hatirjheel_North_Site_2,8865.9,263.02616062219164,310.06191853650404,Gabtoli_Terminal,Hatirjheel_North,routed
CS-44,Gabtoli_Terminal_Site_2,CS-23,Tejgaon_Industrial_Site_1,7379.0,263.02616062219164,90.16608967047486,Gabtoli_Terminal,Tejgaon_Industrial,routed
CS-44,Gabtoli_Terminal_Site_2,CS-24,Tejgaon_Industrial_Site_2,7379.0,263.02616062219164,557.8967176144448,Gabtoli_Terminal,Tejgaon_Industrial,routed
CS-44,Gabtoli_Terminal_Site_2,CS-25,Kawran_Bazar_CBD_Site_1,8575.6,263.02616062219164,369.97026595080973,Gabtoli_Terminal,Kawran_Bazar_CBD,routed
CS-44,Gabtoli_Terminal_Site_2,CS-26,Kawran_Bazar_CBD_Site_2,8575.6,263.02616062219164,491.0807189387636,Gabtoli_Terminal,Kawran_Bazar_CBD,routed
CS-44,Gabtoli_Terminal_Site_2,CS-27,Farmgate_Hub_Site_1,6295.2,263.02616062219164,456.4519527664829,Gabtoli_Terminal,Farmgate_Hub,routed
CS-44,Gabtoli_Terminal_Site_2,CS-28,Farmgate_Hub_Site_2,6295.2,263.02616062219164,537.7862263087482,Gabtoli_Terminal,Farmgate_Hub,routed
CS-44,Gabtoli_Terminal_Site_2,CS-29,Dhanmondi_27_Site_1,4842.0,263.02616062219164,120.8257549786046,Gabtoli_Terminal,Dhanmondi_27,routed
CS-44,Gabtoli_Terminal_Site_2,CS-30,Dhanmondi_27_Site_2,4842.0,263.02616062219164,475.39463107740454,Gabtoli_Terminal,Dhanmondi_27,routed
CS-44,Gabtoli_Terminal_Site_2,CS-31,Dhanmondi_8A_Site_1,5498.1,263.02616062219164,616.0715403667175,Gabtoli_Terminal,Dhanmondi_8A,routed
CS-44,Gabtoli_Terminal_Site_2,CS-32,Dhanmondi_8A_Site_2,5498.1,263.02616062219164,411.70228464318944,Gabtoli_Terminal,Dhanmondi_8A,routed
CS-44,Gabtoli_Terminal_Site_2,CS-33,Shyamoli_Square_Site_1,2254.3,263.02616062219164,470.0130841296087,Gabtoli_Terminal,Shyamoli_Square,routed
CS-44,Gabtoli_Terminal_Site_2,CS-34,Shyamoli_Square_Site_2,2254.3,263.02616062219164,359.70204303201245,Gabtoli_Terminal,Shyamoli_Square,routed
CS-44,Gabtoli_Terminal_Site_2,CS-35,Mohammadpur_Townhall_Site_1,7442.6,263.02616062219164,369.96641661393016,Gabtoli_Terminal,Mohammadpur_Townhall,routed
CS-44,Gabtoli_Terminal_Site_2,CS-36,Mohammadpur_Townhall_Site_2,7442.6,263.02616062219164,532.4040986980325,Gabtoli_Terminal,Mohammadpur_Townhall,routed
CS-44,Gabtoli_Terminal_Site_2,CS-37,Mirpur_1_Site_1,4932.1,263.02616062219164,443.88921478801524,Gabtoli_Terminal,Mirpur_1,routed
CS-44,Gabtoli_Terminal_Site_2,CS-38,Mirpur_1_Site_2,4932.1,263.02616062219164,158.3147182012352,Gabtoli_Terminal,Mirpur_1,routed
CS-44,Gabtoli_Terminal_Site_2,CS-39,Mirpur_10_Circle_Site_1,6921.200000000001,263.02616062219164,88.58928452209923,Gabtoli_Terminal,Mirpur_10_Circle,routed
CS-44,Gabtoli_Terminal_Site_2,CS-40,Mirpur_10_Circle_Site_2,6921.200000000001,263.02616062219164,549.4653263343647,Gabtoli_Terminal,Mirpur_10_Circle,routed
CS-44,Gabtoli_Terminal_Site_2,CS-41,Mirpur_12_Site_1,8870.0,263.02616062219164,536.4117389493025,Gabtoli_Terminal,Mirpur_12,routed
CS-44,Gabtoli_Terminal_Site_2,CS-42,Mirpur_12_Site_2,8870.0,263.02616062219164,470.6049314333112,Gabtoli_Terminal,Mirpur_12,routed
CS-44,Gabtoli_Terminal_Site_2,CS-43,Gabtoli_Terminal_Site_1,0.0,263.02616062219164,419.1719209303812,Gabtoli_Terminal,Gabtoli_Terminal,same_road_node
CS-44,Gabtoli_Terminal_Site_2,CS-45,Shahbagh_Square_Site_1,8517.9,263.02616062219164,620.452455049284,Gabtoli_Terminal,Shahbagh_Square,routed
CS-44,Gabtoli_Terminal_Site_2,CS-46,Shahbagh_Square_Site_2,8517.9,263.02616062219164,149.4116807350283,Gabtoli_Terminal,Shahbagh_Square,routed
CS-44,Gabtoli_Terminal_Site_2,CS-47,Motijheel_CBD_Site_1,10858.9,263.02616062219164,154.02022873663583,Gabtoli_Terminal,Motijheel_CBD,routed
CS-44,Gabtoli_Terminal_Site_2,CS-48,Motijheel_CBD_Site_2,10858.9,263.02616062219164,523.372989683262,Gabtoli_Terminal,Motijheel_CBD,routed
CS-44,Gabtoli_Terminal_Site_2,CS-49,Kamalapur_Railway_Site_1,11551.8,263.02616062219164,268.36694973094154,Gabtoli_Terminal,Kamalapur_Railway,routed
CS-44,Gabtoli_Terminal_Site_2,CS-50,Kamalapur_Railway_Site_2,11551.8,263.02616062219164,183.61956766698643,Gabtoli_Terminal,Kamalapur_Railway,routed
CS-44,Gabtoli_Terminal_Site_2,CS-51,Old_Dhaka_Lalbagh_Site_1,16823.3,263.02616062219164,545.5895924795998,Gabtoli_Terminal,Old_Dhaka_Lalbagh,routed
CS-44,Gabtoli_Terminal_Site_2,CS-52,Old_Dhaka_Lalbagh_Site_2,16823.3,263.02616062219164,209.0234518928121,Gabtoli_Terminal,Old_Dhaka_Lalbagh,routed
CS-44,Gabtoli_Terminal_Site_2,CS-53,Old_Dhaka_Sadarghat_Site_1,14095.7,263.02616062219164,232.38025140077238,Gabtoli_Terminal,Old_Dhaka_Sadarghat,routed
CS-44,Gabtoli_Terminal_Site_2,CS-54,Old_Dhaka_Sadarghat_Site_2,14095.7,263.02616062219164,465.183542888821,Gabtoli_Terminal,Old_Dhaka_Sadarghat,routed
CS-44,Gabtoli_Terminal_Site_2,CS-55,Sayedabad_Terminal_Site_1,12754.9,263.02616062219164,475.68383234599094,Gabtoli_Terminal,Sayedabad_Terminal,routed
CS-44,Gabtoli_Terminal_Site_2,CS-56,Sayedabad_Terminal_Site_2,12754.9,263.02616062219164,354.404933525487,Gabtoli_Terminal,Sayedabad_Terminal,routed
CS-44,Gabtoli_Terminal_Site_2,CS-57,Jatrabari_Flyover_Hub_Site_1,13845.3,263.02616062219164,358.58247775190324,Gabtoli_Terminal,Jatrabari_Flyover_Hub,routed
CS-44,Gabtoli_Terminal_Site_2,CS-58,Jatrabari_Flyover_Hub_Site_2,13845.3,263.02616062219164,310.18785958369136,Gabtoli_Terminal,Jatrabari_Flyover_Hub,routed
CS-45,Shahbagh_Square_Site_1,CS-01,Airport_Hub_Site_1,12591.5,620.452455049284,387.56933574644125,Shahbagh_Square,Airport_Hub,routed
CS-45,Shahbagh_Square_Site_1,CS-02,Airport_Hub_Site_2,12591.5,620.452455049284,506.34780845964383,Shahbagh_Square,Airport_Hub,routed
CS-45,Shahbagh_Square_Site_1,CS-03,Uttara_Sec3_Site_1,15385.2,620.452455049284,443.31187101564313,Shahbagh_Square,Uttara_Sec3,routed
CS-45,Shahbagh_Square_Site_1,CS-04,Uttara_Sec3_Site_2,15385.2,620.452455049284,131.83159473220599,Shahbagh_Square,Uttara_Sec3,routed
CS-45,Shahbagh_Square_Site_1,CS-05,Uttara_Sec11_Site_1,16489.9,620.452455049284,521.1013425864372,Shahbagh_Square,Uttara_Sec11,routed
CS-45,Shahbagh_Square_Site_1,CS-06,Uttara_Sec11_Site_2,16489.9,620.452455049284,444.3265930489434,Shahbagh_Square,Uttara_Sec11,routed
CS-45,Shahbagh_Square_Site_1,CS-07,Purbachal_300ft_Site_1,18666.4,620.452455049284,491.45821785549737,Shahbagh_Square,Purbachal_300ft,routed
CS-45,Shahbagh_Square_Site_1,CS-08,Purbachal_300ft_Site_2,18666.4,620.452455049284,486.0039816801295,Shahbagh_Square,Purbachal_300ft,routed
CS-45,Shahbagh_Square_Site_1,CS-09,Baridhara_Diplomatic_Site_1,9278.7,620.452455049284,480.90203532465125,Shahbagh_Square,Baridhara_Diplomatic,routed
CS-45,Shahbagh_Square_Site_1,CS-10,Baridhara_Diplomatic_Site_2,9278.7,620.452455049284,542.4794717225486,Shahbagh_Square,Baridhara_Diplomatic,routed
CS-45,Shahbagh_Square_Site_1,CS-11,Gulshan_2_Site_1,8332.6,620.452455049284,492.9831332681502,Shahbagh_Square,Gulshan_2,routed
CS-45,Shahbagh_Square_Site_1,CS-12,Gulshan_2_Site_2,8332.6,620.452455049284,259.1007612239219,Shahbagh_Square,Gulshan_2,routed
CS-45,Shahbagh_Square_Site_1,CS-13,Gulshan_1_Site_1,6931.900000000001,620.452455049284,557.8902441687196,Shahbagh_Square,Gulshan_1,routed
CS-45,Shahbagh_Square_Site_1,CS-14,Gulshan_1_Site_2,6610.5,620.452455049284,425.1394136672309,Shahbagh_Square,Badda_Pragati_Sarani,routed
CS-45,Shahbagh_Square_Site_1,CS-15,Banani_11_Site_1,9438.2,620.452455049284,641.5582961789066,Shahbagh_Square,Banani_11,routed
CS-45,Shahbagh_Square_Site_1,CS-16,Banani_11_Site_2,9438.2,620.452455049284,487.73455572103404,Shahbagh_Square,Banani_11,routed
CS-45,Shahbagh_Square_Site_1,CS-17,Mohakhali_Terminal_Site_1,5340.6,620.452455049284,274.0141386731775,Shahbagh_Square,Mohakhali_Terminal,routed
CS-45,Shahbagh_Square_Site_1,CS-18,Mohakhali_Terminal_Site_2,5340.6,620.452455049284,667.4786340706916,Shahbagh_Square,Mohakhali_Terminal,routed
CS-45,Shahbagh_Square_Site_1,CS-19,Badda_Pragati_Sarani_Site_1,6610.5,620.452455049284,376.98291121128,Shahbagh_Square,Badda_Pragati_Sarani,routed
CS-45,Shahbagh_Square_Site_1,CS-20,Badda_Pragati_Sarani_Site_2,6610.5,620.452455049284,376.20287746857207,Shahbagh_Square,Badda_Pragati_Sarani,routed
CS-45,Shahbagh_Square_Site_1,CS-21,Hatirjheel_North_Site_1,4793.4,620.452455049284,468.4064864979258,Shahbagh_Square,Hatirjheel_North,routed
CS-45,Shahbagh_Square_Site_1,CS-22,Hatirjheel_North_Site_2,4793.4,620.452455049284,310.06191853650404,Shahbagh_Square,Hatirjheel_North,routed
CS-45,Shahbagh_Square_Site_1,CS-23,Tejgaon_Industrial_Site_1,3306.5,620.452455049284,90.16608967047486,Shahbagh_Square,Tejgaon_Industrial,routed
CS-45,Shahbagh_Square_Site_1,CS-24,Tejgaon_Industrial_Site_2,3306.5,620.452455049284,557.8967176144448,Shahbagh_Square,Tejgaon_Industrial,routed
CS-45,Shahbagh_Square_Site_1,CS-25,Kawran_Bazar_CBD_Site_1,4503.1,620.452455049284,369.97026595080973,Shahbagh_Square,Kawran_Bazar_CBD,routed
CS-45,Shahbagh_Square_Site_1,CS-26,Kawran_Bazar_CBD_Site_2,4503.1,620.452455049284,491.0807189387636,Shahbagh_Square,Kawran_Bazar_CBD,routed
CS-45,Shahbagh_Square_Site_1,CS-27,Farmgate_Hub_Site_1,2222.7,620.452455049284,456.4519527664829,Shahbagh_Square,Farmgate_Hub,routed
CS-45,Shahbagh_Square_Site_1,CS-28,Farmgate_Hub_Site_2,2222.7,620.452455049284,537.7862263087482,Shahbagh_Square,Farmgate_Hub,routed
CS-45,Shahbagh_Square_Site_1,CS-29,Dhanmondi_27_Site_1,3675.8999999999996,620.452455049284,120.8257549786046,Shahbagh_Square,Dhanmondi_27,routed
CS-45,Shahbagh_Square_Site_1,CS-30,Dhanmondi_27_Site_2,3675.8999999999996,620.452455049284,475.39463107740454,Shahbagh_Square,Dhanmondi_27,routed
CS-45,Shahbagh_Square_Site_1,CS-31,Dhanmondi_8A_Site_1,4332.0,620.452455049284,616.0715403667175,Shahbagh_Square,Dhanmondi_8A,routed
CS-45,Shahbagh_Square_Site_1,CS-32,Dhanmondi_8A_Site_2,4332.0,620.452455049284,411.70228464318944,Shahbagh_Square,Dhanmondi_8A,routed
CS-45,Shahbagh_Square_Site_1,CS-33,Shyamoli_Square_Site_1,6263.599999999999,620.452455049284,470.0130841296087,Shahbagh_Square,Shyamoli_Square,routed
CS-45,Shahbagh_Square_Site_1,CS-34,Shyamoli_Square_Site_2,6263.599999999999,620.452455049284,359.70204303201245,Shahbagh_Square,Shyamoli_Square,routed
CS-45,Shahbagh_Square_Site_1,CS-35,Mohammadpur_Townhall_Site_1,6276.5,620.452455049284,369.96641661393016,Shahbagh_Square,Mohammadpur_Townhall,routed
CS-45,Shahbagh_Square_Site_1,CS-36,Mohammadpur_Townhall_Site_2,6276.5,620.452455049284,532.4040986980325,Shahbagh_Square,Mohammadpur_Townhall,routed
CS-45,Shahbagh_Square_Site_1,CS-37,Mirpur_1_Site_1,8941.4,620.452455049284,443.88921478801524,Shahbagh_Square,Mirpur_1,routed
CS-45,Shahbagh_Square_Site_1,CS-38,Mirpur_1_Site_2,8941.4,620.452455049284,158.3147182012352,Shahbagh_Square,Mirpur_1,routed
CS-45,Shahbagh_Square_Site_1,CS-39,Mirpur_10_Circle_Site_1,9966.6,620.452455049284,88.58928452209923,Shahbagh_Square,Mirpur_10_Circle,routed
CS-45,Shahbagh_Square_Site_1,CS-40,Mirpur_10_Circle_Site_2,9966.6,620.452455049284,549.4653263343647,Shahbagh_Square,Mirpur_10_Circle,routed
CS-45,Shahbagh_Square_Site_1,CS-41,Mirpur_12_Site_1,11915.4,620.452455049284,536.4117389493025,Shahbagh_Square,Mirpur_12,routed
CS-45,Shahbagh_Square_Site_1,CS-42,Mirpur_12_Site_2,11915.4,620.452455049284,470.6049314333112,Shahbagh_Square,Mirpur_12,routed
CS-45,Shahbagh_Square_Site_1,CS-43,Gabtoli_Terminal_Site_1,8517.9,620.452455049284,419.1719209303812,Shahbagh_Square,Gabtoli_Terminal,routed
CS-45,Shahbagh_Square_Site_1,CS-44,Gabtoli_Terminal_Site_2,8517.9,620.452455049284,263.02616062219164,Shahbagh_Square,Gabtoli_Terminal,routed
CS-45,Shahbagh_Square_Site_1,CS-46,Shahbagh_Square_Site_2,0.0,620.452455049284,149.4116807350283,Shahbagh_Square,Shahbagh_Square,same_road_node
CS-45,Shahbagh_Square_Site_1,CS-47,Motijheel_CBD_Site_1,2341.0,620.452455049284,154.02022873663583,Shahbagh_Square,Motijheel_CBD,routed
CS-45,Shahbagh_Square_Site_1,CS-48,Motijheel_CBD_Site_2,2341.0,620.452455049284,523.372989683262,Shahbagh_Square,Motijheel_CBD,routed
CS-45,Shahbagh_Square_Site_1,CS-49,Kamalapur_Railway_Site_1,3033.9,620.452455049284,268.36694973094154,Shahbagh_Square,Kamalapur_Railway,routed
CS-45,Shahbagh_Square_Site_1,CS-50,Kamalapur_Railway_Site_2,3033.9,620.452455049284,183.61956766698643,Shahbagh_Square,Kamalapur_Railway,routed
CS-45,Shahbagh_Square_Site_1,CS-51,Old_Dhaka_Lalbagh_Site_1,8305.4,620.452455049284,545.5895924795998,Shahbagh_Square,Old_Dhaka_Lalbagh,routed
CS-45,Shahbagh_Square_Site_1,CS-52,Old_Dhaka_Lalbagh_Site_2,8305.4,620.452455049284,209.0234518928121,Shahbagh_Square,Old_Dhaka_Lalbagh,routed
CS-45,Shahbagh_Square_Site_1,CS-53,Old_Dhaka_Sadarghat_Site_1,5577.8,620.452455049284,232.38025140077238,Shahbagh_Square,Old_Dhaka_Sadarghat,routed
CS-45,Shahbagh_Square_Site_1,CS-54,Old_Dhaka_Sadarghat_Site_2,5577.8,620.452455049284,465.183542888821,Shahbagh_Square,Old_Dhaka_Sadarghat,routed
CS-45,Shahbagh_Square_Site_1,CS-55,Sayedabad_Terminal_Site_1,4237.0,620.452455049284,475.68383234599094,Shahbagh_Square,Sayedabad_Terminal,routed
CS-45,Shahbagh_Square_Site_1,CS-56,Sayedabad_Terminal_Site_2,4237.0,620.452455049284,354.404933525487,Shahbagh_Square,Sayedabad_Terminal,routed
CS-45,Shahbagh_Square_Site_1,CS-57,Jatrabari_Flyover_Hub_Site_1,5327.4,620.452455049284,358.58247775190324,Shahbagh_Square,Jatrabari_Flyover_Hub,routed
CS-45,Shahbagh_Square_Site_1,CS-58,Jatrabari_Flyover_Hub_Site_2,5327.4,620.452455049284,310.18785958369136,Shahbagh_Square,Jatrabari_Flyover_Hub,routed
CS-46,Shahbagh_Square_Site_2,CS-01,Airport_Hub_Site_1,12591.5,149.4116807350283,387.56933574644125,Shahbagh_Square,Airport_Hub,routed
CS-46,Shahbagh_Square_Site_2,CS-02,Airport_Hub_Site_2,12591.5,149.4116807350283,506.34780845964383,Shahbagh_Square,Airport_Hub,routed
CS-46,Shahbagh_Square_Site_2,CS-03,Uttara_Sec3_Site_1,15385.2,149.4116807350283,443.31187101564313,Shahbagh_Square,Uttara_Sec3,routed
CS-46,Shahbagh_Square_Site_2,CS-04,Uttara_Sec3_Site_2,15385.2,149.4116807350283,131.83159473220599,Shahbagh_Square,Uttara_Sec3,routed
CS-46,Shahbagh_Square_Site_2,CS-05,Uttara_Sec11_Site_1,16489.9,149.4116807350283,521.1013425864372,Shahbagh_Square,Uttara_Sec11,routed
CS-46,Shahbagh_Square_Site_2,CS-06,Uttara_Sec11_Site_2,16489.9,149.4116807350283,444.3265930489434,Shahbagh_Square,Uttara_Sec11,routed
CS-46,Shahbagh_Square_Site_2,CS-07,Purbachal_300ft_Site_1,18666.4,149.4116807350283,491.45821785549737,Shahbagh_Square,Purbachal_300ft,routed
CS-46,Shahbagh_Square_Site_2,CS-08,Purbachal_300ft_Site_2,18666.4,149.4116807350283,486.0039816801295,Shahbagh_Square,Purbachal_300ft,routed
CS-46,Shahbagh_Square_Site_2,CS-09,Baridhara_Diplomatic_Site_1,9278.7,149.4116807350283,480.90203532465125,Shahbagh_Square,Baridhara_Diplomatic,routed
CS-46,Shahbagh_Square_Site_2,CS-10,Baridhara_Diplomatic_Site_2,9278.7,149.4116807350283,542.4794717225486,Shahbagh_Square,Baridhara_Diplomatic,routed
CS-46,Shahbagh_Square_Site_2,CS-11,Gulshan_2_Site_1,8332.6,149.4116807350283,492.9831332681502,Shahbagh_Square,Gulshan_2,routed
CS-46,Shahbagh_Square_Site_2,CS-12,Gulshan_2_Site_2,8332.6,149.4116807350283,259.1007612239219,Shahbagh_Square,Gulshan_2,routed
CS-46,Shahbagh_Square_Site_2,CS-13,Gulshan_1_Site_1,6931.900000000001,149.4116807350283,557.8902441687196,Shahbagh_Square,Gulshan_1,routed
CS-46,Shahbagh_Square_Site_2,CS-14,Gulshan_1_Site_2,6610.5,149.4116807350283,425.1394136672309,Shahbagh_Square,Badda_Pragati_Sarani,routed
CS-46,Shahbagh_Square_Site_2,CS-15,Banani_11_Site_1,9438.2,149.4116807350283,641.5582961789066,Shahbagh_Square,Banani_11,routed
CS-46,Shahbagh_Square_Site_2,CS-16,Banani_11_Site_2,9438.2,149.4116807350283,487.73455572103404,Shahbagh_Square,Banani_11,routed
CS-46,Shahbagh_Square_Site_2,CS-17,Mohakhali_Terminal_Site_1,5340.6,149.4116807350283,274.0141386731775,Shahbagh_Square,Mohakhali_Terminal,routed
CS-46,Shahbagh_Square_Site_2,CS-18,Mohakhali_Terminal_Site_2,5340.6,149.4116807350283,667.4786340706916,Shahbagh_Square,Mohakhali_Terminal,routed
CS-46,Shahbagh_Square_Site_2,CS-19,Badda_Pragati_Sarani_Site_1,6610.5,149.4116807350283,376.98291121128,Shahbagh_Square,Badda_Pragati_Sarani,routed
CS-46,Shahbagh_Square_Site_2,CS-20,Badda_Pragati_Sarani_Site_2,6610.5,149.4116807350283,376.20287746857207,Shahbagh_Square,Badda_Pragati_Sarani,routed
CS-46,Shahbagh_Square_Site_2,CS-21,Hatirjheel_North_Site_1,4793.4,149.4116807350283,468.4064864979258,Shahbagh_Square,Hatirjheel_North,routed
CS-46,Shahbagh_Square_Site_2,CS-22,Hatirjheel_North_Site_2,4793.4,149.4116807350283,310.06191853650404,Shahbagh_Square,Hatirjheel_North,routed
CS-46,Shahbagh_Square_Site_2,CS-23,Tejgaon_Industrial_Site_1,3306.5,149.4116807350283,90.16608967047486,Shahbagh_Square,Tejgaon_Industrial,routed
CS-46,Shahbagh_Square_Site_2,CS-24,Tejgaon_Industrial_Site_2,3306.5,149.4116807350283,557.8967176144448,Shahbagh_Square,Tejgaon_Industrial,routed
CS-46,Shahbagh_Square_Site_2,CS-25,Kawran_Bazar_CBD_Site_1,4503.1,149.4116807350283,369.97026595080973,Shahbagh_Square,Kawran_Bazar_CBD,routed
CS-46,Shahbagh_Square_Site_2,CS-26,Kawran_Bazar_CBD_Site_2,4503.1,149.4116807350283,491.0807189387636,Shahbagh_Square,Kawran_Bazar_CBD,routed
CS-46,Shahbagh_Square_Site_2,CS-27,Farmgate_Hub_Site_1,2222.7,149.4116807350283,456.4519527664829,Shahbagh_Square,Farmgate_Hub,routed
CS-46,Shahbagh_Square_Site_2,CS-28,Farmgate_Hub_Site_2,2222.7,149.4116807350283,537.7862263087482,Shahbagh_Square,Farmgate_Hub,routed
CS-46,Shahbagh_Square_Site_2,CS-29,Dhanmondi_27_Site_1,3675.8999999999996,149.4116807350283,120.8257549786046,Shahbagh_Square,Dhanmondi_27,routed
CS-46,Shahbagh_Square_Site_2,CS-30,Dhanmondi_27_Site_2,3675.8999999999996,149.4116807350283,475.39463107740454,Shahbagh_Square,Dhanmondi_27,routed
CS-46,Shahbagh_Square_Site_2,CS-31,Dhanmondi_8A_Site_1,4332.0,149.4116807350283,616.0715403667175,Shahbagh_Square,Dhanmondi_8A,routed
CS-46,Shahbagh_Square_Site_2,CS-32,Dhanmondi_8A_Site_2,4332.0,149.4116807350283,411.70228464318944,Shahbagh_Square,Dhanmondi_8A,routed
CS-46,Shahbagh_Square_Site_2,CS-33,Shyamoli_Square_Site_1,6263.599999999999,149.4116807350283,470.0130841296087,Shahbagh_Square,Shyamoli_Square,routed
CS-46,Shahbagh_Square_Site_2,CS-34,Shyamoli_Square_Site_2,6263.599999999999,149.4116807350283,359.70204303201245,Shahbagh_Square,Shyamoli_Square,routed
CS-46,Shahbagh_Square_Site_2,CS-35,Mohammadpur_Townhall_Site_1,6276.5,149.4116807350283,369.96641661393016,Shahbagh_Square,Mohammadpur_Townhall,routed
CS-46,Shahbagh_Square_Site_2,CS-36,Mohammadpur_Townhall_Site_2,6276.5,149.4116807350283,532.4040986980325,Shahbagh_Square,Mohammadpur_Townhall,routed
CS-46,Shahbagh_Square_Site_2,CS-37,Mirpur_1_Site_1,8941.4,149.4116807350283,443.88921478801524,Shahbagh_Square,Mirpur_1,routed
CS-46,Shahbagh_Square_Site_2,CS-38,Mirpur_1_Site_2,8941.4,149.4116807350283,158.3147182012352,Shahbagh_Square,Mirpur_1,routed
CS-46,Shahbagh_Square_Site_2,CS-39,Mirpur_10_Circle_Site_1,9966.6,149.4116807350283,88.58928452209923,Shahbagh_Square,Mirpur_10_Circle,routed
CS-46,Shahbagh_Square_Site_2,CS-40,Mirpur_10_Circle_Site_2,9966.6,149.4116807350283,549.4653263343647,Shahbagh_Square,Mirpur_10_Circle,routed
CS-46,Shahbagh_Square_Site_2,CS-41,Mirpur_12_Site_1,11915.4,149.4116807350283,536.4117389493025,Shahbagh_Square,Mirpur_12,routed
CS-46,Shahbagh_Square_Site_2,CS-42,Mirpur_12_Site_2,11915.4,149.4116807350283,470.6049314333112,Shahbagh_Square,Mirpur_12,routed
CS-46,Shahbagh_Square_Site_2,CS-43,Gabtoli_Terminal_Site_1,8517.9,149.4116807350283,419.1719209303812,Shahbagh_Square,Gabtoli_Terminal,routed
CS-46,Shahbagh_Square_Site_2,CS-44,Gabtoli_Terminal_Site_2,8517.9,149.4116807350283,263.02616062219164,Shahbagh_Square,Gabtoli_Terminal,routed
CS-46,Shahbagh_Square_Site_2,CS-45,Shahbagh_Square_Site_1,0.0,149.4116807350283,620.452455049284,Shahbagh_Square,Shahbagh_Square,same_road_node
CS-46,Shahbagh_Square_Site_2,CS-47,Motijheel_CBD_Site_1,2341.0,149.4116807350283,154.02022873663583,Shahbagh_Square,Motijheel_CBD,routed
CS-46,Shahbagh_Square_Site_2,CS-48,Motijheel_CBD_Site_2,2341.0,149.4116807350283,523.372989683262,Shahbagh_Square,Motijheel_CBD,routed
CS-46,Shahbagh_Square_Site_2,CS-49,Kamalapur_Railway_Site_1,3033.9,149.4116807350283,268.36694973094154,Shahbagh_Square,Kamalapur_Railway,routed
CS-46,Shahbagh_Square_Site_2,CS-50,Kamalapur_Railway_Site_2,3033.9,149.4116807350283,183.61956766698643,Shahbagh_Square,Kamalapur_Railway,routed
CS-46,Shahbagh_Square_Site_2,CS-51,Old_Dhaka_Lalbagh_Site_1,8305.4,149.4116807350283,545.5895924795998,Shahbagh_Square,Old_Dhaka_Lalbagh,routed
CS-46,Shahbagh_Square_Site_2,CS-52,Old_Dhaka_Lalbagh_Site_2,8305.4,149.4116807350283,209.0234518928121,Shahbagh_Square,Old_Dhaka_Lalbagh,routed
CS-46,Shahbagh_Square_Site_2,CS-53,Old_Dhaka_Sadarghat_Site_1,5577.8,149.4116807350283,232.38025140077238,Shahbagh_Square,Old_Dhaka_Sadarghat,routed
CS-46,Shahbagh_Square_Site_2,CS-54,Old_Dhaka_Sadarghat_Site_2,5577.8,149.4116807350283,465.183542888821,Shahbagh_Square,Old_Dhaka_Sadarghat,routed
CS-46,Shahbagh_Square_Site_2,CS-55,Sayedabad_Terminal_Site_1,4237.0,149.4116807350283,475.68383234599094,Shahbagh_Square,Sayedabad_Terminal,routed
CS-46,Shahbagh_Square_Site_2,CS-56,Sayedabad_Terminal_Site_2,4237.0,149.4116807350283,354.404933525487,Shahbagh_Square,Sayedabad_Terminal,routed
CS-46,Shahbagh_Square_Site_2,CS-57,Jatrabari_Flyover_Hub_Site_1,5327.4,149.4116807350283,358.58247775190324,Shahbagh_Square,Jatrabari_Flyover_Hub,routed
CS-46,Shahbagh_Square_Site_2,CS-58,Jatrabari_Flyover_Hub_Site_2,5327.4,149.4116807350283,310.18785958369136,Shahbagh_Square,Jatrabari_Flyover_Hub,routed
CS-47,Motijheel_CBD_Site_1,CS-01,Airport_Hub_Site_1,14932.5,154.02022873663583,387.56933574644125,Motijheel_CBD,Airport_Hub,routed
CS-47,Motijheel_CBD_Site_1,CS-02,Airport_Hub_Site_2,14932.5,154.02022873663583,506.34780845964383,Motijheel_CBD,Airport_Hub,routed
CS-47,Motijheel_CBD_Site_1,CS-03,Uttara_Sec3_Site_1,17726.2,154.02022873663583,443.31187101564313,Motijheel_CBD,Uttara_Sec3,routed
CS-47,Motijheel_CBD_Site_1,CS-04,Uttara_Sec3_Site_2,17726.2,154.02022873663583,131.83159473220599,Motijheel_CBD,Uttara_Sec3,routed
CS-47,Motijheel_CBD_Site_1,CS-05,Uttara_Sec11_Site_1,18830.9,154.02022873663583,521.1013425864372,Motijheel_CBD,Uttara_Sec11,routed
CS-47,Motijheel_CBD_Site_1,CS-06,Uttara_Sec11_Site_2,18830.9,154.02022873663583,444.3265930489434,Motijheel_CBD,Uttara_Sec11,routed
CS-47,Motijheel_CBD_Site_1,CS-07,Purbachal_300ft_Site_1,21007.4,154.02022873663583,491.45821785549737,Motijheel_CBD,Purbachal_300ft,routed
CS-47,Motijheel_CBD_Site_1,CS-08,Purbachal_300ft_Site_2,21007.4,154.02022873663583,486.0039816801295,Motijheel_CBD,Purbachal_300ft,routed
CS-47,Motijheel_CBD_Site_1,CS-09,Baridhara_Diplomatic_Site_1,11619.7,154.02022873663583,480.90203532465125,Motijheel_CBD,Baridhara_Diplomatic,routed
CS-47,Motijheel_CBD_Site_1,CS-10,Baridhara_Diplomatic_Site_2,11619.7,154.02022873663583,542.4794717225486,Motijheel_CBD,Baridhara_Diplomatic,routed
CS-47,Motijheel_CBD_Site_1,CS-11,Gulshan_2_Site_1,10673.6,154.02022873663583,492.9831332681502,Motijheel_CBD,Gulshan_2,routed
CS-47,Motijheel_CBD_Site_1,CS-12,Gulshan_2_Site_2,10673.6,154.02022873663583,259.1007612239219,Motijheel_CBD,Gulshan_2,routed
CS-47,Motijheel_CBD_Site_1,CS-13,Gulshan_1_Site_1,9272.9,154.02022873663583,557.8902441687196,Motijheel_CBD,Gulshan_1,routed
CS-47,Motijheel_CBD_Site_1,CS-14,Gulshan_1_Site_2,8951.5,154.02022873663583,425.1394136672309,Motijheel_CBD,Badda_Pragati_Sarani,routed
CS-47,Motijheel_CBD_Site_1,CS-15,Banani_11_Site_1,11779.2,154.02022873663583,641.5582961789066,Motijheel_CBD,Banani_11,routed
CS-47,Motijheel_CBD_Site_1,CS-16,Banani_11_Site_2,11779.2,154.02022873663583,487.73455572103404,Motijheel_CBD,Banani_11,routed
CS-47,Motijheel_CBD_Site_1,CS-17,Mohakhali_Terminal_Site_1,7681.6,154.02022873663583,274.0141386731775,Motijheel_CBD,Mohakhali_Terminal,routed
CS-47,Motijheel_CBD_Site_1,CS-18,Mohakhali_Terminal_Site_2,7681.6,154.02022873663583,667.4786340706916,Motijheel_CBD,Mohakhali_Terminal,routed
CS-47,Motijheel_CBD_Site_1,CS-19,Badda_Pragati_Sarani_Site_1,8951.5,154.02022873663583,376.98291121128,Motijheel_CBD,Badda_Pragati_Sarani,routed
CS-47,Motijheel_CBD_Site_1,CS-20,Badda_Pragati_Sarani_Site_2,8951.5,154.02022873663583,376.20287746857207,Motijheel_CBD,Badda_Pragati_Sarani,routed
CS-47,Motijheel_CBD_Site_1,CS-21,Hatirjheel_North_Site_1,7134.4,154.02022873663583,468.4064864979258,Motijheel_CBD,Hatirjheel_North,routed
CS-47,Motijheel_CBD_Site_1,CS-22,Hatirjheel_North_Site_2,7134.4,154.02022873663583,310.06191853650404,Motijheel_CBD,Hatirjheel_North,routed
CS-47,Motijheel_CBD_Site_1,CS-23,Tejgaon_Industrial_Site_1,5647.5,154.02022873663583,90.16608967047486,Motijheel_CBD,Tejgaon_Industrial,routed
CS-47,Motijheel_CBD_Site_1,CS-24,Tejgaon_Industrial_Site_2,5647.5,154.02022873663583,557.8967176144448,Motijheel_CBD,Tejgaon_Industrial,routed
CS-47,Motijheel_CBD_Site_1,CS-25,Kawran_Bazar_CBD_Site_1,6844.1,154.02022873663583,369.97026595080973,Motijheel_CBD,Kawran_Bazar_CBD,routed
CS-47,Motijheel_CBD_Site_1,CS-26,Kawran_Bazar_CBD_Site_2,6844.1,154.02022873663583,491.0807189387636,Motijheel_CBD,Kawran_Bazar_CBD,routed
CS-47,Motijheel_CBD_Site_1,CS-27,Farmgate_Hub_Site_1,4563.7,154.02022873663583,456.4519527664829,Motijheel_CBD,Farmgate_Hub,routed
CS-47,Motijheel_CBD_Site_1,CS-28,Farmgate_Hub_Site_2,4563.7,154.02022873663583,537.7862263087482,Motijheel_CBD,Farmgate_Hub,routed
CS-47,Motijheel_CBD_Site_1,CS-29,Dhanmondi_27_Site_1,6016.9,154.02022873663583,120.8257549786046,Motijheel_CBD,Dhanmondi_27,routed
CS-47,Motijheel_CBD_Site_1,CS-30,Dhanmondi_27_Site_2,6016.9,154.02022873663583,475.39463107740454,Motijheel_CBD,Dhanmondi_27,routed
CS-47,Motijheel_CBD_Site_1,CS-31,Dhanmondi_8A_Site_1,6673.0,154.02022873663583,616.0715403667175,Motijheel_CBD,Dhanmondi_8A,routed
CS-47,Motijheel_CBD_Site_1,CS-32,Dhanmondi_8A_Site_2,6673.0,154.02022873663583,411.70228464318944,Motijheel_CBD,Dhanmondi_8A,routed
CS-47,Motijheel_CBD_Site_1,CS-33,Shyamoli_Square_Site_1,8604.599999999999,154.02022873663583,470.0130841296087,Motijheel_CBD,Shyamoli_Square,routed
CS-47,Motijheel_CBD_Site_1,CS-34,Shyamoli_Square_Site_2,8604.599999999999,154.02022873663583,359.70204303201245,Motijheel_CBD,Shyamoli_Square,routed
CS-47,Motijheel_CBD_Site_1,CS-35,Mohammadpur_Townhall_Site_1,8617.5,154.02022873663583,369.96641661393016,Motijheel_CBD,Mohammadpur_Townhall,routed
CS-47,Motijheel_CBD_Site_1,CS-36,Mohammadpur_Townhall_Site_2,8617.5,154.02022873663583,532.4040986980325,Motijheel_CBD,Mohammadpur_Townhall,routed
CS-47,Motijheel_CBD_Site_1,CS-37,Mirpur_1_Site_1,11282.399999999998,154.02022873663583,443.88921478801524,Motijheel_CBD,Mirpur_1,routed
CS-47,Motijheel_CBD_Site_1,CS-38,Mirpur_1_Site_2,11282.399999999998,154.02022873663583,158.3147182012352,Motijheel_CBD,Mirpur_1,routed
CS-47,Motijheel_CBD_Site_1,CS-39,Mirpur_10_Circle_Site_1,12307.6,154.02022873663583,88.58928452209923,Motijheel_CBD,Mirpur_10_Circle,routed
CS-47,Motijheel_CBD_Site_1,CS-40,Mirpur_10_Circle_Site_2,12307.6,154.02022873663583,549.4653263343647,Motijheel_CBD,Mirpur_10_Circle,routed
CS-47,Motijheel_CBD_Site_1,CS-41,Mirpur_12_Site_1,14256.4,154.02022873663583,536.4117389493025,Motijheel_CBD,Mirpur_12,routed
CS-47,Motijheel_CBD_Site_1,CS-42,Mirpur_12_Site_2,14256.4,154.02022873663583,470.6049314333112,Motijheel_CBD,Mirpur_12,routed
CS-47,Motijheel_CBD_Site_1,CS-43,Gabtoli_Terminal_Site_1,10858.899999999998,154.02022873663583,419.1719209303812,Motijheel_CBD,Gabtoli_Terminal,routed
CS-47,Motijheel_CBD_Site_1,CS-44,Gabtoli_Terminal_Site_2,10858.899999999998,154.02022873663583,263.02616062219164,Motijheel_CBD,Gabtoli_Terminal,routed
CS-47,Motijheel_CBD_Site_1,CS-45,Shahbagh_Square_Site_1,2341.0,154.02022873663583,620.452455049284,Motijheel_CBD,Shahbagh_Square,routed
CS-47,Motijheel_CBD_Site_1,CS-46,Shahbagh_Square_Site_2,2341.0,154.02022873663583,149.4116807350283,Motijheel_CBD,Shahbagh_Square,routed
CS-47,Motijheel_CBD_Site_1,CS-48,Motijheel_CBD_Site_2,0.0,154.02022873663583,523.372989683262,Motijheel_CBD,Motijheel_CBD,same_road_node
CS-47,Motijheel_CBD_Site_1,CS-49,Kamalapur_Railway_Site_1,692.9,154.02022873663583,268.36694973094154,Motijheel_CBD,Kamalapur_Railway,routed
CS-47,Motijheel_CBD_Site_1,CS-50,Kamalapur_Railway_Site_2,692.9,154.02022873663583,183.61956766698643,Motijheel_CBD,Kamalapur_Railway,routed
CS-47,Motijheel_CBD_Site_1,CS-51,Old_Dhaka_Lalbagh_Site_1,5964.4,154.02022873663583,545.5895924795998,Motijheel_CBD,Old_Dhaka_Lalbagh,routed
CS-47,Motijheel_CBD_Site_1,CS-52,Old_Dhaka_Lalbagh_Site_2,5964.4,154.02022873663583,209.0234518928121,Motijheel_CBD,Old_Dhaka_Lalbagh,routed
CS-47,Motijheel_CBD_Site_1,CS-53,Old_Dhaka_Sadarghat_Site_1,3236.8,154.02022873663583,232.38025140077238,Motijheel_CBD,Old_Dhaka_Sadarghat,routed
CS-47,Motijheel_CBD_Site_1,CS-54,Old_Dhaka_Sadarghat_Site_2,3236.8,154.02022873663583,465.183542888821,Motijheel_CBD,Old_Dhaka_Sadarghat,routed
CS-47,Motijheel_CBD_Site_1,CS-55,Sayedabad_Terminal_Site_1,1896.0,154.02022873663583,475.68383234599094,Motijheel_CBD,Sayedabad_Terminal,routed
CS-47,Motijheel_CBD_Site_1,CS-56,Sayedabad_Terminal_Site_2,1896.0,154.02022873663583,354.404933525487,Motijheel_CBD,Sayedabad_Terminal,routed
CS-47,Motijheel_CBD_Site_1,CS-57,Jatrabari_Flyover_Hub_Site_1,2986.4,154.02022873663583,358.58247775190324,Motijheel_CBD,Jatrabari_Flyover_Hub,routed
CS-47,Motijheel_CBD_Site_1,CS-58,Jatrabari_Flyover_Hub_Site_2,2986.4,154.02022873663583,310.18785958369136,Motijheel_CBD,Jatrabari_Flyover_Hub,routed
CS-48,Motijheel_CBD_Site_2,CS-01,Airport_Hub_Site_1,14932.5,523.372989683262,387.56933574644125,Motijheel_CBD,Airport_Hub,routed
CS-48,Motijheel_CBD_Site_2,CS-02,Airport_Hub_Site_2,14932.5,523.372989683262,506.34780845964383,Motijheel_CBD,Airport_Hub,routed
CS-48,Motijheel_CBD_Site_2,CS-03,Uttara_Sec3_Site_1,17726.2,523.372989683262,443.31187101564313,Motijheel_CBD,Uttara_Sec3,routed
CS-48,Motijheel_CBD_Site_2,CS-04,Uttara_Sec3_Site_2,17726.2,523.372989683262,131.83159473220599,Motijheel_CBD,Uttara_Sec3,routed
CS-48,Motijheel_CBD_Site_2,CS-05,Uttara_Sec11_Site_1,18830.9,523.372989683262,521.1013425864372,Motijheel_CBD,Uttara_Sec11,routed
CS-48,Motijheel_CBD_Site_2,CS-06,Uttara_Sec11_Site_2,18830.9,523.372989683262,444.3265930489434,Motijheel_CBD,Uttara_Sec11,routed
CS-48,Motijheel_CBD_Site_2,CS-07,Purbachal_300ft_Site_1,21007.4,523.372989683262,491.45821785549737,Motijheel_CBD,Purbachal_300ft,routed
CS-48,Motijheel_CBD_Site_2,CS-08,Purbachal_300ft_Site_2,21007.4,523.372989683262,486.0039816801295,Motijheel_CBD,Purbachal_300ft,routed
CS-48,Motijheel_CBD_Site_2,CS-09,Baridhara_Diplomatic_Site_1,11619.7,523.372989683262,480.90203532465125,Motijheel_CBD,Baridhara_Diplomatic,routed
CS-48,Motijheel_CBD_Site_2,CS-10,Baridhara_Diplomatic_Site_2,11619.7,523.372989683262,542.4794717225486,Motijheel_CBD,Baridhara_Diplomatic,routed
CS-48,Motijheel_CBD_Site_2,CS-11,Gulshan_2_Site_1,10673.6,523.372989683262,492.9831332681502,Motijheel_CBD,Gulshan_2,routed
CS-48,Motijheel_CBD_Site_2,CS-12,Gulshan_2_Site_2,10673.6,523.372989683262,259.1007612239219,Motijheel_CBD,Gulshan_2,routed
CS-48,Motijheel_CBD_Site_2,CS-13,Gulshan_1_Site_1,9272.9,523.372989683262,557.8902441687196,Motijheel_CBD,Gulshan_1,routed
CS-48,Motijheel_CBD_Site_2,CS-14,Gulshan_1_Site_2,8951.5,523.372989683262,425.1394136672309,Motijheel_CBD,Badda_Pragati_Sarani,routed
CS-48,Motijheel_CBD_Site_2,CS-15,Banani_11_Site_1,11779.2,523.372989683262,641.5582961789066,Motijheel_CBD,Banani_11,routed
CS-48,Motijheel_CBD_Site_2,CS-16,Banani_11_Site_2,11779.2,523.372989683262,487.73455572103404,Motijheel_CBD,Banani_11,routed
CS-48,Motijheel_CBD_Site_2,CS-17,Mohakhali_Terminal_Site_1,7681.6,523.372989683262,274.0141386731775,Motijheel_CBD,Mohakhali_Terminal,routed
CS-48,Motijheel_CBD_Site_2,CS-18,Mohakhali_Terminal_Site_2,7681.6,523.372989683262,667.4786340706916,Motijheel_CBD,Mohakhali_Terminal,routed
CS-48,Motijheel_CBD_Site_2,CS-19,Badda_Pragati_Sarani_Site_1,8951.5,523.372989683262,376.98291121128,Motijheel_CBD,Badda_Pragati_Sarani,routed
CS-48,Motijheel_CBD_Site_2,CS-20,Badda_Pragati_Sarani_Site_2,8951.5,523.372989683262,376.20287746857207,Motijheel_CBD,Badda_Pragati_Sarani,routed
CS-48,Motijheel_CBD_Site_2,CS-21,Hatirjheel_North_Site_1,7134.4,523.372989683262,468.4064864979258,Motijheel_CBD,Hatirjheel_North,routed
CS-48,Motijheel_CBD_Site_2,CS-22,Hatirjheel_North_Site_2,7134.4,523.372989683262,310.06191853650404,Motijheel_CBD,Hatirjheel_North,routed
CS-48,Motijheel_CBD_Site_2,CS-23,Tejgaon_Industrial_Site_1,5647.5,523.372989683262,90.16608967047486,Motijheel_CBD,Tejgaon_Industrial,routed
CS-48,Motijheel_CBD_Site_2,CS-24,Tejgaon_Industrial_Site_2,5647.5,523.372989683262,557.8967176144448,Motijheel_CBD,Tejgaon_Industrial,routed
CS-48,Motijheel_CBD_Site_2,CS-25,Kawran_Bazar_CBD_Site_1,6844.1,523.372989683262,369.97026595080973,Motijheel_CBD,Kawran_Bazar_CBD,routed
CS-48,Motijheel_CBD_Site_2,CS-26,Kawran_Bazar_CBD_Site_2,6844.1,523.372989683262,491.0807189387636,Motijheel_CBD,Kawran_Bazar_CBD,routed
CS-48,Motijheel_CBD_Site_2,CS-27,Farmgate_Hub_Site_1,4563.7,523.372989683262,456.4519527664829,Motijheel_CBD,Farmgate_Hub,routed
CS-48,Motijheel_CBD_Site_2,CS-28,Farmgate_Hub_Site_2,4563.7,523.372989683262,537.7862263087482,Motijheel_CBD,Farmgate_Hub,routed
CS-48,Motijheel_CBD_Site_2,CS-29,Dhanmondi_27_Site_1,6016.9,523.372989683262,120.8257549786046,Motijheel_CBD,Dhanmondi_27,routed
CS-48,Motijheel_CBD_Site_2,CS-30,Dhanmondi_27_Site_2,6016.9,523.372989683262,475.39463107740454,Motijheel_CBD,Dhanmondi_27,routed
CS-48,Motijheel_CBD_Site_2,CS-31,Dhanmondi_8A_Site_1,6673.0,523.372989683262,616.0715403667175,Motijheel_CBD,Dhanmondi_8A,routed
CS-48,Motijheel_CBD_Site_2,CS-32,Dhanmondi_8A_Site_2,6673.0,523.372989683262,411.70228464318944,Motijheel_CBD,Dhanmondi_8A,routed
CS-48,Motijheel_CBD_Site_2,CS-33,Shyamoli_Square_Site_1,8604.599999999999,523.372989683262,470.0130841296087,Motijheel_CBD,Shyamoli_Square,routed
CS-48,Motijheel_CBD_Site_2,CS-34,Shyamoli_Square_Site_2,8604.599999999999,523.372989683262,359.70204303201245,Motijheel_CBD,Shyamoli_Square,routed
CS-48,Motijheel_CBD_Site_2,CS-35,Mohammadpur_Townhall_Site_1,8617.5,523.372989683262,369.96641661393016,Motijheel_CBD,Mohammadpur_Townhall,routed
CS-48,Motijheel_CBD_Site_2,CS-36,Mohammadpur_Townhall_Site_2,8617.5,523.372989683262,532.4040986980325,Motijheel_CBD,Mohammadpur_Townhall,routed
CS-48,Motijheel_CBD_Site_2,CS-37,Mirpur_1_Site_1,11282.399999999998,523.372989683262,443.88921478801524,Motijheel_CBD,Mirpur_1,routed
CS-48,Motijheel_CBD_Site_2,CS-38,Mirpur_1_Site_2,11282.399999999998,523.372989683262,158.3147182012352,Motijheel_CBD,Mirpur_1,routed
CS-48,Motijheel_CBD_Site_2,CS-39,Mirpur_10_Circle_Site_1,12307.6,523.372989683262,88.58928452209923,Motijheel_CBD,Mirpur_10_Circle,routed
CS-48,Motijheel_CBD_Site_2,CS-40,Mirpur_10_Circle_Site_2,12307.6,523.372989683262,549.4653263343647,Motijheel_CBD,Mirpur_10_Circle,routed
CS-48,Motijheel_CBD_Site_2,CS-41,Mirpur_12_Site_1,14256.4,523.372989683262,536.4117389493025,Motijheel_CBD,Mirpur_12,routed
CS-48,Motijheel_CBD_Site_2,CS-42,Mirpur_12_Site_2,14256.4,523.372989683262,470.6049314333112,Motijheel_CBD,Mirpur_12,routed
CS-48,Motijheel_CBD_Site_2,CS-43,Gabtoli_Terminal_Site_1,10858.899999999998,523.372989683262,419.1719209303812,Motijheel_CBD,Gabtoli_Terminal,routed
CS-48,Motijheel_CBD_Site_2,CS-44,Gabtoli_Terminal_Site_2,10858.899999999998,523.372989683262,263.02616062219164,Motijheel_CBD,Gabtoli_Terminal,routed
CS-48,Motijheel_CBD_Site_2,CS-45,Shahbagh_Square_Site_1,2341.0,523.372989683262,620.452455049284,Motijheel_CBD,Shahbagh_Square,routed
CS-48,Motijheel_CBD_Site_2,CS-46,Shahbagh_Square_Site_2,2341.0,523.372989683262,149.4116807350283,Motijheel_CBD,Shahbagh_Square,routed
CS-48,Motijheel_CBD_Site_2,CS-47,Motijheel_CBD_Site_1,0.0,523.372989683262,154.02022873663583,Motijheel_CBD,Motijheel_CBD,same_road_node
CS-48,Motijheel_CBD_Site_2,CS-49,Kamalapur_Railway_Site_1,692.9,523.372989683262,268.36694973094154,Motijheel_CBD,Kamalapur_Railway,routed
CS-48,Motijheel_CBD_Site_2,CS-50,Kamalapur_Railway_Site_2,692.9,523.372989683262,183.61956766698643,Motijheel_CBD,Kamalapur_Railway,routed
CS-48,Motijheel_CBD_Site_2,CS-51,Old_Dhaka_Lalbagh_Site_1,5964.4,523.372989683262,545.5895924795998,Motijheel_CBD,Old_Dhaka_Lalbagh,routed
CS-48,Motijheel_CBD_Site_2,CS-52,Old_Dhaka_Lalbagh_Site_2,5964.4,523.372989683262,209.0234518928121,Motijheel_CBD,Old_Dhaka_Lalbagh,routed
CS-48,Motijheel_CBD_Site_2,CS-53,Old_Dhaka_Sadarghat_Site_1,3236.8,523.372989683262,232.38025140077238,Motijheel_CBD,Old_Dhaka_Sadarghat,routed
CS-48,Motijheel_CBD_Site_2,CS-54,Old_Dhaka_Sadarghat_Site_2,3236.8,523.372989683262,465.183542888821,Motijheel_CBD,Old_Dhaka_Sadarghat,routed
CS-48,Motijheel_CBD_Site_2,CS-55,Sayedabad_Terminal_Site_1,1896.0,523.372989683262,475.68383234599094,Motijheel_CBD,Sayedabad_Terminal,routed
CS-48,Motijheel_CBD_Site_2,CS-56,Sayedabad_Terminal_Site_2,1896.0,523.372989683262,354.404933525487,Motijheel_CBD,Sayedabad_Terminal,routed
CS-48,Motijheel_CBD_Site_2,CS-57,Jatrabari_Flyover_Hub_Site_1,2986.4,523.372989683262,358.58247775190324,Motijheel_CBD,Jatrabari_Flyover_Hub,routed
CS-48,Motijheel_CBD_Site_2,CS-58,Jatrabari_Flyover_Hub_Site_2,2986.4,523.372989683262,310.18785958369136,Motijheel_CBD,Jatrabari_Flyover_Hub,routed
CS-49,Kamalapur_Railway_Site_1,CS-01,Airport_Hub_Site_1,15625.4,268.36694973094154,387.56933574644125,Kamalapur_Railway,Airport_Hub,routed
CS-49,Kamalapur_Railway_Site_1,CS-02,Airport_Hub_Site_2,15625.4,268.36694973094154,506.34780845964383,Kamalapur_Railway,Airport_Hub,routed
CS-49,Kamalapur_Railway_Site_1,CS-03,Uttara_Sec3_Site_1,18419.1,268.36694973094154,443.31187101564313,Kamalapur_Railway,Uttara_Sec3,routed
CS-49,Kamalapur_Railway_Site_1,CS-04,Uttara_Sec3_Site_2,18419.1,268.36694973094154,131.83159473220599,Kamalapur_Railway,Uttara_Sec3,routed
CS-49,Kamalapur_Railway_Site_1,CS-05,Uttara_Sec11_Site_1,19523.8,268.36694973094154,521.1013425864372,Kamalapur_Railway,Uttara_Sec11,routed
CS-49,Kamalapur_Railway_Site_1,CS-06,Uttara_Sec11_Site_2,19523.8,268.36694973094154,444.3265930489434,Kamalapur_Railway,Uttara_Sec11,routed
CS-49,Kamalapur_Railway_Site_1,CS-07,Purbachal_300ft_Site_1,21700.3,268.36694973094154,491.45821785549737,Kamalapur_Railway,Purbachal_300ft,routed
CS-49,Kamalapur_Railway_Site_1,CS-08,Purbachal_300ft_Site_2,21700.3,268.36694973094154,486.0039816801295,Kamalapur_Railway,Purbachal_300ft,routed
CS-49,Kamalapur_Railway_Site_1,CS-09,Baridhara_Diplomatic_Site_1,12312.6,268.36694973094154,480.90203532465125,Kamalapur_Railway,Baridhara_Diplomatic,routed
CS-49,Kamalapur_Railway_Site_1,CS-10,Baridhara_Diplomatic_Site_2,12312.6,268.36694973094154,542.4794717225486,Kamalapur_Railway,Baridhara_Diplomatic,routed
CS-49,Kamalapur_Railway_Site_1,CS-11,Gulshan_2_Site_1,11366.5,268.36694973094154,492.9831332681502,Kamalapur_Railway,Gulshan_2,routed
CS-49,Kamalapur_Railway_Site_1,CS-12,Gulshan_2_Site_2,11366.5,268.36694973094154,259.1007612239219,Kamalapur_Railway,Gulshan_2,routed
CS-49,Kamalapur_Railway_Site_1,CS-13,Gulshan_1_Site_1,9965.8,268.36694973094154,557.8902441687196,Kamalapur_Railway,Gulshan_1,routed
CS-49,Kamalapur_Railway_Site_1,CS-14,Gulshan_1_Site_2,9644.400000000001,268.36694973094154,425.1394136672309,Kamalapur_Railway,Badda_Pragati_Sarani,routed
CS-49,Kamalapur_Railway_Site_1,CS-15,Banani_11_Site_1,12472.1,268.36694973094154,641.5582961789066,Kamalapur_Railway,Banani_11,routed
CS-49,Kamalapur_Railway_Site_1,CS-16,Banani_11_Site_2,12472.1,268.36694973094154,487.73455572103404,Kamalapur_Railway,Banani_11,routed
CS-49,Kamalapur_Railway_Site_1,CS-17,Mohakhali_Terminal_Site_1,8374.5,268.36694973094154,274.0141386731775,Kamalapur_Railway,Mohakhali_Terminal,routed
CS-49,Kamalapur_Railway_Site_1,CS-18,Mohakhali_Terminal_Site_2,8374.5,268.36694973094154,667.4786340706916,Kamalapur_Railway,Mohakhali_Terminal,routed
CS-49,Kamalapur_Railway_Site_1,CS-19,Badda_Pragati_Sarani_Site_1,9644.400000000001,268.36694973094154,376.98291121128,Kamalapur_Railway,Badda_Pragati_Sarani,routed
CS-49,Kamalapur_Railway_Site_1,CS-20,Badda_Pragati_Sarani_Site_2,9644.400000000001,268.36694973094154,376.20287746857207,Kamalapur_Railway,Badda_Pragati_Sarani,routed
CS-49,Kamalapur_Railway_Site_1,CS-21,Hatirjheel_North_Site_1,7827.300000000001,268.36694973094154,468.4064864979258,Kamalapur_Railway,Hatirjheel_North,routed
CS-49,Kamalapur_Railway_Site_1,CS-22,Hatirjheel_North_Site_2,7827.300000000001,268.36694973094154,310.06191853650404,Kamalapur_Railway,Hatirjheel_North,routed
CS-49,Kamalapur_Railway_Site_1,CS-23,Tejgaon_Industrial_Site_1,6340.400000000001,268.36694973094154,90.16608967047486,Kamalapur_Railway,Tejgaon_Industrial,routed
CS-49,Kamalapur_Railway_Site_1,CS-24,Tejgaon_Industrial_Site_2,6340.400000000001,268.36694973094154,557.8967176144448,Kamalapur_Railway,Tejgaon_Industrial,routed
CS-49,Kamalapur_Railway_Site_1,CS-25,Kawran_Bazar_CBD_Site_1,7537.0,268.36694973094154,369.97026595080973,Kamalapur_Railway,Kawran_Bazar_CBD,routed
CS-49,Kamalapur_Railway_Site_1,CS-26,Kawran_Bazar_CBD_Site_2,7537.0,268.36694973094154,491.0807189387636,Kamalapur_Railway,Kawran_Bazar_CBD,routed
CS-49,Kamalapur_Railway_Site_1,CS-27,Farmgate_Hub_Site_1,5256.6,268.36694973094154,456.4519527664829,Kamalapur_Railway,Farmgate_Hub,routed
CS-49,Kamalapur_Railway_Site_1,CS-28,Farmgate_Hub_Site_2,5256.6,268.36694973094154,537.7862263087482,Kamalapur_Railway,Farmgate_Hub,routed
CS-49,Kamalapur_Railway_Site_1,CS-29,Dhanmondi_27_Site_1,6709.8,268.36694973094154,120.8257549786046,Kamalapur_Railway,Dhanmondi_27,routed
CS-49,Kamalapur_Railway_Site_1,CS-30,Dhanmondi_27_Site_2,6709.8,268.36694973094154,475.39463107740454,Kamalapur_Railway,Dhanmondi_27,routed
CS-49,Kamalapur_Railway_Site_1,CS-31,Dhanmondi_8A_Site_1,7365.900000000001,268.36694973094154,616.0715403667175,Kamalapur_Railway,Dhanmondi_8A,routed
CS-49,Kamalapur_Railway_Site_1,CS-32,Dhanmondi_8A_Site_2,7365.900000000001,268.36694973094154,411.70228464318944,Kamalapur_Railway,Dhanmondi_8A,routed
CS-49,Kamalapur_Railway_Site_1,CS-33,Shyamoli_Square_Site_1,9297.5,268.36694973094154,470.0130841296087,Kamalapur_Railway,Shyamoli_Square,routed
CS-49,Kamalapur_Railway_Site_1,CS-34,Shyamoli_Square_Site_2,9297.5,268.36694973094154,359.70204303201245,Kamalapur_Railway,Shyamoli_Square,routed
CS-49,Kamalapur_Railway_Site_1,CS-35,Mohammadpur_Townhall_Site_1,9310.400000000001,268.36694973094154,369.96641661393016,Kamalapur_Railway,Mohammadpur_Townhall,routed
CS-49,Kamalapur_Railway_Site_1,CS-36,Mohammadpur_Townhall_Site_2,9310.400000000001,268.36694973094154,532.4040986980325,Kamalapur_Railway,Mohammadpur_Townhall,routed
CS-49,Kamalapur_Railway_Site_1,CS-37,Mirpur_1_Site_1,11975.3,268.36694973094154,443.88921478801524,Kamalapur_Railway,Mirpur_1,routed
CS-49,Kamalapur_Railway_Site_1,CS-38,Mirpur_1_Site_2,11975.3,268.36694973094154,158.3147182012352,Kamalapur_Railway,Mirpur_1,routed
CS-49,Kamalapur_Railway_Site_1,CS-39,Mirpur_10_Circle_Site_1,13000.5,268.36694973094154,88.58928452209923,Kamalapur_Railway,Mirpur_10_Circle,routed
CS-49,Kamalapur_Railway_Site_1,CS-40,Mirpur_10_Circle_Site_2,13000.5,268.36694973094154,549.4653263343647,Kamalapur_Railway,Mirpur_10_Circle,routed
CS-49,Kamalapur_Railway_Site_1,CS-41,Mirpur_12_Site_1,14949.3,268.36694973094154,536.4117389493025,Kamalapur_Railway,Mirpur_12,routed
CS-49,Kamalapur_Railway_Site_1,CS-42,Mirpur_12_Site_2,14949.3,268.36694973094154,470.6049314333112,Kamalapur_Railway,Mirpur_12,routed
CS-49,Kamalapur_Railway_Site_1,CS-43,Gabtoli_Terminal_Site_1,11551.8,268.36694973094154,419.1719209303812,Kamalapur_Railway,Gabtoli_Terminal,routed
CS-49,Kamalapur_Railway_Site_1,CS-44,Gabtoli_Terminal_Site_2,11551.8,268.36694973094154,263.02616062219164,Kamalapur_Railway,Gabtoli_Terminal,routed
CS-49,Kamalapur_Railway_Site_1,CS-45,Shahbagh_Square_Site_1,3033.9,268.36694973094154,620.452455049284,Kamalapur_Railway,Shahbagh_Square,routed
CS-49,Kamalapur_Railway_Site_1,CS-46,Shahbagh_Square_Site_2,3033.9,268.36694973094154,149.4116807350283,Kamalapur_Railway,Shahbagh_Square,routed
CS-49,Kamalapur_Railway_Site_1,CS-47,Motijheel_CBD_Site_1,692.9,268.36694973094154,154.02022873663583,Kamalapur_Railway,Motijheel_CBD,routed
CS-49,Kamalapur_Railway_Site_1,CS-48,Motijheel_CBD_Site_2,692.9,268.36694973094154,523.372989683262,Kamalapur_Railway,Motijheel_CBD,routed
CS-49,Kamalapur_Railway_Site_1,CS-50,Kamalapur_Railway_Site_2,0.0,268.36694973094154,183.61956766698643,Kamalapur_Railway,Kamalapur_Railway,same_road_node
CS-49,Kamalapur_Railway_Site_1,CS-51,Old_Dhaka_Lalbagh_Site_1,6657.3,268.36694973094154,545.5895924795998,Kamalapur_Railway,Old_Dhaka_Lalbagh,routed
CS-49,Kamalapur_Railway_Site_1,CS-52,Old_Dhaka_Lalbagh_Site_2,6657.3,268.36694973094154,209.0234518928121,Kamalapur_Railway,Old_Dhaka_Lalbagh,routed
CS-49,Kamalapur_Railway_Site_1,CS-53,Old_Dhaka_Sadarghat_Site_1,3929.7000000000003,268.36694973094154,232.38025140077238,Kamalapur_Railway,Old_Dhaka_Sadarghat,routed
CS-49,Kamalapur_Railway_Site_1,CS-54,Old_Dhaka_Sadarghat_Site_2,3929.7000000000003,268.36694973094154,465.183542888821,Kamalapur_Railway,Old_Dhaka_Sadarghat,routed
CS-49,Kamalapur_Railway_Site_1,CS-55,Sayedabad_Terminal_Site_1,2588.9,268.36694973094154,475.68383234599094,Kamalapur_Railway,Sayedabad_Terminal,routed
CS-49,Kamalapur_Railway_Site_1,CS-56,Sayedabad_Terminal_Site_2,2588.9,268.36694973094154,354.404933525487,Kamalapur_Railway,Sayedabad_Terminal,routed
CS-49,Kamalapur_Railway_Site_1,CS-57,Jatrabari_Flyover_Hub_Site_1,3679.3,268.36694973094154,358.58247775190324,Kamalapur_Railway,Jatrabari_Flyover_Hub,routed
CS-49,Kamalapur_Railway_Site_1,CS-58,Jatrabari_Flyover_Hub_Site_2,3679.3,268.36694973094154,310.18785958369136,Kamalapur_Railway,Jatrabari_Flyover_Hub,routed
CS-50,Kamalapur_Railway_Site_2,CS-01,Airport_Hub_Site_1,15625.4,183.61956766698643,387.56933574644125,Kamalapur_Railway,Airport_Hub,routed
CS-50,Kamalapur_Railway_Site_2,CS-02,Airport_Hub_Site_2,15625.4,183.61956766698643,506.34780845964383,Kamalapur_Railway,Airport_Hub,routed
CS-50,Kamalapur_Railway_Site_2,CS-03,Uttara_Sec3_Site_1,18419.1,183.61956766698643,443.31187101564313,Kamalapur_Railway,Uttara_Sec3,routed
CS-50,Kamalapur_Railway_Site_2,CS-04,Uttara_Sec3_Site_2,18419.1,183.61956766698643,131.83159473220599,Kamalapur_Railway,Uttara_Sec3,routed
CS-50,Kamalapur_Railway_Site_2,CS-05,Uttara_Sec11_Site_1,19523.8,183.61956766698643,521.1013425864372,Kamalapur_Railway,Uttara_Sec11,routed
CS-50,Kamalapur_Railway_Site_2,CS-06,Uttara_Sec11_Site_2,19523.8,183.61956766698643,444.3265930489434,Kamalapur_Railway,Uttara_Sec11,routed
CS-50,Kamalapur_Railway_Site_2,CS-07,Purbachal_300ft_Site_1,21700.3,183.61956766698643,491.45821785549737,Kamalapur_Railway,Purbachal_300ft,routed
CS-50,Kamalapur_Railway_Site_2,CS-08,Purbachal_300ft_Site_2,21700.3,183.61956766698643,486.0039816801295,Kamalapur_Railway,Purbachal_300ft,routed
CS-50,Kamalapur_Railway_Site_2,CS-09,Baridhara_Diplomatic_Site_1,12312.6,183.61956766698643,480.90203532465125,Kamalapur_Railway,Baridhara_Diplomatic,routed
CS-50,Kamalapur_Railway_Site_2,CS-10,Baridhara_Diplomatic_Site_2,12312.6,183.61956766698643,542.4794717225486,Kamalapur_Railway,Baridhara_Diplomatic,routed
CS-50,Kamalapur_Railway_Site_2,CS-11,Gulshan_2_Site_1,11366.5,183.61956766698643,492.9831332681502,Kamalapur_Railway,Gulshan_2,routed
CS-50,Kamalapur_Railway_Site_2,CS-12,Gulshan_2_Site_2,11366.5,183.61956766698643,259.1007612239219,Kamalapur_Railway,Gulshan_2,routed
CS-50,Kamalapur_Railway_Site_2,CS-13,Gulshan_1_Site_1,9965.8,183.61956766698643,557.8902441687196,Kamalapur_Railway,Gulshan_1,routed
CS-50,Kamalapur_Railway_Site_2,CS-14,Gulshan_1_Site_2,9644.400000000001,183.61956766698643,425.1394136672309,Kamalapur_Railway,Badda_Pragati_Sarani,routed
CS-50,Kamalapur_Railway_Site_2,CS-15,Banani_11_Site_1,12472.1,183.61956766698643,641.5582961789066,Kamalapur_Railway,Banani_11,routed
CS-50,Kamalapur_Railway_Site_2,CS-16,Banani_11_Site_2,12472.1,183.61956766698643,487.73455572103404,Kamalapur_Railway,Banani_11,routed
CS-50,Kamalapur_Railway_Site_2,CS-17,Mohakhali_Terminal_Site_1,8374.5,183.61956766698643,274.0141386731775,Kamalapur_Railway,Mohakhali_Terminal,routed
CS-50,Kamalapur_Railway_Site_2,CS-18,Mohakhali_Terminal_Site_2,8374.5,183.61956766698643,667.4786340706916,Kamalapur_Railway,Mohakhali_Terminal,routed
CS-50,Kamalapur_Railway_Site_2,CS-19,Badda_Pragati_Sarani_Site_1,9644.400000000001,183.61956766698643,376.98291121128,Kamalapur_Railway,Badda_Pragati_Sarani,routed
CS-50,Kamalapur_Railway_Site_2,CS-20,Badda_Pragati_Sarani_Site_2,9644.400000000001,183.61956766698643,376.20287746857207,Kamalapur_Railway,Badda_Pragati_Sarani,routed
CS-50,Kamalapur_Railway_Site_2,CS-21,Hatirjheel_North_Site_1,7827.300000000001,183.61956766698643,468.4064864979258,Kamalapur_Railway,Hatirjheel_North,routed
CS-50,Kamalapur_Railway_Site_2,CS-22,Hatirjheel_North_Site_2,7827.300000000001,183.61956766698643,310.06191853650404,Kamalapur_Railway,Hatirjheel_North,routed
CS-50,Kamalapur_Railway_Site_2,CS-23,Tejgaon_Industrial_Site_1,6340.400000000001,183.61956766698643,90.16608967047486,Kamalapur_Railway,Tejgaon_Industrial,routed
CS-50,Kamalapur_Railway_Site_2,CS-24,Tejgaon_Industrial_Site_2,6340.400000000001,183.61956766698643,557.8967176144448,Kamalapur_Railway,Tejgaon_Industrial,routed
CS-50,Kamalapur_Railway_Site_2,CS-25,Kawran_Bazar_CBD_Site_1,7537.0,183.61956766698643,369.97026595080973,Kamalapur_Railway,Kawran_Bazar_CBD,routed
CS-50,Kamalapur_Railway_Site_2,CS-26,Kawran_Bazar_CBD_Site_2,7537.0,183.61956766698643,491.0807189387636,Kamalapur_Railway,Kawran_Bazar_CBD,routed
CS-50,Kamalapur_Railway_Site_2,CS-27,Farmgate_Hub_Site_1,5256.6,183.61956766698643,456.4519527664829,Kamalapur_Railway,Farmgate_Hub,routed
CS-50,Kamalapur_Railway_Site_2,CS-28,Farmgate_Hub_Site_2,5256.6,183.61956766698643,537.7862263087482,Kamalapur_Railway,Farmgate_Hub,routed
CS-50,Kamalapur_Railway_Site_2,CS-29,Dhanmondi_27_Site_1,6709.8,183.61956766698643,120.8257549786046,Kamalapur_Railway,Dhanmondi_27,routed
CS-50,Kamalapur_Railway_Site_2,CS-30,Dhanmondi_27_Site_2,6709.8,183.61956766698643,475.39463107740454,Kamalapur_Railway,Dhanmondi_27,routed
CS-50,Kamalapur_Railway_Site_2,CS-31,Dhanmondi_8A_Site_1,7365.900000000001,183.61956766698643,616.0715403667175,Kamalapur_Railway,Dhanmondi_8A,routed
CS-50,Kamalapur_Railway_Site_2,CS-32,Dhanmondi_8A_Site_2,7365.900000000001,183.61956766698643,411.70228464318944,Kamalapur_Railway,Dhanmondi_8A,routed
CS-50,Kamalapur_Railway_Site_2,CS-33,Shyamoli_Square_Site_1,9297.5,183.61956766698643,470.0130841296087,Kamalapur_Railway,Shyamoli_Square,routed
CS-50,Kamalapur_Railway_Site_2,CS-34,Shyamoli_Square_Site_2,9297.5,183.61956766698643,359.70204303201245,Kamalapur_Railway,Shyamoli_Square,routed
CS-50,Kamalapur_Railway_Site_2,CS-35,Mohammadpur_Townhall_Site_1,9310.400000000001,183.61956766698643,369.96641661393016,Kamalapur_Railway,Mohammadpur_Townhall,routed
CS-50,Kamalapur_Railway_Site_2,CS-36,Mohammadpur_Townhall_Site_2,9310.400000000001,183.61956766698643,532.4040986980325,Kamalapur_Railway,Mohammadpur_Townhall,routed
CS-50,Kamalapur_Railway_Site_2,CS-37,Mirpur_1_Site_1,11975.3,183.61956766698643,443.88921478801524,Kamalapur_Railway,Mirpur_1,routed
CS-50,Kamalapur_Railway_Site_2,CS-38,Mirpur_1_Site_2,11975.3,183.61956766698643,158.3147182012352,Kamalapur_Railway,Mirpur_1,routed
CS-50,Kamalapur_Railway_Site_2,CS-39,Mirpur_10_Circle_Site_1,13000.5,183.61956766698643,88.58928452209923,Kamalapur_Railway,Mirpur_10_Circle,routed
CS-50,Kamalapur_Railway_Site_2,CS-40,Mirpur_10_Circle_Site_2,13000.5,183.61956766698643,549.4653263343647,Kamalapur_Railway,Mirpur_10_Circle,routed
CS-50,Kamalapur_Railway_Site_2,CS-41,Mirpur_12_Site_1,14949.3,183.61956766698643,536.4117389493025,Kamalapur_Railway,Mirpur_12,routed
CS-50,Kamalapur_Railway_Site_2,CS-42,Mirpur_12_Site_2,14949.3,183.61956766698643,470.6049314333112,Kamalapur_Railway,Mirpur_12,routed
CS-50,Kamalapur_Railway_Site_2,CS-43,Gabtoli_Terminal_Site_1,11551.8,183.61956766698643,419.1719209303812,Kamalapur_Railway,Gabtoli_Terminal,routed
CS-50,Kamalapur_Railway_Site_2,CS-44,Gabtoli_Terminal_Site_2,11551.8,183.61956766698643,263.02616062219164,Kamalapur_Railway,Gabtoli_Terminal,routed
CS-50,Kamalapur_Railway_Site_2,CS-45,Shahbagh_Square_Site_1,3033.9,183.61956766698643,620.452455049284,Kamalapur_Railway,Shahbagh_Square,routed
CS-50,Kamalapur_Railway_Site_2,CS-46,Shahbagh_Square_Site_2,3033.9,183.61956766698643,149.4116807350283,Kamalapur_Railway,Shahbagh_Square,routed
CS-50,Kamalapur_Railway_Site_2,CS-47,Motijheel_CBD_Site_1,692.9,183.61956766698643,154.02022873663583,Kamalapur_Railway,Motijheel_CBD,routed
CS-50,Kamalapur_Railway_Site_2,CS-48,Motijheel_CBD_Site_2,692.9,183.61956766698643,523.372989683262,Kamalapur_Railway,Motijheel_CBD,routed
CS-50,Kamalapur_Railway_Site_2,CS-49,Kamalapur_Railway_Site_1,0.0,183.61956766698643,268.36694973094154,Kamalapur_Railway,Kamalapur_Railway,same_road_node
CS-50,Kamalapur_Railway_Site_2,CS-51,Old_Dhaka_Lalbagh_Site_1,6657.3,183.61956766698643,545.5895924795998,Kamalapur_Railway,Old_Dhaka_Lalbagh,routed
CS-50,Kamalapur_Railway_Site_2,CS-52,Old_Dhaka_Lalbagh_Site_2,6657.3,183.61956766698643,209.0234518928121,Kamalapur_Railway,Old_Dhaka_Lalbagh,routed
CS-50,Kamalapur_Railway_Site_2,CS-53,Old_Dhaka_Sadarghat_Site_1,3929.7000000000003,183.61956766698643,232.38025140077238,Kamalapur_Railway,Old_Dhaka_Sadarghat,routed
CS-50,Kamalapur_Railway_Site_2,CS-54,Old_Dhaka_Sadarghat_Site_2,3929.7000000000003,183.61956766698643,465.183542888821,Kamalapur_Railway,Old_Dhaka_Sadarghat,routed
CS-50,Kamalapur_Railway_Site_2,CS-55,Sayedabad_Terminal_Site_1,2588.9,183.61956766698643,475.68383234599094,Kamalapur_Railway,Sayedabad_Terminal,routed
CS-50,Kamalapur_Railway_Site_2,CS-56,Sayedabad_Terminal_Site_2,2588.9,183.61956766698643,354.404933525487,Kamalapur_Railway,Sayedabad_Terminal,routed
CS-50,Kamalapur_Railway_Site_2,CS-57,Jatrabari_Flyover_Hub_Site_1,3679.3,183.61956766698643,358.58247775190324,Kamalapur_Railway,Jatrabari_Flyover_Hub,routed
CS-50,Kamalapur_Railway_Site_2,CS-58,Jatrabari_Flyover_Hub_Site_2,3679.3,183.61956766698643,310.18785958369136,Kamalapur_Railway,Jatrabari_Flyover_Hub,routed
CS-51,Old_Dhaka_Lalbagh_Site_1,CS-01,Airport_Hub_Site_1,20896.899999999998,545.5895924795998,387.56933574644125,Old_Dhaka_Lalbagh,Airport_Hub,routed
CS-51,Old_Dhaka_Lalbagh_Site_1,CS-02,Airport_Hub_Site_2,20896.899999999998,545.5895924795998,506.34780845964383,Old_Dhaka_Lalbagh,Airport_Hub,routed
CS-51,Old_Dhaka_Lalbagh_Site_1,CS-03,Uttara_Sec3_Site_1,23690.6,545.5895924795998,443.31187101564313,Old_Dhaka_Lalbagh,Uttara_Sec3,routed
CS-51,Old_Dhaka_Lalbagh_Site_1,CS-04,Uttara_Sec3_Site_2,23690.6,545.5895924795998,131.83159473220599,Old_Dhaka_Lalbagh,Uttara_Sec3,routed
CS-51,Old_Dhaka_Lalbagh_Site_1,CS-05,Uttara_Sec11_Site_1,24795.3,545.5895924795998,521.1013425864372,Old_Dhaka_Lalbagh,Uttara_Sec11,routed
CS-51,Old_Dhaka_Lalbagh_Site_1,CS-06,Uttara_Sec11_Site_2,24795.3,545.5895924795998,444.3265930489434,Old_Dhaka_Lalbagh,Uttara_Sec11,routed
CS-51,Old_Dhaka_Lalbagh_Site_1,CS-07,Purbachal_300ft_Site_1,26971.799999999996,545.5895924795998,491.45821785549737,Old_Dhaka_Lalbagh,Purbachal_300ft,routed
CS-51,Old_Dhaka_Lalbagh_Site_1,CS-08,Purbachal_300ft_Site_2,26971.799999999996,545.5895924795998,486.0039816801295,Old_Dhaka_Lalbagh,Purbachal_300ft,routed
CS-51,Old_Dhaka_Lalbagh_Site_1,CS-09,Baridhara_Diplomatic_Site_1,17584.099999999995,545.5895924795998,480.90203532465125,Old_Dhaka_Lalbagh,Baridhara_Diplomatic,routed
CS-51,Old_Dhaka_Lalbagh_Site_1,CS-10,Baridhara_Diplomatic_Site_2,17584.099999999995,545.5895924795998,542.4794717225486,Old_Dhaka_Lalbagh,Baridhara_Diplomatic,routed
CS-51,Old_Dhaka_Lalbagh_Site_1,CS-11,Gulshan_2_Site_1,16637.999999999996,545.5895924795998,492.9831332681502,Old_Dhaka_Lalbagh,Gulshan_2,routed
CS-51,Old_Dhaka_Lalbagh_Site_1,CS-12,Gulshan_2_Site_2,16637.999999999996,545.5895924795998,259.1007612239219,Old_Dhaka_Lalbagh,Gulshan_2,routed
CS-51,Old_Dhaka_Lalbagh_Site_1,CS-13,Gulshan_1_Site_1,15237.299999999997,545.5895924795998,557.8902441687196,Old_Dhaka_Lalbagh,Gulshan_1,routed
CS-51,Old_Dhaka_Lalbagh_Site_1,CS-14,Gulshan_1_Site_2,14915.899999999998,545.5895924795998,425.1394136672309,Old_Dhaka_Lalbagh,Badda_Pragati_Sarani,routed
CS-51,Old_Dhaka_Lalbagh_Site_1,CS-15,Banani_11_Site_1,17743.599999999995,545.5895924795998,641.5582961789066,Old_Dhaka_Lalbagh,Banani_11,routed
CS-51,Old_Dhaka_Lalbagh_Site_1,CS-16,Banani_11_Site_2,17743.599999999995,545.5895924795998,487.73455572103404,Old_Dhaka_Lalbagh,Banani_11,routed
CS-51,Old_Dhaka_Lalbagh_Site_1,CS-17,Mohakhali_Terminal_Site_1,13645.999999999998,545.5895924795998,274.0141386731775,Old_Dhaka_Lalbagh,Mohakhali_Terminal,routed
CS-51,Old_Dhaka_Lalbagh_Site_1,CS-18,Mohakhali_Terminal_Site_2,13645.999999999998,545.5895924795998,667.4786340706916,Old_Dhaka_Lalbagh,Mohakhali_Terminal,routed
CS-51,Old_Dhaka_Lalbagh_Site_1,CS-19,Badda_Pragati_Sarani_Site_1,14915.899999999998,545.5895924795998,376.98291121128,Old_Dhaka_Lalbagh,Badda_Pragati_Sarani,routed
CS-51,Old_Dhaka_Lalbagh_Site_1,CS-20,Badda_Pragati_Sarani_Site_2,14915.899999999998,545.5895924795998,376.20287746857207,Old_Dhaka_Lalbagh,Badda_Pragati_Sarani,routed
CS-51,Old_Dhaka_Lalbagh_Site_1,CS-21,Hatirjheel_North_Site_1,13098.799999999997,545.5895924795998,468.4064864979258,Old_Dhaka_Lalbagh,Hatirjheel_North,routed
CS-51,Old_Dhaka_Lalbagh_Site_1,CS-22,Hatirjheel_North_Site_2,13098.799999999997,545.5895924795998,310.06191853650404,Old_Dhaka_Lalbagh,Hatirjheel_North,routed
CS-51,Old_Dhaka_Lalbagh_Site_1,CS-23,Tejgaon_Industrial_Site_1,11611.899999999998,545.5895924795998,90.16608967047486,Old_Dhaka_Lalbagh,Tejgaon_Industrial,routed
CS-51,Old_Dhaka_Lalbagh_Site_1,CS-24,Tejgaon_Industrial_Site_2,11611.899999999998,545.5895924795998,557.8967176144448,Old_Dhaka_Lalbagh,Tejgaon_Industrial,routed
CS-51,Old_Dhaka_Lalbagh_Site_1,CS-25,Kawran_Bazar_CBD_Site_1,12808.499999999998,545.5895924795998,369.97026595080973,Old_Dhaka_Lalbagh,Kawran_Bazar_CBD,routed
CS-51,Old_Dhaka_Lalbagh_Site_1,CS-26,Kawran_Bazar_CBD_Site_2,12808.499999999998,545.5895924795998,491.0807189387636,Old_Dhaka_Lalbagh,Kawran_Bazar_CBD,routed
CS-51,Old_Dhaka_Lalbagh_Site_1,CS-27,Farmgate_Hub_Site_1,10528.099999999999,545.5895924795998,456.4519527664829,Old_Dhaka_Lalbagh,Farmgate_Hub,routed
CS-51,Old_Dhaka_Lalbagh_Site_1,CS-28,Farmgate_Hub_Site_2,10528.099999999999,545.5895924795998,537.7862263087482,Old_Dhaka_Lalbagh,Farmgate_Hub,routed
CS-51,Old_Dhaka_Lalbagh_Site_1,CS-29,Dhanmondi_27_Site_1,11981.3,545.5895924795998,120.8257549786046,Old_Dhaka_Lalbagh,Dhanmondi_27,routed
CS-51,Old_Dhaka_Lalbagh_Site_1,CS-30,Dhanmondi_27_Site_2,11981.3,545.5895924795998,475.39463107740454,Old_Dhaka_Lalbagh,Dhanmondi_27,routed
CS-51,Old_Dhaka_Lalbagh_Site_1,CS-31,Dhanmondi_8A_Site_1,12637.4,545.5895924795998,616.0715403667175,Old_Dhaka_Lalbagh,Dhanmondi_8A,routed
CS-51,Old_Dhaka_Lalbagh_Site_1,CS-32,Dhanmondi_8A_Site_2,12637.4,545.5895924795998,411.70228464318944,Old_Dhaka_Lalbagh,Dhanmondi_8A,routed
CS-51,Old_Dhaka_Lalbagh_Site_1,CS-33,Shyamoli_Square_Site_1,14569.0,545.5895924795998,470.0130841296087,Old_Dhaka_Lalbagh,Shyamoli_Square,routed
CS-51,Old_Dhaka_Lalbagh_Site_1,CS-34,Shyamoli_Square_Site_2,14569.0,545.5895924795998,359.70204303201245,Old_Dhaka_Lalbagh,Shyamoli_Square,routed
CS-51,Old_Dhaka_Lalbagh_Site_1,CS-35,Mohammadpur_Townhall_Site_1,14581.9,545.5895924795998,369.96641661393016,Old_Dhaka_Lalbagh,Mohammadpur_Townhall,routed
CS-51,Old_Dhaka_Lalbagh_Site_1,CS-36,Mohammadpur_Townhall_Site_2,14581.9,545.5895924795998,532.4040986980325,Old_Dhaka_Lalbagh,Mohammadpur_Townhall,routed
CS-51,Old_Dhaka_Lalbagh_Site_1,CS-37,Mirpur_1_Site_1,17246.8,545.5895924795998,443.88921478801524,Old_Dhaka_Lalbagh,Mirpur_1,routed
CS-51,Old_Dhaka_Lalbagh_Site_1,CS-38,Mirpur_1_Site_2,17246.8,545.5895924795998,158.3147182012352,Old_Dhaka_Lalbagh,Mirpur_1,routed
CS-51,Old_Dhaka_Lalbagh_Site_1,CS-39,Mirpur_10_Circle_Site_1,18272.0,545.5895924795998,88.58928452209923,Old_Dhaka_Lalbagh,Mirpur_10_Circle,routed
CS-51,Old_Dhaka_Lalbagh_Site_1,CS-40,Mirpur_10_Circle_Site_2,18272.0,545.5895924795998,549.4653263343647,Old_Dhaka_Lalbagh,Mirpur_10_Circle,routed
CS-51,Old_Dhaka_Lalbagh_Site_1,CS-41,Mirpur_12_Site_1,20220.8,545.5895924795998,536.4117389493025,Old_Dhaka_Lalbagh,Mirpur_12,routed
CS-51,Old_Dhaka_Lalbagh_Site_1,CS-42,Mirpur_12_Site_2,20220.8,545.5895924795998,470.6049314333112,Old_Dhaka_Lalbagh,Mirpur_12,routed
CS-51,Old_Dhaka_Lalbagh_Site_1,CS-43,Gabtoli_Terminal_Site_1,16823.3,545.5895924795998,419.1719209303812,Old_Dhaka_Lalbagh,Gabtoli_Terminal,routed
CS-51,Old_Dhaka_Lalbagh_Site_1,CS-44,Gabtoli_Terminal_Site_2,16823.3,545.5895924795998,263.02616062219164,Old_Dhaka_Lalbagh,Gabtoli_Terminal,routed
CS-51,Old_Dhaka_Lalbagh_Site_1,CS-45,Shahbagh_Square_Site_1,8305.4,545.5895924795998,620.452455049284,Old_Dhaka_Lalbagh,Shahbagh_Square,routed
CS-51,Old_Dhaka_Lalbagh_Site_1,CS-46,Shahbagh_Square_Site_2,8305.4,545.5895924795998,149.4116807350283,Old_Dhaka_Lalbagh,Shahbagh_Square,routed
CS-51,Old_Dhaka_Lalbagh_Site_1,CS-47,Motijheel_CBD_Site_1,5964.4,545.5895924795998,154.02022873663583,Old_Dhaka_Lalbagh,Motijheel_CBD,routed
CS-51,Old_Dhaka_Lalbagh_Site_1,CS-48,Motijheel_CBD_Site_2,5964.4,545.5895924795998,523.372989683262,Old_Dhaka_Lalbagh,Motijheel_CBD,routed
CS-51,Old_Dhaka_Lalbagh_Site_1,CS-49,Kamalapur_Railway_Site_1,6657.299999999999,545.5895924795998,268.36694973094154,Old_Dhaka_Lalbagh,Kamalapur_Railway,routed
CS-51,Old_Dhaka_Lalbagh_Site_1,CS-50,Kamalapur_Railway_Site_2,6657.299999999999,545.5895924795998,183.61956766698643,Old_Dhaka_Lalbagh,Kamalapur_Railway,routed
CS-51,Old_Dhaka_Lalbagh_Site_1,CS-52,Old_Dhaka_Lalbagh_Site_2,0.0,545.5895924795998,209.0234518928121,Old_Dhaka_Lalbagh,Old_Dhaka_Lalbagh,same_road_node
CS-51,Old_Dhaka_Lalbagh_Site_1,CS-53,Old_Dhaka_Sadarghat_Site_1,2727.6,545.5895924795998,232.38025140077238,Old_Dhaka_Lalbagh,Old_Dhaka_Sadarghat,routed
CS-51,Old_Dhaka_Lalbagh_Site_1,CS-54,Old_Dhaka_Sadarghat_Site_2,2727.6,545.5895924795998,465.183542888821,Old_Dhaka_Lalbagh,Old_Dhaka_Sadarghat,routed
CS-51,Old_Dhaka_Lalbagh_Site_1,CS-55,Sayedabad_Terminal_Site_1,7860.4,545.5895924795998,475.68383234599094,Old_Dhaka_Lalbagh,Sayedabad_Terminal,routed
CS-51,Old_Dhaka_Lalbagh_Site_1,CS-56,Sayedabad_Terminal_Site_2,7860.4,545.5895924795998,354.404933525487,Old_Dhaka_Lalbagh,Sayedabad_Terminal,routed
CS-51,Old_Dhaka_Lalbagh_Site_1,CS-57,Jatrabari_Flyover_Hub_Site_1,8950.8,545.5895924795998,358.58247775190324,Old_Dhaka_Lalbagh,Jatrabari_Flyover_Hub,routed
CS-51,Old_Dhaka_Lalbagh_Site_1,CS-58,Jatrabari_Flyover_Hub_Site_2,8950.8,545.5895924795998,310.18785958369136,Old_Dhaka_Lalbagh,Jatrabari_Flyover_Hub,routed
CS-52,Old_Dhaka_Lalbagh_Site_2,CS-01,Airport_Hub_Site_1,20896.899999999998,209.0234518928121,387.56933574644125,Old_Dhaka_Lalbagh,Airport_Hub,routed
CS-52,Old_Dhaka_Lalbagh_Site_2,CS-02,Airport_Hub_Site_2,20896.899999999998,209.0234518928121,506.34780845964383,Old_Dhaka_Lalbagh,Airport_Hub,routed
CS-52,Old_Dhaka_Lalbagh_Site_2,CS-03,Uttara_Sec3_Site_1,23690.6,209.0234518928121,443.31187101564313,Old_Dhaka_Lalbagh,Uttara_Sec3,routed
CS-52,Old_Dhaka_Lalbagh_Site_2,CS-04,Uttara_Sec3_Site_2,23690.6,209.0234518928121,131.83159473220599,Old_Dhaka_Lalbagh,Uttara_Sec3,routed
CS-52,Old_Dhaka_Lalbagh_Site_2,CS-05,Uttara_Sec11_Site_1,24795.3,209.0234518928121,521.1013425864372,Old_Dhaka_Lalbagh,Uttara_Sec11,routed
CS-52,Old_Dhaka_Lalbagh_Site_2,CS-06,Uttara_Sec11_Site_2,24795.3,209.0234518928121,444.3265930489434,Old_Dhaka_Lalbagh,Uttara_Sec11,routed
CS-52,Old_Dhaka_Lalbagh_Site_2,CS-07,Purbachal_300ft_Site_1,26971.799999999996,209.0234518928121,491.45821785549737,Old_Dhaka_Lalbagh,Purbachal_300ft,routed
CS-52,Old_Dhaka_Lalbagh_Site_2,CS-08,Purbachal_300ft_Site_2,26971.799999999996,209.0234518928121,486.0039816801295,Old_Dhaka_Lalbagh,Purbachal_300ft,routed
CS-52,Old_Dhaka_Lalbagh_Site_2,CS-09,Baridhara_Diplomatic_Site_1,17584.099999999995,209.0234518928121,480.90203532465125,Old_Dhaka_Lalbagh,Baridhara_Diplomatic,routed
CS-52,Old_Dhaka_Lalbagh_Site_2,CS-10,Baridhara_Diplomatic_Site_2,17584.099999999995,209.0234518928121,542.4794717225486,Old_Dhaka_Lalbagh,Baridhara_Diplomatic,routed
CS-52,Old_Dhaka_Lalbagh_Site_2,CS-11,Gulshan_2_Site_1,16637.999999999996,209.0234518928121,492.9831332681502,Old_Dhaka_Lalbagh,Gulshan_2,routed
CS-52,Old_Dhaka_Lalbagh_Site_2,CS-12,Gulshan_2_Site_2,16637.999999999996,209.0234518928121,259.1007612239219,Old_Dhaka_Lalbagh,Gulshan_2,routed
CS-52,Old_Dhaka_Lalbagh_Site_2,CS-13,Gulshan_1_Site_1,15237.299999999997,209.0234518928121,557.8902441687196,Old_Dhaka_Lalbagh,Gulshan_1,routed
CS-52,Old_Dhaka_Lalbagh_Site_2,CS-14,Gulshan_1_Site_2,14915.899999999998,209.0234518928121,425.1394136672309,Old_Dhaka_Lalbagh,Badda_Pragati_Sarani,routed
CS-52,Old_Dhaka_Lalbagh_Site_2,CS-15,Banani_11_Site_1,17743.599999999995,209.0234518928121,641.5582961789066,Old_Dhaka_Lalbagh,Banani_11,routed
CS-52,Old_Dhaka_Lalbagh_Site_2,CS-16,Banani_11_Site_2,17743.599999999995,209.0234518928121,487.73455572103404,Old_Dhaka_Lalbagh,Banani_11,routed
CS-52,Old_Dhaka_Lalbagh_Site_2,CS-17,Mohakhali_Terminal_Site_1,13645.999999999998,209.0234518928121,274.0141386731775,Old_Dhaka_Lalbagh,Mohakhali_Terminal,routed
CS-52,Old_Dhaka_Lalbagh_Site_2,CS-18,Mohakhali_Terminal_Site_2,13645.999999999998,209.0234518928121,667.4786340706916,Old_Dhaka_Lalbagh,Mohakhali_Terminal,routed
CS-52,Old_Dhaka_Lalbagh_Site_2,CS-19,Badda_Pragati_Sarani_Site_1,14915.899999999998,209.0234518928121,376.98291121128,Old_Dhaka_Lalbagh,Badda_Pragati_Sarani,routed
CS-52,Old_Dhaka_Lalbagh_Site_2,CS-20,Badda_Pragati_Sarani_Site_2,14915.899999999998,209.0234518928121,376.20287746857207,Old_Dhaka_Lalbagh,Badda_Pragati_Sarani,routed
CS-52,Old_Dhaka_Lalbagh_Site_2,CS-21,Hatirjheel_North_Site_1,13098.799999999997,209.0234518928121,468.4064864979258,Old_Dhaka_Lalbagh,Hatirjheel_North,routed
CS-52,Old_Dhaka_Lalbagh_Site_2,CS-22,Hatirjheel_North_Site_2,13098.799999999997,209.0234518928121,310.06191853650404,Old_Dhaka_Lalbagh,Hatirjheel_North,routed
CS-52,Old_Dhaka_Lalbagh_Site_2,CS-23,Tejgaon_Industrial_Site_1,11611.899999999998,209.0234518928121,90.16608967047486,Old_Dhaka_Lalbagh,Tejgaon_Industrial,routed
CS-52,Old_Dhaka_Lalbagh_Site_2,CS-24,Tejgaon_Industrial_Site_2,11611.899999999998,209.0234518928121,557.8967176144448,Old_Dhaka_Lalbagh,Tejgaon_Industrial,routed
CS-52,Old_Dhaka_Lalbagh_Site_2,CS-25,Kawran_Bazar_CBD_Site_1,12808.499999999998,209.0234518928121,369.97026595080973,Old_Dhaka_Lalbagh,Kawran_Bazar_CBD,routed
CS-52,Old_Dhaka_Lalbagh_Site_2,CS-26,Kawran_Bazar_CBD_Site_2,12808.499999999998,209.0234518928121,491.0807189387636,Old_Dhaka_Lalbagh,Kawran_Bazar_CBD,routed
CS-52,Old_Dhaka_Lalbagh_Site_2,CS-27,Farmgate_Hub_Site_1,10528.099999999999,209.0234518928121,456.4519527664829,Old_Dhaka_Lalbagh,Farmgate_Hub,routed
CS-52,Old_Dhaka_Lalbagh_Site_2,CS-28,Farmgate_Hub_Site_2,10528.099999999999,209.0234518928121,537.7862263087482,Old_Dhaka_Lalbagh,Farmgate_Hub,routed
CS-52,Old_Dhaka_Lalbagh_Site_2,CS-29,Dhanmondi_27_Site_1,11981.3,209.0234518928121,120.8257549786046,Old_Dhaka_Lalbagh,Dhanmondi_27,routed
CS-52,Old_Dhaka_Lalbagh_Site_2,CS-30,Dhanmondi_27_Site_2,11981.3,209.0234518928121,475.39463107740454,Old_Dhaka_Lalbagh,Dhanmondi_27,routed
CS-52,Old_Dhaka_Lalbagh_Site_2,CS-31,Dhanmondi_8A_Site_1,12637.4,209.0234518928121,616.0715403667175,Old_Dhaka_Lalbagh,Dhanmondi_8A,routed
CS-52,Old_Dhaka_Lalbagh_Site_2,CS-32,Dhanmondi_8A_Site_2,12637.4,209.0234518928121,411.70228464318944,Old_Dhaka_Lalbagh,Dhanmondi_8A,routed
CS-52,Old_Dhaka_Lalbagh_Site_2,CS-33,Shyamoli_Square_Site_1,14569.0,209.0234518928121,470.0130841296087,Old_Dhaka_Lalbagh,Shyamoli_Square,routed
CS-52,Old_Dhaka_Lalbagh_Site_2,CS-34,Shyamoli_Square_Site_2,14569.0,209.0234518928121,359.70204303201245,Old_Dhaka_Lalbagh,Shyamoli_Square,routed
CS-52,Old_Dhaka_Lalbagh_Site_2,CS-35,Mohammadpur_Townhall_Site_1,14581.9,209.0234518928121,369.96641661393016,Old_Dhaka_Lalbagh,Mohammadpur_Townhall,routed
CS-52,Old_Dhaka_Lalbagh_Site_2,CS-36,Mohammadpur_Townhall_Site_2,14581.9,209.0234518928121,532.4040986980325,Old_Dhaka_Lalbagh,Mohammadpur_Townhall,routed
CS-52,Old_Dhaka_Lalbagh_Site_2,CS-37,Mirpur_1_Site_1,17246.8,209.0234518928121,443.88921478801524,Old_Dhaka_Lalbagh,Mirpur_1,routed
CS-52,Old_Dhaka_Lalbagh_Site_2,CS-38,Mirpur_1_Site_2,17246.8,209.0234518928121,158.3147182012352,Old_Dhaka_Lalbagh,Mirpur_1,routed
CS-52,Old_Dhaka_Lalbagh_Site_2,CS-39,Mirpur_10_Circle_Site_1,18272.0,209.0234518928121,88.58928452209923,Old_Dhaka_Lalbagh,Mirpur_10_Circle,routed
CS-52,Old_Dhaka_Lalbagh_Site_2,CS-40,Mirpur_10_Circle_Site_2,18272.0,209.0234518928121,549.4653263343647,Old_Dhaka_Lalbagh,Mirpur_10_Circle,routed
CS-52,Old_Dhaka_Lalbagh_Site_2,CS-41,Mirpur_12_Site_1,20220.8,209.0234518928121,536.4117389493025,Old_Dhaka_Lalbagh,Mirpur_12,routed
CS-52,Old_Dhaka_Lalbagh_Site_2,CS-42,Mirpur_12_Site_2,20220.8,209.0234518928121,470.6049314333112,Old_Dhaka_Lalbagh,Mirpur_12,routed
CS-52,Old_Dhaka_Lalbagh_Site_2,CS-43,Gabtoli_Terminal_Site_1,16823.3,209.0234518928121,419.1719209303812,Old_Dhaka_Lalbagh,Gabtoli_Terminal,routed
CS-52,Old_Dhaka_Lalbagh_Site_2,CS-44,Gabtoli_Terminal_Site_2,16823.3,209.0234518928121,263.02616062219164,Old_Dhaka_Lalbagh,Gabtoli_Terminal,routed
CS-52,Old_Dhaka_Lalbagh_Site_2,CS-45,Shahbagh_Square_Site_1,8305.4,209.0234518928121,620.452455049284,Old_Dhaka_Lalbagh,Shahbagh_Square,routed
CS-52,Old_Dhaka_Lalbagh_Site_2,CS-46,Shahbagh_Square_Site_2,8305.4,209.0234518928121,149.4116807350283,Old_Dhaka_Lalbagh,Shahbagh_Square,routed
CS-52,Old_Dhaka_Lalbagh_Site_2,CS-47,Motijheel_CBD_Site_1,5964.4,209.0234518928121,154.02022873663583,Old_Dhaka_Lalbagh,Motijheel_CBD,routed
CS-52,Old_Dhaka_Lalbagh_Site_2,CS-48,Motijheel_CBD_Site_2,5964.4,209.0234518928121,523.372989683262,Old_Dhaka_Lalbagh,Motijheel_CBD,routed
CS-52,Old_Dhaka_Lalbagh_Site_2,CS-49,Kamalapur_Railway_Site_1,6657.299999999999,209.0234518928121,268.36694973094154,Old_Dhaka_Lalbagh,Kamalapur_Railway,routed
CS-52,Old_Dhaka_Lalbagh_Site_2,CS-50,Kamalapur_Railway_Site_2,6657.299999999999,209.0234518928121,183.61956766698643,Old_Dhaka_Lalbagh,Kamalapur_Railway,routed
CS-52,Old_Dhaka_Lalbagh_Site_2,CS-51,Old_Dhaka_Lalbagh_Site_1,0.0,209.0234518928121,545.5895924795998,Old_Dhaka_Lalbagh,Old_Dhaka_Lalbagh,same_road_node
CS-52,Old_Dhaka_Lalbagh_Site_2,CS-53,Old_Dhaka_Sadarghat_Site_1,2727.6,209.0234518928121,232.38025140077238,Old_Dhaka_Lalbagh,Old_Dhaka_Sadarghat,routed
CS-52,Old_Dhaka_Lalbagh_Site_2,CS-54,Old_Dhaka_Sadarghat_Site_2,2727.6,209.0234518928121,465.183542888821,Old_Dhaka_Lalbagh,Old_Dhaka_Sadarghat,routed
CS-52,Old_Dhaka_Lalbagh_Site_2,CS-55,Sayedabad_Terminal_Site_1,7860.4,209.0234518928121,475.68383234599094,Old_Dhaka_Lalbagh,Sayedabad_Terminal,routed
CS-52,Old_Dhaka_Lalbagh_Site_2,CS-56,Sayedabad_Terminal_Site_2,7860.4,209.0234518928121,354.404933525487,Old_Dhaka_Lalbagh,Sayedabad_Terminal,routed
CS-52,Old_Dhaka_Lalbagh_Site_2,CS-57,Jatrabari_Flyover_Hub_Site_1,8950.8,209.0234518928121,358.58247775190324,Old_Dhaka_Lalbagh,Jatrabari_Flyover_Hub,routed
CS-52,Old_Dhaka_Lalbagh_Site_2,CS-58,Jatrabari_Flyover_Hub_Site_2,8950.8,209.0234518928121,310.18785958369136,Old_Dhaka_Lalbagh,Jatrabari_Flyover_Hub,routed
CS-53,Old_Dhaka_Sadarghat_Site_1,CS-01,Airport_Hub_Site_1,18169.3,232.38025140077238,387.56933574644125,Old_Dhaka_Sadarghat,Airport_Hub,routed
CS-53,Old_Dhaka_Sadarghat_Site_1,CS-02,Airport_Hub_Site_2,18169.3,232.38025140077238,506.34780845964383,Old_Dhaka_Sadarghat,Airport_Hub,routed
CS-53,Old_Dhaka_Sadarghat_Site_1,CS-03,Uttara_Sec3_Site_1,20963.0,232.38025140077238,443.31187101564313,Old_Dhaka_Sadarghat,Uttara_Sec3,routed
CS-53,Old_Dhaka_Sadarghat_Site_1,CS-04,Uttara_Sec3_Site_2,20963.0,232.38025140077238,131.83159473220599,Old_Dhaka_Sadarghat,Uttara_Sec3,routed
CS-53,Old_Dhaka_Sadarghat_Site_1,CS-05,Uttara_Sec11_Site_1,22067.7,232.38025140077238,521.1013425864372,Old_Dhaka_Sadarghat,Uttara_Sec11,routed
CS-53,Old_Dhaka_Sadarghat_Site_1,CS-06,Uttara_Sec11_Site_2,22067.7,232.38025140077238,444.3265930489434,Old_Dhaka_Sadarghat,Uttara_Sec11,routed
CS-53,Old_Dhaka_Sadarghat_Site_1,CS-07,Purbachal_300ft_Site_1,24244.199999999997,232.38025140077238,491.45821785549737,Old_Dhaka_Sadarghat,Purbachal_300ft,routed
CS-53,Old_Dhaka_Sadarghat_Site_1,CS-08,Purbachal_300ft_Site_2,24244.199999999997,232.38025140077238,486.0039816801295,Old_Dhaka_Sadarghat,Purbachal_300ft,routed
CS-53,Old_Dhaka_Sadarghat_Site_1,CS-09,Baridhara_Diplomatic_Site_1,14856.5,232.38025140077238,480.90203532465125,Old_Dhaka_Sadarghat,Baridhara_Diplomatic,routed
CS-53,Old_Dhaka_Sadarghat_Site_1,CS-10,Baridhara_Diplomatic_Site_2,14856.5,232.38025140077238,542.4794717225486,Old_Dhaka_Sadarghat,Baridhara_Diplomatic,routed
CS-53,Old_Dhaka_Sadarghat_Site_1,CS-11,Gulshan_2_Site_1,13910.4,232.38025140077238,492.9831332681502,Old_Dhaka_Sadarghat,Gulshan_2,routed
CS-53,Old_Dhaka_Sadarghat_Site_1,CS-12,Gulshan_2_Site_2,13910.4,232.38025140077238,259.1007612239219,Old_Dhaka_Sadarghat,Gulshan_2,routed
CS-53,Old_Dhaka_Sadarghat_Site_1,CS-13,Gulshan_1_Site_1,12509.699999999999,232.38025140077238,557.8902441687196,Old_Dhaka_Sadarghat,Gulshan_1,routed
CS-53,Old_Dhaka_Sadarghat_Site_1,CS-14,Gulshan_1_Site_2,12188.3,232.38025140077238,425.1394136672309,Old_Dhaka_Sadarghat,Badda_Pragati_Sarani,routed
CS-53,Old_Dhaka_Sadarghat_Site_1,CS-15,Banani_11_Site_1,15016.0,232.38025140077238,641.5582961789066,Old_Dhaka_Sadarghat,Banani_11,routed
CS-53,Old_Dhaka_Sadarghat_Site_1,CS-16,Banani_11_Site_2,15016.0,232.38025140077238,487.73455572103404,Old_Dhaka_Sadarghat,Banani_11,routed
CS-53,Old_Dhaka_Sadarghat_Site_1,CS-17,Mohakhali_Terminal_Site_1,10918.4,232.38025140077238,274.0141386731775,Old_Dhaka_Sadarghat,Mohakhali_Terminal,routed
CS-53,Old_Dhaka_Sadarghat_Site_1,CS-18,Mohakhali_Terminal_Site_2,10918.4,232.38025140077238,667.4786340706916,Old_Dhaka_Sadarghat,Mohakhali_Terminal,routed
CS-53,Old_Dhaka_Sadarghat_Site_1,CS-19,Badda_Pragati_Sarani_Site_1,12188.3,232.38025140077238,376.98291121128,Old_Dhaka_Sadarghat,Badda_Pragati_Sarani,routed
CS-53,Old_Dhaka_Sadarghat_Site_1,CS-20,Badda_Pragati_Sarani_Site_2,12188.3,232.38025140077238,376.20287746857207,Old_Dhaka_Sadarghat,Badda_Pragati_Sarani,routed
CS-53,Old_Dhaka_Sadarghat_Site_1,CS-21,Hatirjheel_North_Site_1,10371.199999999999,232.38025140077238,468.4064864979258,Old_Dhaka_Sadarghat,Hatirjheel_North,routed
CS-53,Old_Dhaka_Sadarghat_Site_1,CS-22,Hatirjheel_North_Site_2,10371.199999999999,232.38025140077238,310.06191853650404,Old_Dhaka_Sadarghat,Hatirjheel_North,routed
CS-53,Old_Dhaka_Sadarghat_Site_1,CS-23,Tejgaon_Industrial_Site_1,8884.3,232.38025140077238,90.16608967047486,Old_Dhaka_Sadarghat,Tejgaon_Industrial,routed
CS-53,Old_Dhaka_Sadarghat_Site_1,CS-24,Tejgaon_Industrial_Site_2,8884.3,232.38025140077238,557.8967176144448,Old_Dhaka_Sadarghat,Tejgaon_Industrial,routed
CS-53,Old_Dhaka_Sadarghat_Site_1,CS-25,Kawran_Bazar_CBD_Site_1,10080.9,232.38025140077238,369.97026595080973,Old_Dhaka_Sadarghat,Kawran_Bazar_CBD,routed
CS-53,Old_Dhaka_Sadarghat_Site_1,CS-26,Kawran_Bazar_CBD_Site_2,10080.9,232.38025140077238,491.0807189387636,Old_Dhaka_Sadarghat,Kawran_Bazar_CBD,routed
CS-53,Old_Dhaka_Sadarghat_Site_1,CS-27,Farmgate_Hub_Site_1,7800.5,232.38025140077238,456.4519527664829,Old_Dhaka_Sadarghat,Farmgate_Hub,routed
CS-53,Old_Dhaka_Sadarghat_Site_1,CS-28,Farmgate_Hub_Site_2,7800.5,232.38025140077238,537.7862263087482,Old_Dhaka_Sadarghat,Farmgate_Hub,routed
CS-53,Old_Dhaka_Sadarghat_Site_1,CS-29,Dhanmondi_27_Site_1,9253.7,232.38025140077238,120.8257549786046,Old_Dhaka_Sadarghat,Dhanmondi_27,routed
CS-53,Old_Dhaka_Sadarghat_Site_1,CS-30,Dhanmondi_27_Site_2,9253.7,232.38025140077238,475.39463107740454,Old_Dhaka_Sadarghat,Dhanmondi_27,routed
CS-53,Old_Dhaka_Sadarghat_Site_1,CS-31,Dhanmondi_8A_Site_1,9909.800000000001,232.38025140077238,616.0715403667175,Old_Dhaka_Sadarghat,Dhanmondi_8A,routed
CS-53,Old_Dhaka_Sadarghat_Site_1,CS-32,Dhanmondi_8A_Site_2,9909.800000000001,232.38025140077238,411.70228464318944,Old_Dhaka_Sadarghat,Dhanmondi_8A,routed
CS-53,Old_Dhaka_Sadarghat_Site_1,CS-33,Shyamoli_Square_Site_1,11841.400000000001,232.38025140077238,470.0130841296087,Old_Dhaka_Sadarghat,Shyamoli_Square,routed
CS-53,Old_Dhaka_Sadarghat_Site_1,CS-34,Shyamoli_Square_Site_2,11841.400000000001,232.38025140077238,359.70204303201245,Old_Dhaka_Sadarghat,Shyamoli_Square,routed
CS-53,Old_Dhaka_Sadarghat_Site_1,CS-35,Mohammadpur_Townhall_Site_1,11854.300000000001,232.38025140077238,369.96641661393016,Old_Dhaka_Sadarghat,Mohammadpur_Townhall,routed
CS-53,Old_Dhaka_Sadarghat_Site_1,CS-36,Mohammadpur_Townhall_Site_2,11854.300000000001,232.38025140077238,532.4040986980325,Old_Dhaka_Sadarghat,Mohammadpur_Townhall,routed
CS-53,Old_Dhaka_Sadarghat_Site_1,CS-37,Mirpur_1_Site_1,14519.2,232.38025140077238,443.88921478801524,Old_Dhaka_Sadarghat,Mirpur_1,routed
CS-53,Old_Dhaka_Sadarghat_Site_1,CS-38,Mirpur_1_Site_2,14519.2,232.38025140077238,158.3147182012352,Old_Dhaka_Sadarghat,Mirpur_1,routed
CS-53,Old_Dhaka_Sadarghat_Site_1,CS-39,Mirpur_10_Circle_Site_1,15544.4,232.38025140077238,88.58928452209923,Old_Dhaka_Sadarghat,Mirpur_10_Circle,routed
CS-53,Old_Dhaka_Sadarghat_Site_1,CS-40,Mirpur_10_Circle_Site_2,15544.4,232.38025140077238,549.4653263343647,Old_Dhaka_Sadarghat,Mirpur_10_Circle,routed
CS-53,Old_Dhaka_Sadarghat_Site_1,CS-41,Mirpur_12_Site_1,17493.2,232.38025140077238,536.4117389493025,Old_Dhaka_Sadarghat,Mirpur_12,routed
CS-53,Old_Dhaka_Sadarghat_Site_1,CS-42,Mirpur_12_Site_2,17493.2,232.38025140077238,470.6049314333112,Old_Dhaka_Sadarghat,Mirpur_12,routed
CS-53,Old_Dhaka_Sadarghat_Site_1,CS-43,Gabtoli_Terminal_Site_1,14095.7,232.38025140077238,419.1719209303812,Old_Dhaka_Sadarghat,Gabtoli_Terminal,routed
CS-53,Old_Dhaka_Sadarghat_Site_1,CS-44,Gabtoli_Terminal_Site_2,14095.7,232.38025140077238,263.02616062219164,Old_Dhaka_Sadarghat,Gabtoli_Terminal,routed
CS-53,Old_Dhaka_Sadarghat_Site_1,CS-45,Shahbagh_Square_Site_1,5577.8,232.38025140077238,620.452455049284,Old_Dhaka_Sadarghat,Shahbagh_Square,routed
CS-53,Old_Dhaka_Sadarghat_Site_1,CS-46,Shahbagh_Square_Site_2,5577.8,232.38025140077238,149.4116807350283,Old_Dhaka_Sadarghat,Shahbagh_Square,routed
CS-53,Old_Dhaka_Sadarghat_Site_1,CS-47,Motijheel_CBD_Site_1,3236.8,232.38025140077238,154.02022873663583,Old_Dhaka_Sadarghat,Motijheel_CBD,routed
CS-53,Old_Dhaka_Sadarghat_Site_1,CS-48,Motijheel_CBD_Site_2,3236.8,232.38025140077238,523.372989683262,Old_Dhaka_Sadarghat,Motijheel_CBD,routed
CS-53,Old_Dhaka_Sadarghat_Site_1,CS-49,Kamalapur_Railway_Site_1,3929.7000000000003,232.38025140077238,268.36694973094154,Old_Dhaka_Sadarghat,Kamalapur_Railway,routed
CS-53,Old_Dhaka_Sadarghat_Site_1,CS-50,Kamalapur_Railway_Site_2,3929.7000000000003,232.38025140077238,183.61956766698643,Old_Dhaka_Sadarghat,Kamalapur_Railway,routed
CS-53,Old_Dhaka_Sadarghat_Site_1,CS-51,Old_Dhaka_Lalbagh_Site_1,2727.6,232.38025140077238,545.5895924795998,Old_Dhaka_Sadarghat,Old_Dhaka_Lalbagh,routed
CS-53,Old_Dhaka_Sadarghat_Site_1,CS-52,Old_Dhaka_Lalbagh_Site_2,2727.6,232.38025140077238,209.0234518928121,Old_Dhaka_Sadarghat,Old_Dhaka_Lalbagh,routed
CS-53,Old_Dhaka_Sadarghat_Site_1,CS-54,Old_Dhaka_Sadarghat_Site_2,0.0,232.38025140077238,465.183542888821,Old_Dhaka_Sadarghat,Old_Dhaka_Sadarghat,same_road_node
CS-53,Old_Dhaka_Sadarghat_Site_1,CS-55,Sayedabad_Terminal_Site_1,5132.8,232.38025140077238,475.68383234599094,Old_Dhaka_Sadarghat,Sayedabad_Terminal,routed
CS-53,Old_Dhaka_Sadarghat_Site_1,CS-56,Sayedabad_Terminal_Site_2,5132.8,232.38025140077238,354.404933525487,Old_Dhaka_Sadarghat,Sayedabad_Terminal,routed
CS-53,Old_Dhaka_Sadarghat_Site_1,CS-57,Jatrabari_Flyover_Hub_Site_1,6223.200000000001,232.38025140077238,358.58247775190324,Old_Dhaka_Sadarghat,Jatrabari_Flyover_Hub,routed
CS-53,Old_Dhaka_Sadarghat_Site_1,CS-58,Jatrabari_Flyover_Hub_Site_2,6223.200000000001,232.38025140077238,310.18785958369136,Old_Dhaka_Sadarghat,Jatrabari_Flyover_Hub,routed
CS-54,Old_Dhaka_Sadarghat_Site_2,CS-01,Airport_Hub_Site_1,18169.3,465.183542888821,387.56933574644125,Old_Dhaka_Sadarghat,Airport_Hub,routed
CS-54,Old_Dhaka_Sadarghat_Site_2,CS-02,Airport_Hub_Site_2,18169.3,465.183542888821,506.34780845964383,Old_Dhaka_Sadarghat,Airport_Hub,routed
CS-54,Old_Dhaka_Sadarghat_Site_2,CS-03,Uttara_Sec3_Site_1,20963.0,465.183542888821,443.31187101564313,Old_Dhaka_Sadarghat,Uttara_Sec3,routed
CS-54,Old_Dhaka_Sadarghat_Site_2,CS-04,Uttara_Sec3_Site_2,20963.0,465.183542888821,131.83159473220599,Old_Dhaka_Sadarghat,Uttara_Sec3,routed
CS-54,Old_Dhaka_Sadarghat_Site_2,CS-05,Uttara_Sec11_Site_1,22067.7,465.183542888821,521.1013425864372,Old_Dhaka_Sadarghat,Uttara_Sec11,routed
CS-54,Old_Dhaka_Sadarghat_Site_2,CS-06,Uttara_Sec11_Site_2,22067.7,465.183542888821,444.3265930489434,Old_Dhaka_Sadarghat,Uttara_Sec11,routed
CS-54,Old_Dhaka_Sadarghat_Site_2,CS-07,Purbachal_300ft_Site_1,24244.199999999997,465.183542888821,491.45821785549737,Old_Dhaka_Sadarghat,Purbachal_300ft,routed
CS-54,Old_Dhaka_Sadarghat_Site_2,CS-08,Purbachal_300ft_Site_2,24244.199999999997,465.183542888821,486.0039816801295,Old_Dhaka_Sadarghat,Purbachal_300ft,routed
CS-54,Old_Dhaka_Sadarghat_Site_2,CS-09,Baridhara_Diplomatic_Site_1,14856.5,465.183542888821,480.90203532465125,Old_Dhaka_Sadarghat,Baridhara_Diplomatic,routed
CS-54,Old_Dhaka_Sadarghat_Site_2,CS-10,Baridhara_Diplomatic_Site_2,14856.5,465.183542888821,542.4794717225486,Old_Dhaka_Sadarghat,Baridhara_Diplomatic,routed
CS-54,Old_Dhaka_Sadarghat_Site_2,CS-11,Gulshan_2_Site_1,13910.4,465.183542888821,492.9831332681502,Old_Dhaka_Sadarghat,Gulshan_2,routed
CS-54,Old_Dhaka_Sadarghat_Site_2,CS-12,Gulshan_2_Site_2,13910.4,465.183542888821,259.1007612239219,Old_Dhaka_Sadarghat,Gulshan_2,routed
CS-54,Old_Dhaka_Sadarghat_Site_2,CS-13,Gulshan_1_Site_1,12509.699999999999,465.183542888821,557.8902441687196,Old_Dhaka_Sadarghat,Gulshan_1,routed
CS-54,Old_Dhaka_Sadarghat_Site_2,CS-14,Gulshan_1_Site_2,12188.3,465.183542888821,425.1394136672309,Old_Dhaka_Sadarghat,Badda_Pragati_Sarani,routed
CS-54,Old_Dhaka_Sadarghat_Site_2,CS-15,Banani_11_Site_1,15016.0,465.183542888821,641.5582961789066,Old_Dhaka_Sadarghat,Banani_11,routed
CS-54,Old_Dhaka_Sadarghat_Site_2,CS-16,Banani_11_Site_2,15016.0,465.183542888821,487.73455572103404,Old_Dhaka_Sadarghat,Banani_11,routed
CS-54,Old_Dhaka_Sadarghat_Site_2,CS-17,Mohakhali_Terminal_Site_1,10918.4,465.183542888821,274.0141386731775,Old_Dhaka_Sadarghat,Mohakhali_Terminal,routed
CS-54,Old_Dhaka_Sadarghat_Site_2,CS-18,Mohakhali_Terminal_Site_2,10918.4,465.183542888821,667.4786340706916,Old_Dhaka_Sadarghat,Mohakhali_Terminal,routed
CS-54,Old_Dhaka_Sadarghat_Site_2,CS-19,Badda_Pragati_Sarani_Site_1,12188.3,465.183542888821,376.98291121128,Old_Dhaka_Sadarghat,Badda_Pragati_Sarani,routed
CS-54,Old_Dhaka_Sadarghat_Site_2,CS-20,Badda_Pragati_Sarani_Site_2,12188.3,465.183542888821,376.20287746857207,Old_Dhaka_Sadarghat,Badda_Pragati_Sarani,routed
CS-54,Old_Dhaka_Sadarghat_Site_2,CS-21,Hatirjheel_North_Site_1,10371.199999999999,465.183542888821,468.4064864979258,Old_Dhaka_Sadarghat,Hatirjheel_North,routed
CS-54,Old_Dhaka_Sadarghat_Site_2,CS-22,Hatirjheel_North_Site_2,10371.199999999999,465.183542888821,310.06191853650404,Old_Dhaka_Sadarghat,Hatirjheel_North,routed
CS-54,Old_Dhaka_Sadarghat_Site_2,CS-23,Tejgaon_Industrial_Site_1,8884.3,465.183542888821,90.16608967047486,Old_Dhaka_Sadarghat,Tejgaon_Industrial,routed
CS-54,Old_Dhaka_Sadarghat_Site_2,CS-24,Tejgaon_Industrial_Site_2,8884.3,465.183542888821,557.8967176144448,Old_Dhaka_Sadarghat,Tejgaon_Industrial,routed
CS-54,Old_Dhaka_Sadarghat_Site_2,CS-25,Kawran_Bazar_CBD_Site_1,10080.9,465.183542888821,369.97026595080973,Old_Dhaka_Sadarghat,Kawran_Bazar_CBD,routed
CS-54,Old_Dhaka_Sadarghat_Site_2,CS-26,Kawran_Bazar_CBD_Site_2,10080.9,465.183542888821,491.0807189387636,Old_Dhaka_Sadarghat,Kawran_Bazar_CBD,routed
CS-54,Old_Dhaka_Sadarghat_Site_2,CS-27,Farmgate_Hub_Site_1,7800.5,465.183542888821,456.4519527664829,Old_Dhaka_Sadarghat,Farmgate_Hub,routed
CS-54,Old_Dhaka_Sadarghat_Site_2,CS-28,Farmgate_Hub_Site_2,7800.5,465.183542888821,537.7862263087482,Old_Dhaka_Sadarghat,Farmgate_Hub,routed
CS-54,Old_Dhaka_Sadarghat_Site_2,CS-29,Dhanmondi_27_Site_1,9253.7,465.183542888821,120.8257549786046,Old_Dhaka_Sadarghat,Dhanmondi_27,routed
CS-54,Old_Dhaka_Sadarghat_Site_2,CS-30,Dhanmondi_27_Site_2,9253.7,465.183542888821,475.39463107740454,Old_Dhaka_Sadarghat,Dhanmondi_27,routed
CS-54,Old_Dhaka_Sadarghat_Site_2,CS-31,Dhanmondi_8A_Site_1,9909.800000000001,465.183542888821,616.0715403667175,Old_Dhaka_Sadarghat,Dhanmondi_8A,routed
CS-54,Old_Dhaka_Sadarghat_Site_2,CS-32,Dhanmondi_8A_Site_2,9909.800000000001,465.183542888821,411.70228464318944,Old_Dhaka_Sadarghat,Dhanmondi_8A,routed
CS-54,Old_Dhaka_Sadarghat_Site_2,CS-33,Shyamoli_Square_Site_1,11841.400000000001,465.183542888821,470.0130841296087,Old_Dhaka_Sadarghat,Shyamoli_Square,routed
CS-54,Old_Dhaka_Sadarghat_Site_2,CS-34,Shyamoli_Square_Site_2,11841.400000000001,465.183542888821,359.70204303201245,Old_Dhaka_Sadarghat,Shyamoli_Square,routed
CS-54,Old_Dhaka_Sadarghat_Site_2,CS-35,Mohammadpur_Townhall_Site_1,11854.300000000001,465.183542888821,369.96641661393016,Old_Dhaka_Sadarghat,Mohammadpur_Townhall,routed
CS-54,Old_Dhaka_Sadarghat_Site_2,CS-36,Mohammadpur_Townhall_Site_2,11854.300000000001,465.183542888821,532.4040986980325,Old_Dhaka_Sadarghat,Mohammadpur_Townhall,routed
CS-54,Old_Dhaka_Sadarghat_Site_2,CS-37,Mirpur_1_Site_1,14519.2,465.183542888821,443.88921478801524,Old_Dhaka_Sadarghat,Mirpur_1,routed
CS-54,Old_Dhaka_Sadarghat_Site_2,CS-38,Mirpur_1_Site_2,14519.2,465.183542888821,158.3147182012352,Old_Dhaka_Sadarghat,Mirpur_1,routed
CS-54,Old_Dhaka_Sadarghat_Site_2,CS-39,Mirpur_10_Circle_Site_1,15544.4,465.183542888821,88.58928452209923,Old_Dhaka_Sadarghat,Mirpur_10_Circle,routed
CS-54,Old_Dhaka_Sadarghat_Site_2,CS-40,Mirpur_10_Circle_Site_2,15544.4,465.183542888821,549.4653263343647,Old_Dhaka_Sadarghat,Mirpur_10_Circle,routed
CS-54,Old_Dhaka_Sadarghat_Site_2,CS-41,Mirpur_12_Site_1,17493.2,465.183542888821,536.4117389493025,Old_Dhaka_Sadarghat,Mirpur_12,routed
CS-54,Old_Dhaka_Sadarghat_Site_2,CS-42,Mirpur_12_Site_2,17493.2,465.183542888821,470.6049314333112,Old_Dhaka_Sadarghat,Mirpur_12,routed
CS-54,Old_Dhaka_Sadarghat_Site_2,CS-43,Gabtoli_Terminal_Site_1,14095.7,465.183542888821,419.1719209303812,Old_Dhaka_Sadarghat,Gabtoli_Terminal,routed
CS-54,Old_Dhaka_Sadarghat_Site_2,CS-44,Gabtoli_Terminal_Site_2,14095.7,465.183542888821,263.02616062219164,Old_Dhaka_Sadarghat,Gabtoli_Terminal,routed
CS-54,Old_Dhaka_Sadarghat_Site_2,CS-45,Shahbagh_Square_Site_1,5577.8,465.183542888821,620.452455049284,Old_Dhaka_Sadarghat,Shahbagh_Square,routed
CS-54,Old_Dhaka_Sadarghat_Site_2,CS-46,Shahbagh_Square_Site_2,5577.8,465.183542888821,149.4116807350283,Old_Dhaka_Sadarghat,Shahbagh_Square,routed
CS-54,Old_Dhaka_Sadarghat_Site_2,CS-47,Motijheel_CBD_Site_1,3236.8,465.183542888821,154.02022873663583,Old_Dhaka_Sadarghat,Motijheel_CBD,routed
CS-54,Old_Dhaka_Sadarghat_Site_2,CS-48,Motijheel_CBD_Site_2,3236.8,465.183542888821,523.372989683262,Old_Dhaka_Sadarghat,Motijheel_CBD,routed
CS-54,Old_Dhaka_Sadarghat_Site_2,CS-49,Kamalapur_Railway_Site_1,3929.7000000000003,465.183542888821,268.36694973094154,Old_Dhaka_Sadarghat,Kamalapur_Railway,routed
CS-54,Old_Dhaka_Sadarghat_Site_2,CS-50,Kamalapur_Railway_Site_2,3929.7000000000003,465.183542888821,183.61956766698643,Old_Dhaka_Sadarghat,Kamalapur_Railway,routed
CS-54,Old_Dhaka_Sadarghat_Site_2,CS-51,Old_Dhaka_Lalbagh_Site_1,2727.6,465.183542888821,545.5895924795998,Old_Dhaka_Sadarghat,Old_Dhaka_Lalbagh,routed
CS-54,Old_Dhaka_Sadarghat_Site_2,CS-52,Old_Dhaka_Lalbagh_Site_2,2727.6,465.183542888821,209.0234518928121,Old_Dhaka_Sadarghat,Old_Dhaka_Lalbagh,routed
CS-54,Old_Dhaka_Sadarghat_Site_2,CS-53,Old_Dhaka_Sadarghat_Site_1,0.0,465.183542888821,232.38025140077238,Old_Dhaka_Sadarghat,Old_Dhaka_Sadarghat,same_road_node
CS-54,Old_Dhaka_Sadarghat_Site_2,CS-55,Sayedabad_Terminal_Site_1,5132.8,465.183542888821,475.68383234599094,Old_Dhaka_Sadarghat,Sayedabad_Terminal,routed
CS-54,Old_Dhaka_Sadarghat_Site_2,CS-56,Sayedabad_Terminal_Site_2,5132.8,465.183542888821,354.404933525487,Old_Dhaka_Sadarghat,Sayedabad_Terminal,routed
CS-54,Old_Dhaka_Sadarghat_Site_2,CS-57,Jatrabari_Flyover_Hub_Site_1,6223.200000000001,465.183542888821,358.58247775190324,Old_Dhaka_Sadarghat,Jatrabari_Flyover_Hub,routed
CS-54,Old_Dhaka_Sadarghat_Site_2,CS-58,Jatrabari_Flyover_Hub_Site_2,6223.200000000001,465.183542888821,310.18785958369136,Old_Dhaka_Sadarghat,Jatrabari_Flyover_Hub,routed
CS-55,Sayedabad_Terminal_Site_1,CS-01,Airport_Hub_Site_1,16828.5,475.68383234599094,387.56933574644125,Sayedabad_Terminal,Airport_Hub,routed
CS-55,Sayedabad_Terminal_Site_1,CS-02,Airport_Hub_Site_2,16828.5,475.68383234599094,506.34780845964383,Sayedabad_Terminal,Airport_Hub,routed
CS-55,Sayedabad_Terminal_Site_1,CS-03,Uttara_Sec3_Site_1,19622.2,475.68383234599094,443.31187101564313,Sayedabad_Terminal,Uttara_Sec3,routed
CS-55,Sayedabad_Terminal_Site_1,CS-04,Uttara_Sec3_Site_2,19622.2,475.68383234599094,131.83159473220599,Sayedabad_Terminal,Uttara_Sec3,routed
CS-55,Sayedabad_Terminal_Site_1,CS-05,Uttara_Sec11_Site_1,20726.9,475.68383234599094,521.1013425864372,Sayedabad_Terminal,Uttara_Sec11,routed
CS-55,Sayedabad_Terminal_Site_1,CS-06,Uttara_Sec11_Site_2,20726.9,475.68383234599094,444.3265930489434,Sayedabad_Terminal,Uttara_Sec11,routed
CS-55,Sayedabad_Terminal_Site_1,CS-07,Purbachal_300ft_Site_1,22903.4,475.68383234599094,491.45821785549737,Sayedabad_Terminal,Purbachal_300ft,routed
CS-55,Sayedabad_Terminal_Site_1,CS-08,Purbachal_300ft_Site_2,22903.4,475.68383234599094,486.0039816801295,Sayedabad_Terminal,Purbachal_300ft,routed
CS-55,Sayedabad_Terminal_Site_1,CS-09,Baridhara_Diplomatic_Site_1,13515.7,475.68383234599094,480.90203532465125,Sayedabad_Terminal,Baridhara_Diplomatic,routed
CS-55,Sayedabad_Terminal_Site_1,CS-10,Baridhara_Diplomatic_Site_2,13515.7,475.68383234599094,542.4794717225486,Sayedabad_Terminal,Baridhara_Diplomatic,routed
CS-55,Sayedabad_Terminal_Site_1,CS-11,Gulshan_2_Site_1,12569.6,475.68383234599094,492.9831332681502,Sayedabad_Terminal,Gulshan_2,routed
CS-55,Sayedabad_Terminal_Site_1,CS-12,Gulshan_2_Site_2,12569.6,475.68383234599094,259.1007612239219,Sayedabad_Terminal,Gulshan_2,routed
CS-55,Sayedabad_Terminal_Site_1,CS-13,Gulshan_1_Site_1,11168.9,475.68383234599094,557.8902441687196,Sayedabad_Terminal,Gulshan_1,routed
CS-55,Sayedabad_Terminal_Site_1,CS-14,Gulshan_1_Site_2,10847.5,475.68383234599094,425.1394136672309,Sayedabad_Terminal,Badda_Pragati_Sarani,routed
CS-55,Sayedabad_Terminal_Site_1,CS-15,Banani_11_Site_1,13675.2,475.68383234599094,641.5582961789066,Sayedabad_Terminal,Banani_11,routed
CS-55,Sayedabad_Terminal_Site_1,CS-16,Banani_11_Site_2,13675.2,475.68383234599094,487.73455572103404,Sayedabad_Terminal,Banani_11,routed
CS-55,Sayedabad_Terminal_Site_1,CS-17,Mohakhali_Terminal_Site_1,9577.6,475.68383234599094,274.0141386731775,Sayedabad_Terminal,Mohakhali_Terminal,routed
CS-55,Sayedabad_Terminal_Site_1,CS-18,Mohakhali_Terminal_Site_2,9577.6,475.68383234599094,667.4786340706916,Sayedabad_Terminal,Mohakhali_Terminal,routed
CS-55,Sayedabad_Terminal_Site_1,CS-19,Badda_Pragati_Sarani_Site_1,10847.5,475.68383234599094,376.98291121128,Sayedabad_Terminal,Badda_Pragati_Sarani,routed
CS-55,Sayedabad_Terminal_Site_1,CS-20,Badda_Pragati_Sarani_Site_2,10847.5,475.68383234599094,376.20287746857207,Sayedabad_Terminal,Badda_Pragati_Sarani,routed
CS-55,Sayedabad_Terminal_Site_1,CS-21,Hatirjheel_North_Site_1,9030.4,475.68383234599094,468.4064864979258,Sayedabad_Terminal,Hatirjheel_North,routed
CS-55,Sayedabad_Terminal_Site_1,CS-22,Hatirjheel_North_Site_2,9030.4,475.68383234599094,310.06191853650404,Sayedabad_Terminal,Hatirjheel_North,routed
CS-55,Sayedabad_Terminal_Site_1,CS-23,Tejgaon_Industrial_Site_1,7543.5,475.68383234599094,90.16608967047486,Sayedabad_Terminal,Tejgaon_Industrial,routed
CS-55,Sayedabad_Terminal_Site_1,CS-24,Tejgaon_Industrial_Site_2,7543.5,475.68383234599094,557.8967176144448,Sayedabad_Terminal,Tejgaon_Industrial,routed
CS-55,Sayedabad_Terminal_Site_1,CS-25,Kawran_Bazar_CBD_Site_1,8740.1,475.68383234599094,369.97026595080973,Sayedabad_Terminal,Kawran_Bazar_CBD,routed
CS-55,Sayedabad_Terminal_Site_1,CS-26,Kawran_Bazar_CBD_Site_2,8740.1,475.68383234599094,491.0807189387636,Sayedabad_Terminal,Kawran_Bazar_CBD,routed
CS-55,Sayedabad_Terminal_Site_1,CS-27,Farmgate_Hub_Site_1,6459.7,475.68383234599094,456.4519527664829,Sayedabad_Terminal,Farmgate_Hub,routed
CS-55,Sayedabad_Terminal_Site_1,CS-28,Farmgate_Hub_Site_2,6459.7,475.68383234599094,537.7862263087482,Sayedabad_Terminal,Farmgate_Hub,routed
CS-55,Sayedabad_Terminal_Site_1,CS-29,Dhanmondi_27_Site_1,7912.9,475.68383234599094,120.8257549786046,Sayedabad_Terminal,Dhanmondi_27,routed
CS-55,Sayedabad_Terminal_Site_1,CS-30,Dhanmondi_27_Site_2,7912.9,475.68383234599094,475.39463107740454,Sayedabad_Terminal,Dhanmondi_27,routed
CS-55,Sayedabad_Terminal_Site_1,CS-31,Dhanmondi_8A_Site_1,8569.0,475.68383234599094,616.0715403667175,Sayedabad_Terminal,Dhanmondi_8A,routed
CS-55,Sayedabad_Terminal_Site_1,CS-32,Dhanmondi_8A_Site_2,8569.0,475.68383234599094,411.70228464318944,Sayedabad_Terminal,Dhanmondi_8A,routed
CS-55,Sayedabad_Terminal_Site_1,CS-33,Shyamoli_Square_Site_1,10500.599999999999,475.68383234599094,470.0130841296087,Sayedabad_Terminal,Shyamoli_Square,routed
CS-55,Sayedabad_Terminal_Site_1,CS-34,Shyamoli_Square_Site_2,10500.599999999999,475.68383234599094,359.70204303201245,Sayedabad_Terminal,Shyamoli_Square,routed
CS-55,Sayedabad_Terminal_Site_1,CS-35,Mohammadpur_Townhall_Site_1,10513.5,475.68383234599094,369.96641661393016,Sayedabad_Terminal,Mohammadpur_Townhall,routed
CS-55,Sayedabad_Terminal_Site_1,CS-36,Mohammadpur_Townhall_Site_2,10513.5,475.68383234599094,532.4040986980325,Sayedabad_Terminal,Mohammadpur_Townhall,routed
CS-55,Sayedabad_Terminal_Site_1,CS-37,Mirpur_1_Site_1,13178.399999999998,475.68383234599094,443.88921478801524,Sayedabad_Terminal,Mirpur_1,routed
CS-55,Sayedabad_Terminal_Site_1,CS-38,Mirpur_1_Site_2,13178.399999999998,475.68383234599094,158.3147182012352,Sayedabad_Terminal,Mirpur_1,routed
CS-55,Sayedabad_Terminal_Site_1,CS-39,Mirpur_10_Circle_Site_1,14203.6,475.68383234599094,88.58928452209923,Sayedabad_Terminal,Mirpur_10_Circle,routed
CS-55,Sayedabad_Terminal_Site_1,CS-40,Mirpur_10_Circle_Site_2,14203.6,475.68383234599094,549.4653263343647,Sayedabad_Terminal,Mirpur_10_Circle,routed
CS-55,Sayedabad_Terminal_Site_1,CS-41,Mirpur_12_Site_1,16152.4,475.68383234599094,536.4117389493025,Sayedabad_Terminal,Mirpur_12,routed
CS-55,Sayedabad_Terminal_Site_1,CS-42,Mirpur_12_Site_2,16152.4,475.68383234599094,470.6049314333112,Sayedabad_Terminal,Mirpur_12,routed
CS-55,Sayedabad_Terminal_Site_1,CS-43,Gabtoli_Terminal_Site_1,12754.899999999998,475.68383234599094,419.1719209303812,Sayedabad_Terminal,Gabtoli_Terminal,routed
CS-55,Sayedabad_Terminal_Site_1,CS-44,Gabtoli_Terminal_Site_2,12754.899999999998,475.68383234599094,263.02616062219164,Sayedabad_Terminal,Gabtoli_Terminal,routed
CS-55,Sayedabad_Terminal_Site_1,CS-45,Shahbagh_Square_Site_1,4237.0,475.68383234599094,620.452455049284,Sayedabad_Terminal,Shahbagh_Square,routed
CS-55,Sayedabad_Terminal_Site_1,CS-46,Shahbagh_Square_Site_2,4237.0,475.68383234599094,149.4116807350283,Sayedabad_Terminal,Shahbagh_Square,routed
CS-55,Sayedabad_Terminal_Site_1,CS-47,Motijheel_CBD_Site_1,1896.0,475.68383234599094,154.02022873663583,Sayedabad_Terminal,Motijheel_CBD,routed
CS-55,Sayedabad_Terminal_Site_1,CS-48,Motijheel_CBD_Site_2,1896.0,475.68383234599094,523.372989683262,Sayedabad_Terminal,Motijheel_CBD,routed
CS-55,Sayedabad_Terminal_Site_1,CS-49,Kamalapur_Railway_Site_1,2588.9,475.68383234599094,268.36694973094154,Sayedabad_Terminal,Kamalapur_Railway,routed
CS-55,Sayedabad_Terminal_Site_1,CS-50,Kamalapur_Railway_Site_2,2588.9,475.68383234599094,183.61956766698643,Sayedabad_Terminal,Kamalapur_Railway,routed
CS-55,Sayedabad_Terminal_Site_1,CS-51,Old_Dhaka_Lalbagh_Site_1,7860.4,475.68383234599094,545.5895924795998,Sayedabad_Terminal,Old_Dhaka_Lalbagh,routed
CS-55,Sayedabad_Terminal_Site_1,CS-52,Old_Dhaka_Lalbagh_Site_2,7860.4,475.68383234599094,209.0234518928121,Sayedabad_Terminal,Old_Dhaka_Lalbagh,routed
CS-55,Sayedabad_Terminal_Site_1,CS-53,Old_Dhaka_Sadarghat_Site_1,5132.8,475.68383234599094,232.38025140077238,Sayedabad_Terminal,Old_Dhaka_Sadarghat,routed
CS-55,Sayedabad_Terminal_Site_1,CS-54,Old_Dhaka_Sadarghat_Site_2,5132.8,475.68383234599094,465.183542888821,Sayedabad_Terminal,Old_Dhaka_Sadarghat,routed
CS-55,Sayedabad_Terminal_Site_1,CS-56,Sayedabad_Terminal_Site_2,0.0,475.68383234599094,354.404933525487,Sayedabad_Terminal,Sayedabad_Terminal,same_road_node
CS-55,Sayedabad_Terminal_Site_1,CS-57,Jatrabari_Flyover_Hub_Site_1,1090.4,475.68383234599094,358.58247775190324,Sayedabad_Terminal,Jatrabari_Flyover_Hub,routed
CS-55,Sayedabad_Terminal_Site_1,CS-58,Jatrabari_Flyover_Hub_Site_2,1090.4,475.68383234599094,310.18785958369136,Sayedabad_Terminal,Jatrabari_Flyover_Hub,routed
CS-56,Sayedabad_Terminal_Site_2,CS-01,Airport_Hub_Site_1,16828.5,354.404933525487,387.56933574644125,Sayedabad_Terminal,Airport_Hub,routed
CS-56,Sayedabad_Terminal_Site_2,CS-02,Airport_Hub_Site_2,16828.5,354.404933525487,506.34780845964383,Sayedabad_Terminal,Airport_Hub,routed
CS-56,Sayedabad_Terminal_Site_2,CS-03,Uttara_Sec3_Site_1,19622.2,354.404933525487,443.31187101564313,Sayedabad_Terminal,Uttara_Sec3,routed
CS-56,Sayedabad_Terminal_Site_2,CS-04,Uttara_Sec3_Site_2,19622.2,354.404933525487,131.83159473220599,Sayedabad_Terminal,Uttara_Sec3,routed
CS-56,Sayedabad_Terminal_Site_2,CS-05,Uttara_Sec11_Site_1,20726.9,354.404933525487,521.1013425864372,Sayedabad_Terminal,Uttara_Sec11,routed
CS-56,Sayedabad_Terminal_Site_2,CS-06,Uttara_Sec11_Site_2,20726.9,354.404933525487,444.3265930489434,Sayedabad_Terminal,Uttara_Sec11,routed
CS-56,Sayedabad_Terminal_Site_2,CS-07,Purbachal_300ft_Site_1,22903.4,354.404933525487,491.45821785549737,Sayedabad_Terminal,Purbachal_300ft,routed
CS-56,Sayedabad_Terminal_Site_2,CS-08,Purbachal_300ft_Site_2,22903.4,354.404933525487,486.0039816801295,Sayedabad_Terminal,Purbachal_300ft,routed
CS-56,Sayedabad_Terminal_Site_2,CS-09,Baridhara_Diplomatic_Site_1,13515.7,354.404933525487,480.90203532465125,Sayedabad_Terminal,Baridhara_Diplomatic,routed
CS-56,Sayedabad_Terminal_Site_2,CS-10,Baridhara_Diplomatic_Site_2,13515.7,354.404933525487,542.4794717225486,Sayedabad_Terminal,Baridhara_Diplomatic,routed
CS-56,Sayedabad_Terminal_Site_2,CS-11,Gulshan_2_Site_1,12569.6,354.404933525487,492.9831332681502,Sayedabad_Terminal,Gulshan_2,routed
CS-56,Sayedabad_Terminal_Site_2,CS-12,Gulshan_2_Site_2,12569.6,354.404933525487,259.1007612239219,Sayedabad_Terminal,Gulshan_2,routed
CS-56,Sayedabad_Terminal_Site_2,CS-13,Gulshan_1_Site_1,11168.9,354.404933525487,557.8902441687196,Sayedabad_Terminal,Gulshan_1,routed
CS-56,Sayedabad_Terminal_Site_2,CS-14,Gulshan_1_Site_2,10847.5,354.404933525487,425.1394136672309,Sayedabad_Terminal,Badda_Pragati_Sarani,routed
CS-56,Sayedabad_Terminal_Site_2,CS-15,Banani_11_Site_1,13675.2,354.404933525487,641.5582961789066,Sayedabad_Terminal,Banani_11,routed
CS-56,Sayedabad_Terminal_Site_2,CS-16,Banani_11_Site_2,13675.2,354.404933525487,487.73455572103404,Sayedabad_Terminal,Banani_11,routed
CS-56,Sayedabad_Terminal_Site_2,CS-17,Mohakhali_Terminal_Site_1,9577.6,354.404933525487,274.0141386731775,Sayedabad_Terminal,Mohakhali_Terminal,routed
CS-56,Sayedabad_Terminal_Site_2,CS-18,Mohakhali_Terminal_Site_2,9577.6,354.404933525487,667.4786340706916,Sayedabad_Terminal,Mohakhali_Terminal,routed
CS-56,Sayedabad_Terminal_Site_2,CS-19,Badda_Pragati_Sarani_Site_1,10847.5,354.404933525487,376.98291121128,Sayedabad_Terminal,Badda_Pragati_Sarani,routed
CS-56,Sayedabad_Terminal_Site_2,CS-20,Badda_Pragati_Sarani_Site_2,10847.5,354.404933525487,376.20287746857207,Sayedabad_Terminal,Badda_Pragati_Sarani,routed
CS-56,Sayedabad_Terminal_Site_2,CS-21,Hatirjheel_North_Site_1,9030.4,354.404933525487,468.4064864979258,Sayedabad_Terminal,Hatirjheel_North,routed
CS-56,Sayedabad_Terminal_Site_2,CS-22,Hatirjheel_North_Site_2,9030.4,354.404933525487,310.06191853650404,Sayedabad_Terminal,Hatirjheel_North,routed
CS-56,Sayedabad_Terminal_Site_2,CS-23,Tejgaon_Industrial_Site_1,7543.5,354.404933525487,90.16608967047486,Sayedabad_Terminal,Tejgaon_Industrial,routed
CS-56,Sayedabad_Terminal_Site_2,CS-24,Tejgaon_Industrial_Site_2,7543.5,354.404933525487,557.8967176144448,Sayedabad_Terminal,Tejgaon_Industrial,routed
CS-56,Sayedabad_Terminal_Site_2,CS-25,Kawran_Bazar_CBD_Site_1,8740.1,354.404933525487,369.97026595080973,Sayedabad_Terminal,Kawran_Bazar_CBD,routed
CS-56,Sayedabad_Terminal_Site_2,CS-26,Kawran_Bazar_CBD_Site_2,8740.1,354.404933525487,491.0807189387636,Sayedabad_Terminal,Kawran_Bazar_CBD,routed
CS-56,Sayedabad_Terminal_Site_2,CS-27,Farmgate_Hub_Site_1,6459.7,354.404933525487,456.4519527664829,Sayedabad_Terminal,Farmgate_Hub,routed
CS-56,Sayedabad_Terminal_Site_2,CS-28,Farmgate_Hub_Site_2,6459.7,354.404933525487,537.7862263087482,Sayedabad_Terminal,Farmgate_Hub,routed
CS-56,Sayedabad_Terminal_Site_2,CS-29,Dhanmondi_27_Site_1,7912.9,354.404933525487,120.8257549786046,Sayedabad_Terminal,Dhanmondi_27,routed
CS-56,Sayedabad_Terminal_Site_2,CS-30,Dhanmondi_27_Site_2,7912.9,354.404933525487,475.39463107740454,Sayedabad_Terminal,Dhanmondi_27,routed
CS-56,Sayedabad_Terminal_Site_2,CS-31,Dhanmondi_8A_Site_1,8569.0,354.404933525487,616.0715403667175,Sayedabad_Terminal,Dhanmondi_8A,routed
CS-56,Sayedabad_Terminal_Site_2,CS-32,Dhanmondi_8A_Site_2,8569.0,354.404933525487,411.70228464318944,Sayedabad_Terminal,Dhanmondi_8A,routed
CS-56,Sayedabad_Terminal_Site_2,CS-33,Shyamoli_Square_Site_1,10500.599999999999,354.404933525487,470.0130841296087,Sayedabad_Terminal,Shyamoli_Square,routed
CS-56,Sayedabad_Terminal_Site_2,CS-34,Shyamoli_Square_Site_2,10500.599999999999,354.404933525487,359.70204303201245,Sayedabad_Terminal,Shyamoli_Square,routed
CS-56,Sayedabad_Terminal_Site_2,CS-35,Mohammadpur_Townhall_Site_1,10513.5,354.404933525487,369.96641661393016,Sayedabad_Terminal,Mohammadpur_Townhall,routed
CS-56,Sayedabad_Terminal_Site_2,CS-36,Mohammadpur_Townhall_Site_2,10513.5,354.404933525487,532.4040986980325,Sayedabad_Terminal,Mohammadpur_Townhall,routed
CS-56,Sayedabad_Terminal_Site_2,CS-37,Mirpur_1_Site_1,13178.399999999998,354.404933525487,443.88921478801524,Sayedabad_Terminal,Mirpur_1,routed
CS-56,Sayedabad_Terminal_Site_2,CS-38,Mirpur_1_Site_2,13178.399999999998,354.404933525487,158.3147182012352,Sayedabad_Terminal,Mirpur_1,routed
CS-56,Sayedabad_Terminal_Site_2,CS-39,Mirpur_10_Circle_Site_1,14203.6,354.404933525487,88.58928452209923,Sayedabad_Terminal,Mirpur_10_Circle,routed
CS-56,Sayedabad_Terminal_Site_2,CS-40,Mirpur_10_Circle_Site_2,14203.6,354.404933525487,549.4653263343647,Sayedabad_Terminal,Mirpur_10_Circle,routed
CS-56,Sayedabad_Terminal_Site_2,CS-41,Mirpur_12_Site_1,16152.4,354.404933525487,536.4117389493025,Sayedabad_Terminal,Mirpur_12,routed
CS-56,Sayedabad_Terminal_Site_2,CS-42,Mirpur_12_Site_2,16152.4,354.404933525487,470.6049314333112,Sayedabad_Terminal,Mirpur_12,routed
CS-56,Sayedabad_Terminal_Site_2,CS-43,Gabtoli_Terminal_Site_1,12754.899999999998,354.404933525487,419.1719209303812,Sayedabad_Terminal,Gabtoli_Terminal,routed
CS-56,Sayedabad_Terminal_Site_2,CS-44,Gabtoli_Terminal_Site_2,12754.899999999998,354.404933525487,263.02616062219164,Sayedabad_Terminal,Gabtoli_Terminal,routed
CS-56,Sayedabad_Terminal_Site_2,CS-45,Shahbagh_Square_Site_1,4237.0,354.404933525487,620.452455049284,Sayedabad_Terminal,Shahbagh_Square,routed
CS-56,Sayedabad_Terminal_Site_2,CS-46,Shahbagh_Square_Site_2,4237.0,354.404933525487,149.4116807350283,Sayedabad_Terminal,Shahbagh_Square,routed
CS-56,Sayedabad_Terminal_Site_2,CS-47,Motijheel_CBD_Site_1,1896.0,354.404933525487,154.02022873663583,Sayedabad_Terminal,Motijheel_CBD,routed
CS-56,Sayedabad_Terminal_Site_2,CS-48,Motijheel_CBD_Site_2,1896.0,354.404933525487,523.372989683262,Sayedabad_Terminal,Motijheel_CBD,routed
CS-56,Sayedabad_Terminal_Site_2,CS-49,Kamalapur_Railway_Site_1,2588.9,354.404933525487,268.36694973094154,Sayedabad_Terminal,Kamalapur_Railway,routed
CS-56,Sayedabad_Terminal_Site_2,CS-50,Kamalapur_Railway_Site_2,2588.9,354.404933525487,183.61956766698643,Sayedabad_Terminal,Kamalapur_Railway,routed
CS-56,Sayedabad_Terminal_Site_2,CS-51,Old_Dhaka_Lalbagh_Site_1,7860.4,354.404933525487,545.5895924795998,Sayedabad_Terminal,Old_Dhaka_Lalbagh,routed
CS-56,Sayedabad_Terminal_Site_2,CS-52,Old_Dhaka_Lalbagh_Site_2,7860.4,354.404933525487,209.0234518928121,Sayedabad_Terminal,Old_Dhaka_Lalbagh,routed
CS-56,Sayedabad_Terminal_Site_2,CS-53,Old_Dhaka_Sadarghat_Site_1,5132.8,354.404933525487,232.38025140077238,Sayedabad_Terminal,Old_Dhaka_Sadarghat,routed
CS-56,Sayedabad_Terminal_Site_2,CS-54,Old_Dhaka_Sadarghat_Site_2,5132.8,354.404933525487,465.183542888821,Sayedabad_Terminal,Old_Dhaka_Sadarghat,routed
CS-56,Sayedabad_Terminal_Site_2,CS-55,Sayedabad_Terminal_Site_1,0.0,354.404933525487,475.68383234599094,Sayedabad_Terminal,Sayedabad_Terminal,same_road_node
CS-56,Sayedabad_Terminal_Site_2,CS-57,Jatrabari_Flyover_Hub_Site_1,1090.4,354.404933525487,358.58247775190324,Sayedabad_Terminal,Jatrabari_Flyover_Hub,routed
CS-56,Sayedabad_Terminal_Site_2,CS-58,Jatrabari_Flyover_Hub_Site_2,1090.4,354.404933525487,310.18785958369136,Sayedabad_Terminal,Jatrabari_Flyover_Hub,routed
CS-57,Jatrabari_Flyover_Hub_Site_1,CS-01,Airport_Hub_Site_1,17918.9,358.58247775190324,387.56933574644125,Jatrabari_Flyover_Hub,Airport_Hub,routed
CS-57,Jatrabari_Flyover_Hub_Site_1,CS-02,Airport_Hub_Site_2,17918.9,358.58247775190324,506.34780845964383,Jatrabari_Flyover_Hub,Airport_Hub,routed
CS-57,Jatrabari_Flyover_Hub_Site_1,CS-03,Uttara_Sec3_Site_1,20712.600000000002,358.58247775190324,443.31187101564313,Jatrabari_Flyover_Hub,Uttara_Sec3,routed
CS-57,Jatrabari_Flyover_Hub_Site_1,CS-04,Uttara_Sec3_Site_2,20712.600000000002,358.58247775190324,131.83159473220599,Jatrabari_Flyover_Hub,Uttara_Sec3,routed
CS-57,Jatrabari_Flyover_Hub_Site_1,CS-05,Uttara_Sec11_Site_1,21817.300000000003,358.58247775190324,521.1013425864372,Jatrabari_Flyover_Hub,Uttara_Sec11,routed
CS-57,Jatrabari_Flyover_Hub_Site_1,CS-06,Uttara_Sec11_Site_2,21817.300000000003,358.58247775190324,444.3265930489434,Jatrabari_Flyover_Hub,Uttara_Sec11,routed
CS-57,Jatrabari_Flyover_Hub_Site_1,CS-07,Purbachal_300ft_Site_1,23993.800000000003,358.58247775190324,491.45821785549737,Jatrabari_Flyover_Hub,Purbachal_300ft,routed
CS-57,Jatrabari_Flyover_Hub_Site_1,CS-08,Purbachal_300ft_Site_2,23993.800000000003,358.58247775190324,486.0039816801295,Jatrabari_Flyover_Hub,Purbachal_300ft,routed
CS-57,Jatrabari_Flyover_Hub_Site_1,CS-09,Baridhara_Diplomatic_Site_1,14606.1,358.58247775190324,480.90203532465125,Jatrabari_Flyover_Hub,Baridhara_Diplomatic,routed
CS-57,Jatrabari_Flyover_Hub_Site_1,CS-10,Baridhara_Diplomatic_Site_2,14606.1,358.58247775190324,542.4794717225486,Jatrabari_Flyover_Hub,Baridhara_Diplomatic,routed
CS-57,Jatrabari_Flyover_Hub_Site_1,CS-11,Gulshan_2_Site_1,13660.0,358.58247775190324,492.9831332681502,Jatrabari_Flyover_Hub,Gulshan_2,routed
CS-57,Jatrabari_Flyover_Hub_Site_1,CS-12,Gulshan_2_Site_2,13660.0,358.58247775190324,259.1007612239219,Jatrabari_Flyover_Hub,Gulshan_2,routed
CS-57,Jatrabari_Flyover_Hub_Site_1,CS-13,Gulshan_1_Site_1,12259.3,358.58247775190324,557.8902441687196,Jatrabari_Flyover_Hub,Gulshan_1,routed
CS-57,Jatrabari_Flyover_Hub_Site_1,CS-14,Gulshan_1_Site_2,11937.9,358.58247775190324,425.1394136672309,Jatrabari_Flyover_Hub,Badda_Pragati_Sarani,routed
CS-57,Jatrabari_Flyover_Hub_Site_1,CS-15,Banani_11_Site_1,14765.6,358.58247775190324,641.5582961789066,Jatrabari_Flyover_Hub,Banani_11,routed
CS-57,Jatrabari_Flyover_Hub_Site_1,CS-16,Banani_11_Site_2,14765.6,358.58247775190324,487.73455572103404,Jatrabari_Flyover_Hub,Banani_11,routed
CS-57,Jatrabari_Flyover_Hub_Site_1,CS-17,Mohakhali_Terminal_Site_1,10668.0,358.58247775190324,274.0141386731775,Jatrabari_Flyover_Hub,Mohakhali_Terminal,routed
CS-57,Jatrabari_Flyover_Hub_Site_1,CS-18,Mohakhali_Terminal_Site_2,10668.0,358.58247775190324,667.4786340706916,Jatrabari_Flyover_Hub,Mohakhali_Terminal,routed
CS-57,Jatrabari_Flyover_Hub_Site_1,CS-19,Badda_Pragati_Sarani_Site_1,11937.9,358.58247775190324,376.98291121128,Jatrabari_Flyover_Hub,Badda_Pragati_Sarani,routed
CS-57,Jatrabari_Flyover_Hub_Site_1,CS-20,Badda_Pragati_Sarani_Site_2,11937.9,358.58247775190324,376.20287746857207,Jatrabari_Flyover_Hub,Badda_Pragati_Sarani,routed
CS-57,Jatrabari_Flyover_Hub_Site_1,CS-21,Hatirjheel_North_Site_1,10120.8,358.58247775190324,468.4064864979258,Jatrabari_Flyover_Hub,Hatirjheel_North,routed
CS-57,Jatrabari_Flyover_Hub_Site_1,CS-22,Hatirjheel_North_Site_2,10120.8,358.58247775190324,310.06191853650404,Jatrabari_Flyover_Hub,Hatirjheel_North,routed
CS-57,Jatrabari_Flyover_Hub_Site_1,CS-23,Tejgaon_Industrial_Site_1,8633.9,358.58247775190324,90.16608967047486,Jatrabari_Flyover_Hub,Tejgaon_Industrial,routed
CS-57,Jatrabari_Flyover_Hub_Site_1,CS-24,Tejgaon_Industrial_Site_2,8633.9,358.58247775190324,557.8967176144448,Jatrabari_Flyover_Hub,Tejgaon_Industrial,routed
CS-57,Jatrabari_Flyover_Hub_Site_1,CS-25,Kawran_Bazar_CBD_Site_1,9830.5,358.58247775190324,369.97026595080973,Jatrabari_Flyover_Hub,Kawran_Bazar_CBD,routed
CS-57,Jatrabari_Flyover_Hub_Site_1,CS-26,Kawran_Bazar_CBD_Site_2,9830.5,358.58247775190324,491.0807189387636,Jatrabari_Flyover_Hub,Kawran_Bazar_CBD,routed
CS-57,Jatrabari_Flyover_Hub_Site_1,CS-27,Farmgate_Hub_Site_1,7550.099999999999,358.58247775190324,456.4519527664829,Jatrabari_Flyover_Hub,Farmgate_Hub,routed
CS-57,Jatrabari_Flyover_Hub_Site_1,CS-28,Farmgate_Hub_Site_2,7550.099999999999,358.58247775190324,537.7862263087482,Jatrabari_Flyover_Hub,Farmgate_Hub,routed
CS-57,Jatrabari_Flyover_Hub_Site_1,CS-29,Dhanmondi_27_Site_1,9003.3,358.58247775190324,120.8257549786046,Jatrabari_Flyover_Hub,Dhanmondi_27,routed
CS-57,Jatrabari_Flyover_Hub_Site_1,CS-30,Dhanmondi_27_Site_2,9003.3,358.58247775190324,475.39463107740454,Jatrabari_Flyover_Hub,Dhanmondi_27,routed
CS-57,Jatrabari_Flyover_Hub_Site_1,CS-31,Dhanmondi_8A_Site_1,9659.4,358.58247775190324,616.0715403667175,Jatrabari_Flyover_Hub,Dhanmondi_8A,routed
CS-57,Jatrabari_Flyover_Hub_Site_1,CS-32,Dhanmondi_8A_Site_2,9659.4,358.58247775190324,411.70228464318944,Jatrabari_Flyover_Hub,Dhanmondi_8A,routed
CS-57,Jatrabari_Flyover_Hub_Site_1,CS-33,Shyamoli_Square_Site_1,11591.0,358.58247775190324,470.0130841296087,Jatrabari_Flyover_Hub,Shyamoli_Square,routed
CS-57,Jatrabari_Flyover_Hub_Site_1,CS-34,Shyamoli_Square_Site_2,11591.0,358.58247775190324,359.70204303201245,Jatrabari_Flyover_Hub,Shyamoli_Square,routed
CS-57,Jatrabari_Flyover_Hub_Site_1,CS-35,Mohammadpur_Townhall_Site_1,11603.9,358.58247775190324,369.96641661393016,Jatrabari_Flyover_Hub,Mohammadpur_Townhall,routed
CS-57,Jatrabari_Flyover_Hub_Site_1,CS-36,Mohammadpur_Townhall_Site_2,11603.9,358.58247775190324,532.4040986980325,Jatrabari_Flyover_Hub,Mohammadpur_Townhall,routed
CS-57,Jatrabari_Flyover_Hub_Site_1,CS-37,Mirpur_1_Site_1,14268.8,358.58247775190324,443.88921478801524,Jatrabari_Flyover_Hub,Mirpur_1,routed
CS-57,Jatrabari_Flyover_Hub_Site_1,CS-38,Mirpur_1_Site_2,14268.8,358.58247775190324,158.3147182012352,Jatrabari_Flyover_Hub,Mirpur_1,routed
CS-57,Jatrabari_Flyover_Hub_Site_1,CS-39,Mirpur_10_Circle_Site_1,15294.0,358.58247775190324,88.58928452209923,Jatrabari_Flyover_Hub,Mirpur_10_Circle,routed
CS-57,Jatrabari_Flyover_Hub_Site_1,CS-40,Mirpur_10_Circle_Site_2,15294.0,358.58247775190324,549.4653263343647,Jatrabari_Flyover_Hub,Mirpur_10_Circle,routed
CS-57,Jatrabari_Flyover_Hub_Site_1,CS-41,Mirpur_12_Site_1,17242.8,358.58247775190324,536.4117389493025,Jatrabari_Flyover_Hub,Mirpur_12,routed
CS-57,Jatrabari_Flyover_Hub_Site_1,CS-42,Mirpur_12_Site_2,17242.8,358.58247775190324,470.6049314333112,Jatrabari_Flyover_Hub,Mirpur_12,routed
CS-57,Jatrabari_Flyover_Hub_Site_1,CS-43,Gabtoli_Terminal_Site_1,13845.3,358.58247775190324,419.1719209303812,Jatrabari_Flyover_Hub,Gabtoli_Terminal,routed
CS-57,Jatrabari_Flyover_Hub_Site_1,CS-44,Gabtoli_Terminal_Site_2,13845.3,358.58247775190324,263.02616062219164,Jatrabari_Flyover_Hub,Gabtoli_Terminal,routed
CS-57,Jatrabari_Flyover_Hub_Site_1,CS-45,Shahbagh_Square_Site_1,5327.4,358.58247775190324,620.452455049284,Jatrabari_Flyover_Hub,Shahbagh_Square,routed
CS-57,Jatrabari_Flyover_Hub_Site_1,CS-46,Shahbagh_Square_Site_2,5327.4,358.58247775190324,149.4116807350283,Jatrabari_Flyover_Hub,Shahbagh_Square,routed
CS-57,Jatrabari_Flyover_Hub_Site_1,CS-47,Motijheel_CBD_Site_1,2986.4,358.58247775190324,154.02022873663583,Jatrabari_Flyover_Hub,Motijheel_CBD,routed
CS-57,Jatrabari_Flyover_Hub_Site_1,CS-48,Motijheel_CBD_Site_2,2986.4,358.58247775190324,523.372989683262,Jatrabari_Flyover_Hub,Motijheel_CBD,routed
CS-57,Jatrabari_Flyover_Hub_Site_1,CS-49,Kamalapur_Railway_Site_1,3679.3,358.58247775190324,268.36694973094154,Jatrabari_Flyover_Hub,Kamalapur_Railway,routed
CS-57,Jatrabari_Flyover_Hub_Site_1,CS-50,Kamalapur_Railway_Site_2,3679.3,358.58247775190324,183.61956766698643,Jatrabari_Flyover_Hub,Kamalapur_Railway,routed
CS-57,Jatrabari_Flyover_Hub_Site_1,CS-51,Old_Dhaka_Lalbagh_Site_1,8950.800000000001,358.58247775190324,545.5895924795998,Jatrabari_Flyover_Hub,Old_Dhaka_Lalbagh,routed
CS-57,Jatrabari_Flyover_Hub_Site_1,CS-52,Old_Dhaka_Lalbagh_Site_2,8950.800000000001,358.58247775190324,209.0234518928121,Jatrabari_Flyover_Hub,Old_Dhaka_Lalbagh,routed
CS-57,Jatrabari_Flyover_Hub_Site_1,CS-53,Old_Dhaka_Sadarghat_Site_1,6223.200000000001,358.58247775190324,232.38025140077238,Jatrabari_Flyover_Hub,Old_Dhaka_Sadarghat,routed
CS-57,Jatrabari_Flyover_Hub_Site_1,CS-54,Old_Dhaka_Sadarghat_Site_2,6223.200000000001,358.58247775190324,465.183542888821,Jatrabari_Flyover_Hub,Old_Dhaka_Sadarghat,routed
CS-57,Jatrabari_Flyover_Hub_Site_1,CS-55,Sayedabad_Terminal_Site_1,1090.4,358.58247775190324,475.68383234599094,Jatrabari_Flyover_Hub,Sayedabad_Terminal,routed
CS-57,Jatrabari_Flyover_Hub_Site_1,CS-56,Sayedabad_Terminal_Site_2,1090.4,358.58247775190324,354.404933525487,Jatrabari_Flyover_Hub,Sayedabad_Terminal,routed
CS-57,Jatrabari_Flyover_Hub_Site_1,CS-58,Jatrabari_Flyover_Hub_Site_2,0.0,358.58247775190324,310.18785958369136,Jatrabari_Flyover_Hub,Jatrabari_Flyover_Hub,same_road_node
CS-58,Jatrabari_Flyover_Hub_Site_2,CS-01,Airport_Hub_Site_1,17918.9,310.18785958369136,387.56933574644125,Jatrabari_Flyover_Hub,Airport_Hub,routed
CS-58,Jatrabari_Flyover_Hub_Site_2,CS-02,Airport_Hub_Site_2,17918.9,310.18785958369136,506.34780845964383,Jatrabari_Flyover_Hub,Airport_Hub,routed
CS-58,Jatrabari_Flyover_Hub_Site_2,CS-03,Uttara_Sec3_Site_1,20712.600000000002,310.18785958369136,443.31187101564313,Jatrabari_Flyover_Hub,Uttara_Sec3,routed
CS-58,Jatrabari_Flyover_Hub_Site_2,CS-04,Uttara_Sec3_Site_2,20712.600000000002,310.18785958369136,131.83159473220599,Jatrabari_Flyover_Hub,Uttara_Sec3,routed
CS-58,Jatrabari_Flyover_Hub_Site_2,CS-05,Uttara_Sec11_Site_1,21817.300000000003,310.18785958369136,521.1013425864372,Jatrabari_Flyover_Hub,Uttara_Sec11,routed
CS-58,Jatrabari_Flyover_Hub_Site_2,CS-06,Uttara_Sec11_Site_2,21817.300000000003,310.18785958369136,444.3265930489434,Jatrabari_Flyover_Hub,Uttara_Sec11,routed
CS-58,Jatrabari_Flyover_Hub_Site_2,CS-07,Purbachal_300ft_Site_1,23993.800000000003,310.18785958369136,491.45821785549737,Jatrabari_Flyover_Hub,Purbachal_300ft,routed
CS-58,Jatrabari_Flyover_Hub_Site_2,CS-08,Purbachal_300ft_Site_2,23993.800000000003,310.18785958369136,486.0039816801295,Jatrabari_Flyover_Hub,Purbachal_300ft,routed
CS-58,Jatrabari_Flyover_Hub_Site_2,CS-09,Baridhara_Diplomatic_Site_1,14606.1,310.18785958369136,480.90203532465125,Jatrabari_Flyover_Hub,Baridhara_Diplomatic,routed
CS-58,Jatrabari_Flyover_Hub_Site_2,CS-10,Baridhara_Diplomatic_Site_2,14606.1,310.18785958369136,542.4794717225486,Jatrabari_Flyover_Hub,Baridhara_Diplomatic,routed
CS-58,Jatrabari_Flyover_Hub_Site_2,CS-11,Gulshan_2_Site_1,13660.0,310.18785958369136,492.9831332681502,Jatrabari_Flyover_Hub,Gulshan_2,routed
CS-58,Jatrabari_Flyover_Hub_Site_2,CS-12,Gulshan_2_Site_2,13660.0,310.18785958369136,259.1007612239219,Jatrabari_Flyover_Hub,Gulshan_2,routed
CS-58,Jatrabari_Flyover_Hub_Site_2,CS-13,Gulshan_1_Site_1,12259.3,310.18785958369136,557.8902441687196,Jatrabari_Flyover_Hub,Gulshan_1,routed
CS-58,Jatrabari_Flyover_Hub_Site_2,CS-14,Gulshan_1_Site_2,11937.9,310.18785958369136,425.1394136672309,Jatrabari_Flyover_Hub,Badda_Pragati_Sarani,routed
CS-58,Jatrabari_Flyover_Hub_Site_2,CS-15,Banani_11_Site_1,14765.6,310.18785958369136,641.5582961789066,Jatrabari_Flyover_Hub,Banani_11,routed
CS-58,Jatrabari_Flyover_Hub_Site_2,CS-16,Banani_11_Site_2,14765.6,310.18785958369136,487.73455572103404,Jatrabari_Flyover_Hub,Banani_11,routed
CS-58,Jatrabari_Flyover_Hub_Site_2,CS-17,Mohakhali_Terminal_Site_1,10668.0,310.18785958369136,274.0141386731775,Jatrabari_Flyover_Hub,Mohakhali_Terminal,routed
CS-58,Jatrabari_Flyover_Hub_Site_2,CS-18,Mohakhali_Terminal_Site_2,10668.0,310.18785958369136,667.4786340706916,Jatrabari_Flyover_Hub,Mohakhali_Terminal,routed
CS-58,Jatrabari_Flyover_Hub_Site_2,CS-19,Badda_Pragati_Sarani_Site_1,11937.9,310.18785958369136,376.98291121128,Jatrabari_Flyover_Hub,Badda_Pragati_Sarani,routed
CS-58,Jatrabari_Flyover_Hub_Site_2,CS-20,Badda_Pragati_Sarani_Site_2,11937.9,310.18785958369136,376.20287746857207,Jatrabari_Flyover_Hub,Badda_Pragati_Sarani,routed
CS-58,Jatrabari_Flyover_Hub_Site_2,CS-21,Hatirjheel_North_Site_1,10120.8,310.18785958369136,468.4064864979258,Jatrabari_Flyover_Hub,Hatirjheel_North,routed
CS-58,Jatrabari_Flyover_Hub_Site_2,CS-22,Hatirjheel_North_Site_2,10120.8,310.18785958369136,310.06191853650404,Jatrabari_Flyover_Hub,Hatirjheel_North,routed
CS-58,Jatrabari_Flyover_Hub_Site_2,CS-23,Tejgaon_Industrial_Site_1,8633.9,310.18785958369136,90.16608967047486,Jatrabari_Flyover_Hub,Tejgaon_Industrial,routed
CS-58,Jatrabari_Flyover_Hub_Site_2,CS-24,Tejgaon_Industrial_Site_2,8633.9,310.18785958369136,557.8967176144448,Jatrabari_Flyover_Hub,Tejgaon_Industrial,routed
CS-58,Jatrabari_Flyover_Hub_Site_2,CS-25,Kawran_Bazar_CBD_Site_1,9830.5,310.18785958369136,369.97026595080973,Jatrabari_Flyover_Hub,Kawran_Bazar_CBD,routed
CS-58,Jatrabari_Flyover_Hub_Site_2,CS-26,Kawran_Bazar_CBD_Site_2,9830.5,310.18785958369136,491.0807189387636,Jatrabari_Flyover_Hub,Kawran_Bazar_CBD,routed
CS-58,Jatrabari_Flyover_Hub_Site_2,CS-27,Farmgate_Hub_Site_1,7550.099999999999,310.18785958369136,456.4519527664829,Jatrabari_Flyover_Hub,Farmgate_Hub,routed
CS-58,Jatrabari_Flyover_Hub_Site_2,CS-28,Farmgate_Hub_Site_2,7550.099999999999,310.18785958369136,537.7862263087482,Jatrabari_Flyover_Hub,Farmgate_Hub,routed
CS-58,Jatrabari_Flyover_Hub_Site_2,CS-29,Dhanmondi_27_Site_1,9003.3,310.18785958369136,120.8257549786046,Jatrabari_Flyover_Hub,Dhanmondi_27,routed
CS-58,Jatrabari_Flyover_Hub_Site_2,CS-30,Dhanmondi_27_Site_2,9003.3,310.18785958369136,475.39463107740454,Jatrabari_Flyover_Hub,Dhanmondi_27,routed
CS-58,Jatrabari_Flyover_Hub_Site_2,CS-31,Dhanmondi_8A_Site_1,9659.4,310.18785958369136,616.0715403667175,Jatrabari_Flyover_Hub,Dhanmondi_8A,routed
CS-58,Jatrabari_Flyover_Hub_Site_2,CS-32,Dhanmondi_8A_Site_2,9659.4,310.18785958369136,411.70228464318944,Jatrabari_Flyover_Hub,Dhanmondi_8A,routed
CS-58,Jatrabari_Flyover_Hub_Site_2,CS-33,Shyamoli_Square_Site_1,11591.0,310.18785958369136,470.0130841296087,Jatrabari_Flyover_Hub,Shyamoli_Square,routed
CS-58,Jatrabari_Flyover_Hub_Site_2,CS-34,Shyamoli_Square_Site_2,11591.0,310.18785958369136,359.70204303201245,Jatrabari_Flyover_Hub,Shyamoli_Square,routed
CS-58,Jatrabari_Flyover_Hub_Site_2,CS-35,Mohammadpur_Townhall_Site_1,11603.9,310.18785958369136,369.96641661393016,Jatrabari_Flyover_Hub,Mohammadpur_Townhall,routed
CS-58,Jatrabari_Flyover_Hub_Site_2,CS-36,Mohammadpur_Townhall_Site_2,11603.9,310.18785958369136,532.4040986980325,Jatrabari_Flyover_Hub,Mohammadpur_Townhall,routed
CS-58,Jatrabari_Flyover_Hub_Site_2,CS-37,Mirpur_1_Site_1,14268.8,310.18785958369136,443.88921478801524,Jatrabari_Flyover_Hub,Mirpur_1,routed
CS-58,Jatrabari_Flyover_Hub_Site_2,CS-38,Mirpur_1_Site_2,14268.8,310.18785958369136,158.3147182012352,Jatrabari_Flyover_Hub,Mirpur_1,routed
CS-58,Jatrabari_Flyover_Hub_Site_2,CS-39,Mirpur_10_Circle_Site_1,15294.0,310.18785958369136,88.58928452209923,Jatrabari_Flyover_Hub,Mirpur_10_Circle,routed
CS-58,Jatrabari_Flyover_Hub_Site_2,CS-40,Mirpur_10_Circle_Site_2,15294.0,310.18785958369136,549.4653263343647,Jatrabari_Flyover_Hub,Mirpur_10_Circle,routed
CS-58,Jatrabari_Flyover_Hub_Site_2,CS-41,Mirpur_12_Site_1,17242.8,310.18785958369136,536.4117389493025,Jatrabari_Flyover_Hub,Mirpur_12,routed
CS-58,Jatrabari_Flyover_Hub_Site_2,CS-42,Mirpur_12_Site_2,17242.8,310.18785958369136,470.6049314333112,Jatrabari_Flyover_Hub,Mirpur_12,routed
CS-58,Jatrabari_Flyover_Hub_Site_2,CS-43,Gabtoli_Terminal_Site_1,13845.3,310.18785958369136,419.1719209303812,Jatrabari_Flyover_Hub,Gabtoli_Terminal,routed
CS-58,Jatrabari_Flyover_Hub_Site_2,CS-44,Gabtoli_Terminal_Site_2,13845.3,310.18785958369136,263.02616062219164,Jatrabari_Flyover_Hub,Gabtoli_Terminal,routed
CS-58,Jatrabari_Flyover_Hub_Site_2,CS-45,Shahbagh_Square_Site_1,5327.4,310.18785958369136,620.452455049284,Jatrabari_Flyover_Hub,Shahbagh_Square,routed
CS-58,Jatrabari_Flyover_Hub_Site_2,CS-46,Shahbagh_Square_Site_2,5327.4,310.18785958369136,149.4116807350283,Jatrabari_Flyover_Hub,Shahbagh_Square,routed
CS-58,Jatrabari_Flyover_Hub_Site_2,CS-47,Motijheel_CBD_Site_1,2986.4,310.18785958369136,154.02022873663583,Jatrabari_Flyover_Hub,Motijheel_CBD,routed
CS-58,Jatrabari_Flyover_Hub_Site_2,CS-48,Motijheel_CBD_Site_2,2986.4,310.18785958369136,523.372989683262,Jatrabari_Flyover_Hub,Motijheel_CBD,routed
CS-58,Jatrabari_Flyover_Hub_Site_2,CS-49,Kamalapur_Railway_Site_1,3679.3,310.18785958369136,268.36694973094154,Jatrabari_Flyover_Hub,Kamalapur_Railway,routed
CS-58,Jatrabari_Flyover_Hub_Site_2,CS-50,Kamalapur_Railway_Site_2,3679.3,310.18785958369136,183.61956766698643,Jatrabari_Flyover_Hub,Kamalapur_Railway,routed
CS-58,Jatrabari_Flyover_Hub_Site_2,CS-51,Old_Dhaka_Lalbagh_Site_1,8950.800000000001,310.18785958369136,545.5895924795998,Jatrabari_Flyover_Hub,Old_Dhaka_Lalbagh,routed
CS-58,Jatrabari_Flyover_Hub_Site_2,CS-52,Old_Dhaka_Lalbagh_Site_2,8950.800000000001,310.18785958369136,209.0234518928121,Jatrabari_Flyover_Hub,Old_Dhaka_Lalbagh,routed
CS-58,Jatrabari_Flyover_Hub_Site_2,CS-53,Old_Dhaka_Sadarghat_Site_1,6223.200000000001,310.18785958369136,232.38025140077238,Jatrabari_Flyover_Hub,Old_Dhaka_Sadarghat,routed
CS-58,Jatrabari_Flyover_Hub_Site_2,CS-54,Old_Dhaka_Sadarghat_Site_2,6223.200000000001,310.18785958369136,465.183542888821,Jatrabari_Flyover_Hub,Old_Dhaka_Sadarghat,routed
CS-58,Jatrabari_Flyover_Hub_Site_2,CS-55,Sayedabad_Terminal_Site_1,1090.4,310.18785958369136,475.68383234599094,Jatrabari_Flyover_Hub,Sayedabad_Terminal,routed
CS-58,Jatrabari_Flyover_Hub_Site_2,CS-56,Sayedabad_Terminal_Site_2,1090.4,310.18785958369136,354.404933525487,Jatrabari_Flyover_Hub,Sayedabad_Terminal,routed
CS-58,Jatrabari_Flyover_Hub_Site_2,CS-57,Jatrabari_Flyover_Hub_Site_1,0.0,310.18785958369136,358.58247775190324,Jatrabari_Flyover_Hub,Jatrabari_Flyover_Hub,same_road_node
